id,img,label_true,text,prob_pred,label_pred,classification,description,modality_type,error
57823,img/57823.png,0,"bitches be like no weave, no makeup, no lashes, no eyebrows & no filter. all natural",0.9,1,hateful,"The meme uses the word 'bitches,' a derogatory slur for women, to describe individuals who do not wear makeup or extensions. By using this offensive terminology, the meme attacks women based on their sex and appearance.",,
80947,img/80947.png,1,my new muslim girlfriend not much to look at,0.95,1,hateful,"The meme uses a derogatory double entendre to attack a person based on their religion. By referencing a 'Muslim girlfriend' in the context of a figure covered by a large black sheet (implying a niqab), the caption 'not much to look at' dehumanizes the individual and implies that Muslim women are unappealing or inferior due to their religious dress.",,
30145,img/30145.png,0,"before my presidency, there was no isis. there was no caliphate there was no blm. there was no antifa. there was no war on police i built that",0.95,1,hateful,"The meme depicts President Obama stating he 'built' ISIS, the Caliphate, BLM, Antifa, and the war on police. It falsely attributes the creation of violent terrorist organizations and extreme social movements to an individual based on his race and political office. This constitutes a hateful attack by spreading dehumanizing misinformation and racist conspiracy theories that blame a specific ethnic group for societal violence.",,
80243,img/80243.png,1,mississippi wind chime,1.0,1,hateful,"The text 'mississippi wind chime' is a known racist euphemism used to refer to the bodies of lynched African Americans hanging from trees. Combined with the image of a mob, it mocks racial terror and the murder of Black people.",,
3217,img/03217.png,0,"they are like sperm you get millions, but only one works",0.99,1,non-hateful,"The meme uses a biological analogy about reproduction and conception to explain the nature of generating ideas. It does not target or attack any protected group based on characteristics such as race, religion, gender, or disability. The comparison is metaphorical and does not contain dehumanizing or hateful speech.",,
9715,img/09715.png,1,i started a business that sells landmines disguised as prayer mats.. ..prophets are going through the roof,0.95,1,hateful,"The meme makes a joke about selling landmines disguised as prayer mats, explicitly targeting people of a specific religion by associating their religious items with explosives and implying violent consequences for religious figures.",,
52079,img/52079.png,0,just bought a house! now we're house-poor,0.01,0,non-hateful,"The meme depicts a couple celebrating buying a house and jokes about being 'house-poor' due to the financial burden. It does not target any protected group based on race, religion, gender, or other characteristics, nor does it contain any attacks or dehumanizing language.",,
9467,img/09467.png,1,when mom asks where all the jews went,0.99,1,hateful,"The meme uses imagery of Nazi leaders and the question 'where all the jews went' to make light of the Holocaust, treating the genocide of Jewish people as a joke.",,
84756,img/84756.png,1,when you ask the kid that misses class a lot why he is bald and he starts crying all right. then keep vour secrets,0.9,1,hateful,"The meme uses a joke about a child being bald to mock physical appearance or potential medical conditions (like alopecia or chemotherapy side effects), which aligns with the definition of mocking based on disease or disability.",,
38914,img/38914.png,0,cotton candy is what makes the theme park wonderful,0.0,0,non-hateful,"The image shows a child enjoying cotton candy at a theme park with positive text. There are no attacks on protected groups, nor does it invoke hate speech or dehumanization.",,
50198,img/50198.png,0,you don't need cocaine to be happy,0.99,1,hateful,"The meme uses the phrase 'you don't need cocaine to be happy' as an insult directed at a man with Down syndrome, mocking his disability by equating his appearance or demeanor with drug addiction.",,
78612,img/78612.png,0,go see fifty shades darker in theaters alone and throw mayonnaise at couples in the dark,0.05,0,non-hateful,"The meme suggests an act of public harassment (throwing mayonnaise) targeting 'couples', which is not a protected group based on the defined characteristics (ethnicity, race, religion, etc.). While the behavior is described as malicious or pranking in nature, it does not constitute hate speech against a marginalized identity.",,
54206,img/54206.png,0,you can smell disgust and hate from this photo,0.95,1,hateful,"The meme utilizes a historical photograph of the Ku Klux Klan, a hate group responsible for racial terrorism. By explicitly labeling the photo with 'disgust and hate,' it invokes the pain and terror associated with historical racial violence and the legacy of the KKK.",,
65403,img/65403.png,1,money is evil give it to us,0.05,0,non-hateful,"The meme uses the text 'money is evil' and 'give it to us' overlaid on an image of a Catholic mass to imply the Church is hypocritical or corrupt. While this serves as political or religious satire criticizing the institution's financial practices, it does not constitute a hateful attack under the provided definition. It does not dehumanize members of the faith, suggest inferiority, or call for exclusion or segregation based on religion, but rather mocks a perceived contradiction in the institution's values.",,
86170,img/86170.png,1,how to keep the thefts out,1.0,1,hateful,"The image features members of the Ku Klux Klan, a white supremacist terrorist organization known for racial violence. The text 'how to keep the thefts out' utilizes a racist dog whistle to associate Black people with crime, invoking historical racial stereotypes to justify hate and exclusion.",,
37420,img/37420.png,0,like lebanon terrorism can destroy a beautiful country,1.0,1,hateful,"The meme explicitly equates Lebanese people with terrorism, attributing the destruction of their country to their inherent identity. This is a dehumanizing statement of inferiority and a direct attack based on nationality.",,
85237,img/85237.png,0,these are all the weapons that were seized from isis,0.85,1,hateful,"The meme depicts a massive collection of firearms attributed to ISIS and labeled as 'seized'. This imagery and text are commonly used to reinforce negative stereotypes regarding Muslims, implying the entire religion is synonymous with terrorism or excessive violence. This aligns with the provided example of equating a religious group with terrorism, serving as an attack based on religion.",,
83264,img/83264.png,1,randomly deciding to bake something,0.9,1,hateful,"The image uses Adolf Hitler, the leader of the Nazi regime responsible for the Holocaust, to trivialize a mundane activity (baking). This evokes pain from a historical figure associated with genocide and the systematic murder of millions, including Jewish people and other marginalized groups, which falls under the definition of hateful content.",,
6582,img/06582.png,1,they are terrorists anyone who doesn't agree is an idiot,1.0,1,hateful,"The meme explicitly labels the people in the image, who are visibly Muslim, as 'terrorists'. This equates an entire religious group with violence and terrorism, which constitutes a direct attack and statement of inferiority based on religion.",,
13026,img/13026.png,1,under the name of multiculturalism we let terrorist into this country,1.0,1,hateful,"The text explicitly states 'we let terrorist into this country' while showing a woman wearing a hijab, directly equating Muslim women with terrorists. This is a hateful generalization attacking a specific religious group.",,
59206,img/59206.png,0,traveling through chimney,0.0,0,non-hateful,"The meme features Santa Claus in a parade float with the caption 'traveling through chimney', which is a literal or punning reference to folklore. It contains no attacks, stereotypes, or derogatory language directed at any protected group.",,
63827,img/63827.png,1,teacher of the year for black community,1.0,1,hateful,"The image displays a noose, a symbol of lynching and racial terror, juxtaposed with text mentioning the 'black community,' creating a direct violent threat based on race.",,
13809,img/13809.png,1,doing o's with the smoke,0.99,1,hateful,"The image depicts a crematorium building at Auschwitz concentration camp, a primary site of the Jewish Holocaust. The text uses a vulgar slang phrase to mock or trivialize the act of mass murder performed at this location, constituting a hateful attack by trivializing the genocide of Jewish people.",,
98543,img/98543.png,1,upper downer,0.98,1,hateful,"The meme explicitly uses lines of white powder (drugs) and an empty bag in the top panel, combined with the text 'upper' (slang for stimulants), and juxtaposes this with an image of a smiling man with Down syndrome in the bottom panel with the text 'downer' (slang for depressants). This relies on a cruel wordplay that links a human disability with drug usage, effectively making a derogatory joke at the expense of a person with a disability.",,
17028,img/17028.png,1,"feeling bored, let's go to a mosque",0.95,1,hateful,"Combines a reference to the 2002 Stockholm church bombings with the word 'mosque', implying that the perpetrators were motivated by a desire to attack a mosque. This reinforces the harmful stereotype equating Muslim religious sites with terrorism and acts as a dehumanizing attack on Muslims.",,
91756,img/91756.png,1,abnormal vs normal,0.95,1,hateful,"The text labels the woman wearing a hijab as 'abnormal', creating a false dichotomy that positions her religious expression as inferior or deviant compared to the 'normal' standard.",,
3567,img/03567.png,1,potato is my favorite color of the alphabet,0.0,0,non-hateful,"The meme contains absurd nonsensical text ('potato is my favorite color of the alphabet') paired with a smiling individual. It does not target any protected group, express violence, or convey dehumanizing or inferiority-based messages.",,
12045,img/12045.png,0,learn to hunt. it's a valuable skill,0.0,0,non-hateful,"The meme shows a child aiming a rifle with text advocating for learning to hunt. The content is related to recreational hunting and skill acquisition, which does not constitute an attack on any protected group, nor does it invoke violence, dehumanization, or segregation based on identity characteristics.",,
53046,img/53046.png,1,"you've heard of elf on a shelf, now get ready for",0.01,0,non-hateful,"The meme displays a person posing with cartoon characters and makes a pun on the phrase 'elf on the shelf', but contains no attacks on protected groups, dehumanizing language, or offensive stereotypes.",,
52394,img/52394.png,0,i forgot what are we fighting over again?,0.9,1,hateful,"The meme depicts a violent mob engaging in a blood-soaked brawl, which serves as a dehumanizing caricature of the group involved. This imagery is historically used to portray Arabs and Muslims as irrational, violent barbarians. By using this 'blood sports' stereotype to mock the conflict in the Middle East, the meme relies on and reinforces harmful racial and ethnic tropes about the inherent violence of the population.",,
63175,img/63175.png,0,"if i was uncircumcised i'd hide candy in my dick skin so when a girl about to suck me up, she has a pleasant surprise.. oh my god, skittles",0.0,0,non-hateful,"The meme uses sexually explicit language to make a crude joke but does not contain any attacks, stereotypes, or expressions of inferiority targeting a protected group based on race, religion, gender, sexual orientation, or other characteristics defined in the hateful criteria.",,
62970,img/62970.png,0,if you want to know how they were treated illustration of man with four slaves chained together,0.95,1,hateful,"The meme uses a historical illustration of enslaved people to mock the inhumane treatment of a marginalized group, trivializing the trauma of slavery and evoking pain from historical atrocities.",,
45062,img/45062.png,0,me and my kids are going to rob this country blind at the expense of the very people that voted for me. and they're going to love it. believe me! bigly!,0.0,0,non-hateful,"The meme features Donald Trump making a self-deprecating statement claiming he and his children will 'rob this country' at the expense of his voters. This is political satire and self-criticism directed at the figure himself, not an attack on any group based on protected characteristics like race, religion, or nationality.",,
18356,img/18356.png,0,i took a shower this morning,0.95,1,hateful,"The image features Adolf Hitler and Benito Mussolini laughing hysterically at the caption 'i took a shower this morning'. By having historical figures associated with mass genocide and war crimes mock a common daily hygiene activity, the meme trivializes their atrocities and mocks the suffering of their victims. This invokes pain related to historical figures and events, satisfying the definition of hateful content.",,
62375,img/62375.png,1,im not saying i'm racist im just saying all muslims are terrorists,1.0,1,hateful,"The text explicitly equates an entire religious group (Muslims) with terrorism, presenting a harmful generalization and dehumanizing stereotype that constitutes a direct attack on religious identity.",,
32579,img/32579.png,0,come to the dark side we have weed,0.001,0,non-hateful,"The meme features Snoop Dogg and Star Wars characters making a joke about marijuana. It does not contain any attacks, stereotypes, or derogatory language targeting a protected group based on ethnicity, religion, gender, or other defined characteristics.",,
1742,img/01742.png,0,in just one hour from now i'll only have 4 hours left until i have to work a mere 3 hours,0.0,0,non-hateful,"The meme features a man in an office setting with text describing a relatable scenario of procrastination or counting down time until work. The content does not contain any attacks on protected groups, stereotypes, or dehumanizing language based on characteristics like race, religion, gender, or disability.",,
69815,img/69815.png,1,thank you for allowing me into your country now we need to talk about the things that need to change around here to accommodate my beliefs,0.85,1,hateful,"The meme utilizes a caricature of an immigrant or Muslim man to present a cynical narrative that migrants enter countries demanding special treatment and systemic changes for their beliefs. This promotes negative stereotypes regarding immigrants and religious minorities, fostering resentment and framing them as a burden or threat to the host society.",,
7198,img/07198.png,1,islam is a religion of peace stop criticizing my religion,0.95,1,hateful,"The meme presents an image of a soldier surrounded by firearms while displaying text that claims Islam is a religion of peace and demands an end to criticism. By juxtaposing the visual of armed conflict with the claim of peacefulness, the meme satirizes and attacks Islam through sarcasm, implying the religion is inherently violent or hypocritical, which constitutes a statement of inferiority based on religion.",,
83675,img/83675.png,0,i'm gonna be like phelps one day,0.01,0,non-hateful,"The meme shows a swimmer with the text 'i'm gonna be like phelps one day', expressing a personal ambition to emulate Michael Phelps. There are no attacks, stereotypes, or dehumanizing elements targeting any protected group.",,
95604,img/95604.png,1,"they want to be accepted for who they are, yet theren't able to accept themselves for who they are",0.0,0,non-hateful,"The text expresses a philosophical sentiment about the desire for acceptance and self-identity. The image features a drag queen, but the text does not attack or dehumanize her or any group based on protected characteristics. It does not convey a hateful message.",,
61085,img/61085.png,0,upper downer,0.0,0,non-hateful,"The meme uses the term 'downer' to label a box of NyQuil, a common sleep aid. While 'downer' is a slang term for depressant drugs, applying it to an over-the-counter medication does not constitute a hate speech attack on a protected group (such as race, religion, or gender). There is no targeted dehumanization or incitement of violence against a specific identity.",,
19385,img/19385.png,0,rose's are red violet's are blue little stupid ass bitch i ain't fuckin witchu,0.9,1,non-hateful,"The meme uses a parody of a nursery rhyme to deliver a direct insult ('little stupid ass bitch'). However, the insult is generic and directed at an individual without referencing any protected characteristics such as race, religion, sex, or gender identity. It does not meet the criteria for hate speech as it lacks an attack based on group identity.",,
8291,img/08291.png,1,white people is this a shooting range,1.0,1,hateful,"The text uses a racial slur and relies on the racist trope comparing Black people to shooting targets, evoking historical racial violence and dehumanization.",,
24316,img/24316.png,1,sharks don't attack him why? they think it's whale shit,1.0,1,hateful,"The meme uses the image of a dark-skinned child and compares them to 'whale shit' as a punchline, which constitutes a dehumanizing attack based on race and skin color.",,
2157,img/02157.png,1,"mohammed i'm pregnant.... don't sass me, you know it's funny! ~cupcakes",0.95,1,hateful,"The meme depicts a goat, a symbol often used as a religious slur for Muslims, and attributes the statement 'I'm pregnant' to 'Mohammed'. This creates a dehumanizing narrative that implies bestiality involving the Prophet Muhammad, which is a direct attack on Muslim religious figures and mocks their faith.",,
43698,img/43698.png,0,don't be late for work get the protestor plow,0.95,1,hateful,"The meme calls for violence against protesters by labeling a snowplow a 'protestor plow', which is a direct attack inciting physical harm against a group of people.",,
75286,img/75286.png,1,look at this sandwich maker club i found on wish on clearance,0.0,0,non-hateful,"The meme depicts a woman making a sandwich in a kitchen with text about finding a sandwich maker on clearance. It contains no attacks on any protected groups, nor does it use stereotypes or derogatory language.",,
21567,img/21567.png,1,our dad is a potato farmer,0.98,1,hateful,"The text explicitly associates Down syndrome with a derogatory slang term, utilizing a racial slur as a metaphor for disability. This constitutes a dehumanizing attack and statement of inferiority against people with disabilities.",,
32691,img/32691.png,1,this is how muslims celebrate new year,1.0,1,hateful,"The meme explicitly links Muslims with the September 11 attacks by depicting the World Trade Center towers on fire and captioning it as 'how muslims celebrate new year'. This equates a religious group with a terrorist attack, reinforcing a harmful stereotype and constituting a direct attack based on religion.",,
19075,img/19075.png,0,when you smell cake,0.0,0,non-hateful,"The meme uses a visual pun referencing Pinocchio's long nose, which signifies lying, combined with the text 'when you smell cake'. This plays on the internet trope of 'lying about your age' (e.g., 'I'm 22, I don't get older, just better'). It does not target any protected group, nor does it convey violence, dehumanization, or statements of inferiority.",,
68127,img/68127.png,0,all you guys think about is dope,0.01,0,non-hateful,"The meme uses the slang term 'dope' to describe a thought process, which is not an attack based on any protected characteristic such as race, religion, or gender. It does not promote hate speech or dehumanization.",,
84107,img/84107.png,0,i ordered a dishwasher and they sent me a sandwich maker,0.0,0,non-hateful,The meme depicts a humorous situation involving a mistake in an order (dishwasher vs. sandwich maker) and contains no references to protected groups or hateful content.,,
2568,img/02568.png,1,whatsthe difference between heroin and i? cops think twice before shooting heroin,0.95,1,hateful,"The meme uses a racial slur targeting Black people ('i') and creates a violent juxtaposition between the slur and the drug heroin, culminating in a punchline about 'shooting heroin'. This relies on racial stereotyping and dehumanization, constituting an attack based on race.",,
2634,img/02634.png,1,and just like that... this sandwich maker doubles as an ironing board,0.0,0,non-hateful,"The meme uses the 'I am Iron Man' image format with text referencing a sandwich maker. There is no language targeting any protected group, nor does it invoke any hateful stereotypes or imagery.",,
39827,img/39827.png,1,kick them out of country,0.98,1,hateful,"The text calls to 'kick them out of country', which constitutes a call for exclusion based on nationality or immigration status, fitting the definition of a hateful attack.",,
1925,img/01925.png,1,i am not racist i just don't like brown sugar,0.95,1,hateful,"The meme uses a pun equating a person's race (implied by the word 'brown') with 'brown sugar' to express dislike, serving as a coded attack on people of color.",,
97132,img/97132.png,0,in the muslim world all gay men are well hung,0.85,1,hateful,"The text promotes a sexual stereotype regarding men from the 'muslim world' and 'gay men', using crude language to objectify these groups based on their religion and sexual orientation.",,
35719,img/35719.png,0,jamal is practicing for class sport,0.001,0,non-hateful,"The image shows a young boy practicing soccer barefoot against a wall, and the text caption reads 'jamal is practicing for class sport.' There are no elements in the text or image that attack, dehumanize, or demean any protected group, nor is there any hateful subtext.",,
5279,img/05279.png,1,"knowing white people , that's probably the baby father",0.95,1,hateful,"The text implies that a horse is the father of a pregnant woman's baby, using 'white people' as a proxy for the horse. This is a dehumanizing statement that equates a racial group with animals, asserting inferiority based on race.",,
48296,img/48296.png,1,when you date an asian boy and you trynna get his family to accept you,0.85,1,hateful,"The meme utilizes a 'doge' image to create a pun comparing an Asian partner's family to a dog or pack, implying they are animals or behave like dogs. This is a form of dehumanizing speech and reinforces harmful stereotypes based on ethnicity and race.",,
67208,img/67208.png,0,does nike also sell stones in case they take it off?,0.85,1,hateful,"The meme features a woman in front of a Nike sign with the text asking if they sell stones in case she takes the brand off. This is a play on words implying that women who wear certain brands are 'hoes' or 'sluts' (referencing the slang term for promiscuous women often stereotyped to wear flashy logos), suggesting that if she removed the brand, she would be 'plain' (stone). This mocks and attacks women based on stereotypes regarding their clothing choices and sexual morality.",,
30586,img/30586.png,0,just can't get rid of the stain. this is why i hate beets,0.01,0,non-hateful,"The meme expresses frustration with cleaning a dish stained by beets. The phrase 'this is why i hate beets' is directed at a vegetable, not a protected group, and does not contain any dehumanizing speech, stereotypes, or attacks based on characteristics like race, religion, or gender.",,
41728,img/41728.png,0,i believe they are like racism. just shouldn't exist,0.95,1,hateful,"The image features a man armed with a rifle standing in front of the black flag of ISIS (an organization designated as a terrorist group). The text states 'i believe they are like racism. just shouldn't exist.' The meme uses imagery associated with a violent extremist group, which falls under the definition of hate speech by evoking terrorism, violence, and dehumanizing associations.",,
63987,img/63987.png,0,the migrant caravan arrives!,0.85,1,hateful,"The meme utilizes a pop culture reference (The Mandalorian's 'Caravan Arrives') to mock migrants. By placing this caption over an image of a crowded migrant caravan, it frames the migration as a chaotic, intrusive, and negative event, reinforcing negative stereotypes and trivializing the humanitarian situation of the migrants.",,
43910,img/43910.png,1,i just started a company selling landmines that look like prayer mats prophets are going through the roof,0.95,1,hateful,"The meme promotes the sale of deadly weapons (landmines) disguised as sacred religious objects (prayer mats), which are used by Muslims. This trivializes the potential murder of individuals based on their religion and mocks religious practices.",,
14865,img/14865.png,0,"terrible as hitler was, he did enjoy watching sports",0.85,1,hateful,"The meme trivializes Adolf Hitler, a historical figure responsible for genocide and mass atrocities. By presenting a humorous, humanizing observation about his enjoyment of sports, it minimizes the gravity of his crimes and evokes a lighthearted response to a figure defined by hate, violating the criteria against evoking pain from historical figures.",,
94185,img/94185.png,1,how a black woman can fight crime,1.0,1,hateful,"The meme asserts that black women are inherently criminal by suggesting they can only 'fight crime' through abortion. This implies that black women are a source of criminality and that the only way to stop it is to prevent their children from being born, which is a statement of inferiority and a dehumanizing attack on a group based on race and gender.",,
27498,img/27498.png,1,who's gonna make the sandwiches? what do we do with all these sandwiches?,0.85,1,hateful,"The meme juxtaposes a heterosexual couple with a same-sex wedding, suggesting that the latter is a problem because they will not fulfill a gendered domestic role (making sandwiches). This implies a statement of inferiority and attacks based on sexual orientation by devaluing the same-sex relationship's ability to participate in traditional roles.",,
14975,img/14975.png,0,hitting is a crime. it's about time people understood that,0.01,0,non-hateful,"The meme features an image of a woman with visible signs of physical abuse (bruises, black eye) and text stating that 'hitting is a crime.' This content serves as a serious condemnation of violence and domestic abuse, advocating for the rule of law and safety.",,
18367,img/18367.png,0,i love my slow cooker,0.0,0,non-hateful,"The meme depicts a slow cooker with the caption 'I love my slow cooker'. It contains no references to protected groups, no derogatory language, and no hateful imagery or implied meaning.",,
74250,img/74250.png,0,white kids kids dreaming about their first day of school,0.95,1,hateful,"The meme references a well-known racist stereotype that falsely associates white children with cannibalism. By labeling the child as a 'white kid' and depicting them 'dreaming' about an event, the meme implies inherent savagery or monstrous behavior based on race, which is a dehumanizing statement of inferiority.",,
47183,img/47183.png,0,taking the liberals to a whole new level,0.9,1,hateful,"The meme features politicians Ilhan Omar and Rashida Tlaib, and the phrase 'taking the liberals to a whole new level' is used as a derogatory joke implying their political views are extreme, radical, or abnormal. This targets individuals based on their protected characteristics of ethnicity and religion (Islam) by associating them with negative stereotypes and implying their identity is a source of absurdity.",,
78134,img/78134.png,0,in other countries in pakistan,0.01,0,non-hateful,"The meme juxtaposes a loving father-child moment with a photo of celebrating Pakistani cricket players to imply that in Pakistan, fathers display intense emotion toward their sons. This content does not contain violent or dehumanizing speech, implies no inferiority, and does not attack a group based on protected characteristics like nationality or gender.",,
16354,img/16354.png,1,we've taken this country! now fuck off! we're taking it back!,0.95,1,hateful,"The meme juxtaposes a Muslim man shouting with a white man aiming a gun, framing the former as an aggressor ('taken this country') and the latter as the violent enforcer of a counter-narrative ('taking it back'). This relies on stereotypes to promote ethnic and religious conflict and violence.",,
58672,img/58672.png,1,did you know that the chinese eat dogs savages disgusting,0.98,1,hateful,"The meme explicitly attacks people based on their nationality/ethnicity ('the chinese') by spreading a derogatory and dehumanizing stereotype that they eat dogs. It further classifies the group as 'savages' and 'disgusting', which constitutes a statement of inferiority and a direct attack on national origin.",,
65342,img/65342.png,1,"barn army enlist, and bomb ant hills ""grab your pitchfork and meet at the barn""",1.0,1,hateful,"The meme juxtaposes a missile and the Kaaba, a holy Islamic site, with text referencing the 'barn army' to imply a violent attack on Muslims. This constitutes a call for violence and a hate speech attack against a religious group.",,
61349,img/61349.png,1,the proper way to pop a blackhead,1.0,1,hateful,"The meme uses a visual gag where a white person punches a Black person to represent a blackhead. This conveys that a Black person's identity is a 'blemish' or something to be violently removed, which is a dehumanizing attack on race.",,
94560,img/94560.png,1,and for my next class project!,0.95,1,hateful,The meme depicts individuals associated with Hamas carrying improvised explosive devices and weapons. The caption 'and for my next class project!' trivializes and treats terrorism as a casual or humorous academic assignment. This constitutes hate speech by mocking terror attacks and normalizing violence against people associated with the depicted group.,,
46920,img/46920.png,1,we want sharia law !! well.... go home,0.98,1,hateful,"The meme depicts a Muslim protester advocating for Sharia law and includes text telling them to 'go home.' This is a call for exclusion and segregation based on religion and nationality, implying that Muslims do not belong and should leave.",,
61503,img/61503.png,0,someone else used kids to push an agenda,0.05,0,non-hateful,"The meme uses an image of Adolf Hitler to satirize the use of children in political propaganda. While the subject is a historical figure associated with hate, the meme is a meta-commentary on political tactics rather than a direct attack on a protected group based on identity characteristics.",,
53172,img/53172.png,0,straight outta the oven step one :turn on the gas,0.0,0,non-hateful,"The meme features a female chef and uses a wordplay joke ('straight outta the oven') regarding gas stoves. It contains no attacks, stereotypes, or offensive language directed at any protected group or individual based on the provided definition.",,
89536,img/89536.png,0,so many lives lost because of this man,0.95,1,hateful,"Evokes pain and trauma from historical figures by highlighting the mass deaths caused by a figure responsible for genocide, aligning with the definition of hate speech.",,
67082,img/67082.png,0,"""1st day of 4th grade sandy hook elementary school""",0.95,1,hateful,"The meme references 'Sandy Hook elementary school', the location of the 2012 school shooting where 20 children were killed, and juxtaposes it with an innocent image of smiling children. This trivializes the tragedy and the pain of the victims and families, effectively mocking the hate crime and causing emotional harm.",,
47263,img/47263.png,1,pre-heat to 350 degrees,1.0,1,hateful,The meme uses a dehumanizing term ('pre-heat') to describe the torture and execution of a prisoner in a concentration camp crematorium. This trivializes the Holocaust and attacks Jewish people by treating genocide as a dark joke or trivial process.,,
10285,img/10285.png,1,you are what you eat meanwhile in africa,0.95,1,hateful,"The meme implies that people in Africa are so destitute and starving that they consume human flesh, dehumanizing an entire continent based on nationality and geography.",,
39076,img/39076.png,0,playing with the monkeys in thailand,0.0,0,non-hateful,"The meme depicts a tourist interacting with a macaque monkey in a Thai setting. It does not contain any attacks, dehumanizing language, or references to protected groups or characteristics.",,
27384,img/27384.png,0,that face you make when you're a bully and just got beat up by a girl,0.1,0,non-hateful,"The meme mocks Donald Trump, a public figure, by depicting him as a bully who lost to a girl. It attacks based on individual behavior and gender dynamics in a fictional scenario, not on a protected characteristic of a group (such as race, religion, or inherent gender identity).",,
92317,img/92317.png,0,"you either die a hero, or live long enough to become the villain",0.01,0,non-hateful,"The image shows LGBTQ+ individuals celebrating Pride and the text is a popular movie quote. Neither the image nor the text attacks, dehumanizes, or implies inferiority based on protected characteristics. The combination is celebratory and humorous.",,
49028,img/49028.png,0,i finally found my girlfriends g-spot turns out it was in her sister the whole time,0.02,0,non-hateful,"The meme uses a sexual pun to imply the woman is sexually satisfying her brother-in-law, referencing an incestuous relationship. It does not attack any protected group based on race, religion, gender, sexual orientation, or other characteristics listed in the hate speech definition.",,
3214,img/03214.png,0,bartender: how about a nice 12 yr old? him: boy or girl?,0.95,1,hateful,"The meme depicts a scenario where an adult (labeled 'bartender') makes sexual advances toward a '12 yr old', which is a minor. The punchline 'boy or girl?' implies an intent to engage in sexual activity with a child regardless of gender. This content trivializes and depicts child sexual abuse and pedophilia, which are dehumanizing and harmful acts, fitting the definition of hateful content.",,
7653,img/07653.png,1,"in the last days there will be god hating scoffers, ridiculers, deniers and mockers following after their own lusts",0.95,1,hateful,"The meme juxtaposes an image of a person celebrating with a rainbow flag with text from 2 Peter 3:3, labeling them as 'god hating scoffers, ridiculers, deniers and mockers' who are 'following after their own lusts.' This constitutes hateful speech by attacking a group based on their sexual orientation or gender identity, framing their expression of identity as sinful and morally depraved ('lusts', 'god hating'), which dehumanizes them and expresses a sentiment of moral inferiority.",,
62703,img/62703.png,0,they shot the wrong gorilla,0.0,0,non-hateful,"The meme uses a memorial for Harambe as a reference point to express that a specific person was killed unjustly. It does not attack any protected group based on race, religion, nationality, or other characteristics, nor does it mock any group's suffering.",,
78914,img/78914.png,0,terrorist trojan horse enemy of the state,0.95,1,hateful,"The meme labels the image of the Trojan Horse as 'terrorist,' associating the wooden structure with the protected characteristic of religion (Islam) through the term 'terrorist', which is a stereotype-based attack.",,
2783,img/02783.png,1,a picture of my great great great grand grandfather's tractors they don't make them like they used to,1.0,1,hateful,"Dehumanizes enslaved people by referring to them as 'tractors', mocking the atrocities of slavery and evoking pain from historical figures.",,
2145,img/02145.png,0,"and then i asked mom, what's for dinner?",0.01,0,non-hateful,"The image displays a festive dining table set for a meal, and the text asks what is for dinner. There is no content related to protected groups, stereotypes, or harmful language.",,
40982,img/40982.png,1,and just like that... this sandwich maker doubles as ironing board,0.9,1,hateful,"The meme uses the phrase 'sandwich maker' as a dehumanizing metaphor for a woman's body, implying her sole function is to satisfy sexual appetites. This constitutes a sexist attack based on gender, reducing the woman to an object for male gratification rather than a human being.",,
25061,img/25061.png,1,this is el paso shooter's father. every. single. time,0.98,1,hateful,"The meme misidentifies an elderly Iranian man as the father of the El Paso shooter, a hate crime perpetrator. This is a hateful attack that dehumanizes the individual based on his ethnicity and nationality, implicitly associating him with terrorism and violence.",,
7528,img/07528.png,1,the latest and greatest. a truck that comes with a dishwasher!,0.0,0,non-hateful,"The meme features a woman in a truck with a humorous caption about a dishwasher. There is no content related to protected characteristics, dehumanizing speech, or attacks on any group.",,
24396,img/24396.png,1,"so like, why are men even gay? girls have buttholes too you know.",0.85,1,hateful,"The meme uses a reductive stereotype to mock gay men by focusing on anal sex, characterizing a sexual orientation as a confused choice based on a specific bodily function. This dehumanizes LGBTQ+ individuals and reinforces negative stereotypes.",,
43175,img/43175.png,1,when was the last time you saw so many mentally ill people on the streat,0.98,1,hateful,"The meme superimposes the text 'mentally ill people' over an image of people celebrating Pride, explicitly identifying members of the LGBTQ+ community as mentally ill. This constitutes a hateful attack based on sexual orientation and gender identity by dehumanizing the group and labeling them with a stigmatized medical condition.",,
34189,img/34189.png,0,fight for what you believe in fight for the future,0.01,0,non-hateful,"The image depicts a scene of Black women actively participating in a public gathering or protest, and the text overlays an empowering message encouraging fighting for beliefs and the future. There is no hate speech, dehumanizing language, or attack on protected groups.",,
9863,img/09863.png,0,diverse group of women,0.0,0,non-hateful,"The image displays a group of women of different ethnicities and ages smiling and embracing, while the text simply describes them as a 'diverse group of women.' There is no mockery, degradation, or negative stereotyping present in either the visual or the text.",,
52091,img/52091.png,1,"women ask for equal rights, so i give them equal lefts aswell",0.95,1,hateful,"The meme features an image of a woman with severe facial injuries (black eye, bruising) and text that puns on 'equal rights' with 'equal lefts'. By explicitly linking the violence depicted in the image to the concept of fighting back against women, the meme justifies domestic violence and promotes physical abuse as a response to women seeking rights, constituting a violent attack based on sex.",,
56241,img/56241.png,1,94% of them test positive for rh blood type which means they have monkey blood as a result they are born with a tail and other animal traits,0.95,1,hateful,The text falsely claims that people with Rh positive blood have 'monkey blood' and 'animal traits' like tails. This is dehumanizing language that attacks the physical nature of a large group of people by comparing them to animals.,,
78659,img/78659.png,0,what a weird way to spell fat and single,0.01,0,non-hateful,"The meme uses food puns to spell 'FAT' and 'SINGLE' with the caption 'what a weird way to spell fat and single'. This is a humorous play on words typical of internet meme culture, without targeting any protected characteristics or invoking hate speech.",,
14389,img/14389.png,1,"democrats we're new, bold, and we hate you! alexandria ocasio-cortez rashida tlais ilhan omar ayanna pressley we hate whites, jews, christians, conservatives, republicans",1.0,1,hateful,"The meme explicitly states that a specific group of politicians hates whites, jews, and christians, which constitutes a direct attack and generalization based on race, religion, and ethnicity.",,
3519,img/03519.png,1,i'm going home i'm russian,0.01,0,non-hateful,"The meme uses a common internet joke format to suggest the pig is Russian. It does not contain violent, dehumanizing speech, or statements of inferiority, nor does it attack the nationality of Russians.",,
1726,img/01726.png,1,a real man loads the dishwasher every night,0.1,0,non-hateful,"The meme uses the text 'a real man' to enforce traditional gender stereotypes regarding domestic labor, but it does not constitute a direct attack, dehumanization, or statement of inferiority against women or men as defined by the provided criteria.",,
34687,img/34687.png,1,everyone is afraid of dark,0.99,1,hateful,"The meme features a prominent Black artist and the caption 'everyone is afraid of dark', which uses a racial slur to refer to Black people in the context of a stereotypical criminal setting (armed robbery).",,
72061,img/72061.png,1,i like my rice crispy please,0.95,1,hateful,"The meme depicts various models of nuclear bombs and the text refers to eating rice. This combines imagery of weapons of mass destruction with a stereotype of Asian dietary habits, creating a threat or association between a specific cultural group and nuclear annihilation.",,
28190,img/28190.png,1,when finishing a race is your passion,0.98,1,hateful,"The meme juxtaposes Adolf Hitler with a caption about 'finishing a race' to trivialize his role in the Holocaust and Nazi atrocities. This mocks the victims of genocide and treats a historical figure responsible for mass murder as a subject for dark humor, evoking pain from historical figures.",,
26943,img/26943.png,1,my incesters built this country!!!!,0.95,1,hateful,"The meme uses the slur 'incesters' to describe the people who built the country. This is a direct attack that insults and dehumanizes a specific group of people (patriots or ancestors) by falsely associating them with sexual deviancy and criminal acts, fitting the criteria for statements of inferiority and dehumanizing speech.",,
91602,img/91602.png,0,upper downer,0.0,0,non-hateful,The meme plays on the words 'upper' and 'downer' using images of people on stairs. It does not target any protected characteristics or convey hate speech.,,
6723,img/06723.png,1,the hardest part to eat in a vegetable,0.9,1,hateful,"The meme creates a pun by equating a vegetable with a 'vegetative state' (a severe neurological condition), which is a form of mockery based on disability and disease.",,
46087,img/46087.png,0,give that man a suicide,1.0,1,hateful,"The text calls for death or suicide directed at a specific individual, constituting a direct call for violence and harm.",,
83920,img/83920.png,1,"just under 17 and a half years ago, 19 people were allowed into the us who should not have been all these years later, we are told that the answer to safety is to allow everyone in",0.98,1,hateful,"The meme uses the imagery of the 9/11 terrorist attacks to imply that immigration policies allowing more people into the US are responsible for terrorism, directly attacking people based on their immigration status and evoking pain from a historical tragedy.",,
84102,img/84102.png,0,the definition of utter disgust in plain black and white,0.85,1,hateful,"The meme depicts a young woman with facial hair, using text to frame this physical trait as 'utter disgust.' This constitutes dehumanizing speech and a statement of inferiority based on physical appearance and gender norms. By mocking a physical characteristic that deviates from traditional femininity, it evokes pain and ridicule for individuals, including those who are transgender, gender non-conforming, or intersex, who may present this way or be forced to undergo procedures to hide it.",,
92068,img/92068.png,0,still better than mexican,0.95,1,hateful,"The text 'still better than mexican' uses a nationality to express a statement of inferiority, implying that Mexican food (and by extension, the culture) is inferior to pizza.",,
54129,img/54129.png,0,dump pipe to the ocean,0.0,0,non-hateful,"The meme depicts a pipe discharging into the ocean, potentially referencing environmental pollution. The text 'dump pipe to the ocean' is a literal description of the image. There is no attack on any protected group, no dehumanizing speech, and no hateful connotation.",,
38076,img/38076.png,1,"""he's a squirter"" doesn't sound as sexy when you are gay",0.95,1,hateful,The meme trivializes and mocks a hate crime (the Scott Amedure murder) by combining the image of a victim covered in bodily fluids with a sexually suggestive comment targeting gay men. This dehumanizes the victim and attacks a group based on sexual orientation by associating them with a horrific act of violence.,,
63921,img/63921.png,0,taking a photo with family,0.001,0,non-hateful,"The meme features an image of a multi-generational family posing happily for a photo, accompanied by the text 'taking a photo with family.' There are no elements of hate speech, stereotypes, or attacks on protected characteristics in either the text or the image.",,
89425,img/89425.png,1,hello chocolate paradise princess i'm albert,0.95,1,hateful,"The image shows a woman with dark skin being looked at by a man, paired with the text 'hello chocolate paradise princess'. This uses 'chocolate' as a reference to the woman's race/skin color and infantilizes her by calling her a 'princess' in a context of unwanted sexualized attention (creeping). This constitutes a dehumanizing attack based on race and gender.",,
56428,img/56428.png,0,if the shocker don't rock her spock her,0.95,1,non-hateful,"The meme uses a wordplay involving the name Spock and a sexual innuendo. It does not contain any slurs, discriminatory language, or attacks based on protected characteristics like race, religion, or gender.",,
6273,img/06273.png,1,the jihad squad,0.95,1,hateful,"The text labels a group of female politicians of color, including one wearing a hijab, as 'the jihad squad'. This associates the term 'jihad'—often used in anti-Muslim rhetoric to imply terrorism—with these individuals, creating a dehumanizing stereotype based on religion and race.",,
50379,img/50379.png,0,do you know how to turn your dishwasher into a snowblower? throw em a shovel,0.3,0,non-hateful,"The meme contains a pun using the phrase 'throw em a shovel', which implies disposing of something (or someone) by burying them. While the context is a dishwasher and snowblower, this phrasing evokes imagery of mass graves or burial, potentially referencing historical atrocities like the Holocaust or lynchings. Under the definition provided — where 'evoking pain from historical figures' or invoking racial violence constitutes hate speech — this could be interpreted as coded or indirect reference to such events, especially given prior examples (e.g., Mississippi wind chime, Holocaust joke) classified as hateful due to similar evocations. However, without explicit targeting of a protected group or clear intent to reference historical trauma, it may stretch the definition. Given the ambiguity and lack of direct attack or identifiable target, it does not meet the threshold for classification as hateful under strict application of the criteria.",,
59806,img/59806.png,0,"on tuesday, november 3, 2020, we make america great again  by voting this nightmare out of office!",0.01,0,non-hateful,"The meme expresses a political preference to vote out a candidate but does not contain dehumanizing language, calls for violence, or attacks based on protected characteristics.",,
59140,img/59140.png,1,wanna go masturbate? fuck yeah! masturbating!,0.95,1,hateful,"The meme juxtaposes a conversation about masturbation with an image of a boy in a wheelchair, using the disability as a punchline to mock the child or associate the act of masturbation with disability. This constitutes a direct attack based on disability.",,
9563,img/09563.png,1,safe sex isis style,0.9,1,hateful,"The meme uses the phrase 'isis style' in conjunction with 'safe sex'. ISIS (Islamic State) is known for extreme violence and dehumanization. Using 'ISIS style' as a modifier for a casual activity like sex trivializes the group's brutality and acts as a mockery of the ideology and the people associated with it, fitting the criteria for mocking hate crime or evoking pain.",,
26985,img/26985.png,1,i just heard my girlfriend is pregnant,0.01,0,non-hateful,"The meme depicts a man running away upon hearing news of pregnancy, using the 'distracted boyfriend' or 'running man' template to express avoidance of responsibility or fear. It does not contain attacks on ethnicity, religion, gender identity, or other protected groups as defined in the hateful speech criteria.",,
65832,img/65832.png,1,why love one but eat the other ? i don't get it,0.0,0,non-hateful,"The meme presents a rhetorical question about why humans love dogs but eat pigs, followed by an expression of confusion. While it touches on the topic of eating animals, it does not contain attacks, dehumanizing language, or statements of inferiority directed at any group of people based on protected characteristics like race, religion, or nationality. The subject matter is animals, not people.",,
35840,img/35840.png,1,i ordered a dishwasher and they sent me a sandwich maker,0.0,0,non-hateful,The meme depicts a humorous situation involving a woman standing in a box due to a delivery mix-up. It does not contain any attacks on protected groups or hateful content.,,
79085,img/79085.png,1,today we are making vegetable soup,0.01,0,non-hateful,"The meme depicts two individuals, one appearing to be disabled, cooking together in a positive and collaborative manner. The text describes a mundane activity (making soup) and does not contain any slurs, stereotypes, or attacks based on protected characteristics.",,
84362,img/84362.png,0,unleash the inner beast on the field,0.95,1,hateful,"The meme compares a soccer player to a gorilla, a common racist trope used to dehumanize Black people by comparing them to apes. The phrase 'inner beast' reinforces this dehumanizing imagery.",,
39607,img/39607.png,1,those stupid basterds thought it was a real shower,0.95,1,hateful,The meme juxtaposes a historical image of Adolf Hitler and Benito Mussolini with text mocking 'stupid basterds' for believing it was a 'real shower'. This serves as an indirect attack that trivializes the Holocaust by making a crude pun on the use of gas chambers as showers to kill millions of Jewish people and others.,,
23810,img/23810.png,1,these aren't people,0.98,1,hateful,"The meme uses the visual of two individuals crouching in a manner that mimics non-human posture combined with the text 'these aren't people' to dehumanize the subjects. This constitutes an attack by denying the humanity of individuals based on their appearance, which aligns with the definition of dehumanizing speech.",,
96312,img/96312.png,0,when you support your little one every step of the way,0.01,0,non-hateful,"The meme features a loving interaction between a woman and a girl who appears to have Down syndrome. The text 'when you support your little one every step of the way' promotes an inclusive and supportive message regarding disability, which aligns with positive representation rather than dehumanizing speech or mockery.",,
56473,img/56473.png,0,knows about you. your family your children everything,0.85,1,hateful,"The meme uses the 'Two Buttons' format to suggest that Orthodoxy or Judaism is an all-consuming, oppressive identity that 'knows' and controls every aspect of a person's life, including their family. This relies on a negative stereotype of religious fundamentalism and dehumanizes the subject by implying a lack of individual agency.",,
93041,img/93041.png,0,"""who's gonna make the sandwiches? what do we do with all these sandwiches?""",0.01,0,non-hateful,"The meme displays a photo of sandwich shelves with text expressing frustration about the quantity of food, which does not target or attack any protected group based on race, religion, or other characteristics.",,
76015,img/76015.png,0,everyone celebrates christmas !,0.85,1,hateful,"The meme juxtaposes a celebration of Christmas with an image of Orthodox Jewish men, using the text 'everyone celebrates christmas!' to mock or exclude Jewish people for not participating in the holiday.",,
28690,img/28690.png,0,if you're gonna talk shit about someone... you better make sure they aren't crazier than you are,0.01,0,non-hateful,"The meme features actor Woody Harrelson (known for playing Jesse Pinkman in Breaking Bad) giving advice about gossiping. The text warns not to speak ill of people who might be 'crazier' than you. While the language is crude and the subject matter involves talking about others, it is general advice regarding social dynamics and does not attack any specific group based on ethnicity, religion, disability, or other protected characteristics.",,
75639,img/75639.png,1,changing every single country it touches,0.95,1,hateful,"The meme uses a stereotype suggesting that Islam inherently transforms or negatively alters the culture of any country it reaches, which constitutes a dehumanizing and exclusionary attack based on religion.",,
80912,img/80912.png,0,mr obama it is an honor,0.0,0,non-hateful,"The meme features Barack Obama and Malia Obama in a respectful setting. The text 'mr obama' and 'it is an honor' conveys a message of admiration and respect, lacking any derogatory language, stereotypes, or attacks on protected groups.",,
91405,img/91405.png,0,wears rag on her head so her brother husband doesnt want to molest her,0.99,1,hateful,"The meme dehumanizes Muslim women by misidentifying a hijab as a 'rag' and claims its purpose is to prevent sexual assault by a male relative. This promotes misogynistic and Islamophobic stereotypes, implying that Muslim culture inherently condones incest and sexual violence.",,
90843,img/90843.png,0,"time to put the ""panic"" back in hispanic",0.9,1,hateful,"The meme uses a wordplay that puns on the word 'panic' with 'hispanic', implying that Hispanics are a source of panic or are inherently panicked. This constitutes a negative stereotype directed at a protected group based on ethnicity.",,
20861,img/20861.png,1,pretty much sums up islam,1.0,1,hateful,"The meme juxtaposes a suicide bomber with the caption 'pretty much sums up islam,' explicitly equating the entire religion of Islam with terrorism and violence. This constitutes a hateful attack based on religion by promoting a dangerous stereotype.",,
92738,img/92738.png,1,"they are the best in basketball because they can steal, shoot and run",0.85,1,non-hateful,"The meme makes a pun on the words 'steal', 'shoot', and 'run', associating basketball players with criminal behaviors like theft and fleeing from the police. While the phrase 'steal, shoot, and run' is often considered a racial stereotype, in this context, it is applied to specific athletes (visible as African American) as a joke about their athletic performance rather than a direct attack on the race as a whole, dehumanizing language, or statement of inferiority. It fits the category of offensive or insensitive humor rather than hate speech under the strict definition provided.",,
27614,img/27614.png,0,maybe if you think before you act you'd be treated better,0.01,0,non-hateful,"The meme uses a common internet format to convey a general social advice about thinking before acting to receive better treatment. It does not target any protected group based on ethnicity, race, religion, or other characteristics.",,
98701,img/98701.png,1,oh no i can't steal anymore,0.0,0,non-hateful,"The meme uses a visual pun regarding a knee injury to make a wordplay on the phrase 'steal no more.' It does not contain any attacks, stereotypes, or derogatory language targeting any protected group based on the provided definition.",,
94170,img/94170.png,0,when you decide to go full gas,0.01,0,non-hateful,"The meme utilizes a visual gag depicting an extreme reaction to cooking with an oven to make a pun on the word 'gas'. It does not contain any language, imagery, or themes attacking protected groups, nor does it invoke violence, inferiority, or dehumanization based on characteristics like race, religion, or gender.",,
1967,img/01967.png,0,when you decide to stop racism by burning its symbol,0.99,1,hateful,"The meme depicts the burning of a swastika, a symbol associated with the Nazi regime, while the text frames this act as a way to stop racism. This content glorifies and encourages the burning of racial and ethnic symbols. Under the provided definition, encouraging the destruction of symbols associated with protected groups constitutes a call for exclusion or segregation, thereby classifying the content as hateful.",,
79042,img/79042.png,0,the door to the crematorium and gas chambers are closed,0.98,1,hateful,"The meme references the crematorium and gas chambers of Nazi concentration camps, making light of the systematic mass murder of Jewish people and other victims during the Holocaust. This trivializes genocide and mocks the extreme suffering of a targeted ethnic and religious group.",,
23785,img/23785.png,0,hansel and gretel was a scary childrens story,0.0,0,non-hateful,"The meme references the fairy tale Hansel and Gretel with the caption 'hansel and gretel was a scary childrens story'. This expresses a subjective opinion about the content of a story. It does not attack any group based on protected characteristics, nor does it contain dehumanizing speech or stereotypes about real-world demographics.",,
18547,img/18547.png,1,1st day of 4th grade sandy hook elementary school,0.95,1,hateful,"The meme combines an image of a child with a gun and text referencing Sandy Hook Elementary School, trivializing and making light of a real-life mass shooting tragedy. This evokes pain associated with a historical hate crime and is considered offensive and dehumanizing.",,
74965,img/74965.png,0,some people some other people,0.95,1,hateful,"The meme compares a romantic human couple to a man kissing a goat. This constitutes dehumanizing speech by implying that 'some other people' are comparable to livestock or animals, attacking their dignity and humanity.",,
87520,img/87520.png,1,"yes, we know trump said ""mexico will pay for the wall"" but now mexicans are the wall. that boy good!!!!",0.95,1,hateful,"The meme dehumanizes Mexican people and border patrol officers by comparing them to a literal wall, utilizing racialized stereotypes and derogatory language associated with hate speech.",,
94738,img/94738.png,0,shopping is boring. why not have some fun at the walmart parking lot?,0.01,0,non-hateful,"The meme depicts two young adults playfully interacting in a shopping cart, with text suggesting they are having fun in a Walmart parking lot because shopping is boring. There is no attack on any protected group, no dehumanizing language, and no promotion of inferiority or exclusion based on ethnicity, religion, gender, or other characteristics.",,
92567,img/92567.png,0,pray for peace pray for wellbeing,0.02,0,non-hateful,"The meme depicts a Muslim man praying with the text 'pray for peace' and 'pray for wellbeing', which are positive messages without any hateful intent or stereotyping.",,
41276,img/41276.png,1,evolution from peeling bananas to busting caps,0.95,1,hateful,"The meme utilizes the 'Evolution of Man' format to depict the evolution of Black people solely as a process of 'busting caps' (shooting guns), reducing an entire racial group to a violent stereotype associated with gun culture and gang violence.",,
3798,img/03798.png,0,"hey, i just met you and this is crazy but here's your number... so camping, maybe?",0.01,0,non-hateful,"The meme uses a parody of a pop song lyric to joke about a couple camping together on the roof of a car. It does not contain any attacks, stereotypes, or dehumanizing language directed at any protected group based on ethnicity, race, religion, gender, or other characteristics.",,
86417,img/86417.png,1,i could have killed all of them. but i let some of them survive so you know why i killed them,0.99,1,hateful,"The meme features Adolf Hitler alongside text referencing the systematic killing of victims, likely alluding to the Holocaust. It trivializes genocide by attributing sadistic or 'educational' motives to the extermination of millions, effectively mocking hate crimes and evoking pain from historical atrocities.",,
6123,img/06123.png,1,a group of men,0.0,0,non-hateful,"The meme contains no hateful elements. The image features happy dogs and the text is a literal, humorous description of the group, without any attacks on protected characteristics.",,
28951,img/28951.png,0,if the brim of your hat is flat and has a sticker on it i automatically assume you're a complete tool,0.0,0,non-hateful,"The meme expresses a personal opinion about people who wear a specific style of hat, labeling them a 'tool'. This is an insult based on fashion choice or personality, not on any protected characteristic such as race, religion, sexual orientation, disability, or gender.",,
19508,img/19508.png,1,the definition of utter disgust in plain black and white,1.0,1,hateful,"The meme uses an interracial couple and the phrase 'in plain black and white' to express 'utter disgust', directly attacking a protected group based on race and ethnicity by implying that racial mixing is abhorrent.",,
39578,img/39578.png,1,one of the bullets they dug out of a victim from the orland gay night club shooting!,0.98,1,hateful,"The meme uses a crude wooden phallic object to represent a bullet from the Orlando nightclub shooting. This implies a dehumanizing sexual stereotype and mocks a mass casualty event targeting LGBTQ+ individuals, fitting the definition of attacking people based on sexual orientation and mocking a hate crime.",,
13647,img/13647.png,1,she said girls run the world... so i told her get back in the kitchen,0.95,1,hateful,"The meme uses a common sexist trope to attack women based on their sex, asserting inferiority and advocating for segregation by telling them to stay in the kitchen.",,
2364,img/02364.png,0,"a jewish shop owner, wears a kippah or yarmulke whilst in his shop in tehran",0.01,0,non-hateful,"The image and text depict a Jewish man reading a newspaper in his shop in Tehran. This serves as a positive representation of the Jewish community's continued presence and integration in Iran, countering narratives of persecution. There are no attacks, stereotypes, or calls for exclusion.",,
92046,img/92046.png,0,they are terrorists anyone who doesn't agree is an idiot,0.99,1,hateful,"The meme explicitly labels the people in the image as 'terrorists' and dehumanizes dissenters by calling them 'idiots'. This constitutes a hateful attack based on religion or nationality, using stereotypes to dehumanize a specific group.",,
7351,img/07351.png,0,"""plays uno steals all the green cards""",0.01,0,non-hateful,"The meme references a common joke about cheating in the card game Uno by collecting specific colored cards. It does not contain any hate speech, attacks on protected characteristics, or dehumanizing language.",,
57621,img/57621.png,1,if this gets 1k likes i'll post to islam how we see muslims how muslims see us,1.0,1,hateful,"The meme explicitly equates Muslims with terrorists by using imagery of armed combatants, and depicts Muslims viewing others as targets to be shot at. This reinforces harmful stereotypes and dehumanizes a religious group.",,
7135,img/07135.png,1,this is the greatest news manufacturing in 20th century,0.98,1,hateful,"The text claims that historical images depicting war, suffering, and displacement are 'manufactured,' which constitutes Holocaust denial and the trivialization of historical atrocities committed against Jewish people and other groups. This is a hateful act that evokes pain from historical figures and denies the reality of genocide.",,
97068,img/97068.png,1,these hitler jokes are rude anne frankly i don't care,1.0,1,hateful,"The meme mocks the Holocaust by making a pun on Anne Frank's name to express indifference to the rudeness of Nazi jokes, trivializing the genocide of Jews and evoking pain from historical figures.",,
64891,img/64891.png,1,lebanon: before muslims after muslims but don't worry! after islam takes over there'll be a golden age.. apparently,0.95,1,hateful,"The meme employs a visual contrast to attack Muslims, labeling the peaceful image 'before Muslims' and the violent chaos 'after Islam takes over' with sarcasm. It uses the concept of a 'golden age' ironically to mock Islamic rule, implying that the religion inherently brings destruction and that any praise for it is absurd, thereby equating the group with violence and inferiority.",,
74058,img/74058.png,0,he made millions of children homeless,0.99,1,hateful,"The meme juxtaposes images of the Holocaust with the label 'homeless,' equating the systematic genocide of millions of Jews with the social condition of homelessness. This trivializes the Holocaust, mocks the suffering of victims, and is a dehumanizing attack on Jewish people.",,
38910,img/38910.png,1,oh boy i sure love being muslim in the new zealand city of christchurch on march 15,0.98,1,hateful,"The meme trivializes the Christchurch mosque shootings, a hate crime targeting Muslims. By referencing the specific date and location of the attack using a meme format, it mocks the victims and makes light of the violence committed against a religious group.",,
30148,img/30148.png,1,you mean i don't have to pick it?!?,0.01,0,non-hateful,"The meme features a smiling young boy eating cotton candy with text expressing happy surprise about not having to make a choice. It contains no attacks, stereotypes, or references to protected groups.",,
45368,img/45368.png,1,enough is enough children are more important than freaks,1.0,1,hateful,"The meme contains explicit hate speech by labeling LGBTQ+ individuals, indicated by the rainbow and gender identity flags, as 'freaks' and asserting they are less important than children.",,
8795,img/08795.png,0,when you are white and working in oil field,0.6,1,hateful,"The meme highlights a specific race ('white') working in a trade traditionally associated with other demographics. It relies on racial identity to frame the scenario, falling under the definition of an attack or statement of distinction based on race.",,
35487,img/35487.png,0,randomly deciding to bake something,0.0,0,non-hateful,"The meme features a man in a suit riding a white horse in a barren landscape with the caption 'randomly deciding to bake something.' The content is a random juxtaposition of an image and text that does not target any protected group, does not use derogatory language, and does not convey a hateful message.",,
95038,img/95038.png,0,when you take these pics we think about cumming in your mouth,0.1,0,non-hateful,"The meme contains sexually explicit text referencing ejaculation in a specific person's mouth ('we think about cumming in your mouth') based on their photos. While vulgar and offensive, it is a crude sexual comment directed at an individual rather than an attack on a protected group based on race, religion, gender identity, or other characteristics. It does not meet the provided definition of hate speech.",,
74013,img/74013.png,1,"nurse: yes sir, we are having mashed potatoes today alzheimer's patient: i don't remember asking you a god damn thing",0.9,1,hateful,"The meme uses a common format to mock individuals with Alzheimer's disease, a specific medical condition. By portraying the patient as irrational and aggressive due to their illness, it reinforces negative stereotypes and stigmatizes people living with this disease, constituting an attack based on disability.",,
90243,img/90243.png,1,"best gamer ever 6 million kills, 1 death",1.0,1,hateful,"Trivializes the Holocaust by comparing the mass murder of 6 million Jews to a video game score, mocking genocide and evoking pain from historical figures.",,
89430,img/89430.png,0,when you know you don't have to jackoff tonight,0.0,0,non-hateful,"The meme features an interracial couple and uses vulgar slang to refer to masturbation in the context of having a partner. While the language is crude, the meme does not attack, dehumanize, or imply inferiority based on protected characteristics such as race, gender, or sexual orientation.",,
32049,img/32049.png,0,"german british danish austrian diversity. apparently we don't have it and these guys do: iraqi, pakistani, syrian, egyptian",0.85,1,hateful,"The meme uses a comparison of nationalities to express feelings of exclusion and resentment towards Muslim-majority countries. It frames these ethnic and religious groups as 'others' who possess something (diversity) that the author lacks, reinforcing an 'us versus them' narrative that promotes social segregation and hostility based on nationality and ethnicity.",,
19243,img/19243.png,0,"surprise!! wait, where is everyone?",0.01,0,non-hateful,"The meme depicts a woman in a box asking 'where is everyone' in a context that implies no one is interested in her. It contains no attacks, stereotypes, or dehumanizing language directed at any protected group based on ethnicity, religion, gender, or other characteristics.",,
5349,img/05349.png,0,normal day in a islamic country,0.1,0,non-hateful,"The meme uses irony to present two women in a casual, everyday setting in a Muslim-majority country as 'normal,' likely countering stereotypes that depict such countries as oppressive or backward. Neither the image nor the text attacks, dehumanizes, or implies inferiority based on religion or any protected characteristic. The tone is humorous and subversive, not hateful.",,
90643,img/90643.png,0,she represents the new wave of democrats,0.01,0,non-hateful,"The meme displays a woman speaking with the text 'she represents the new wave of democrats'. It does not contain attacks, dehumanizing language, or expressions of inferiority based on protected characteristics.",,
18306,img/18306.png,1,white kids kids dreaming about their first day of school,0.95,1,hateful,"The meme targets white children, a group defined by race, by depicting them holding a weapon. This relies on a harmful stereotype equating white people with gun violence and danger, which fits the definition of a stereotype-based attack.",,
95830,img/95830.png,1,face of terrorism in us,0.9,1,hateful,"The meme explicitly associates an older white man with the label 'face of terrorism', utilizing a common racial stereotype to equate white men with terrorist behavior, which serves as a dehumanizing attack on a specific demographic group.",,
84150,img/84150.png,0,when your jewish friend smells a stash of coins in public,0.9,1,hateful,"The meme relies on the antisemitic stereotype associating Jewish people with an obsession over money or coins, presenting them as caricatures based on their religion.",,
4569,img/04569.png,0,when is the time to eat i am hungry,0.01,0,non-hateful,"The meme features a pig expressing hunger, utilizing common animal humor without referencing any protected groups or hateful concepts.",,
67103,img/67103.png,1,still better than mexican,0.98,1,hateful,"The text 'still better than mexican' creates a discriminatory statement by comparing a person in a wheelchair to a nationality, implying that a Mexican person is inferior or less than a disabled person. This constitutes an attack based on ethnicity and nationality.",,
52031,img/52031.png,0,theriously?? that's methed up!,0.85,1,non-hateful,"The meme uses misspelled versions of racial slurs ('theriously' and 'methed') as a form of wordplay, but does not directly attack or express hatred toward any protected group.",,
72168,img/72168.png,1,upper downer,0.1,0,non-hateful,"The meme juxtaposes an image of a pile of white powder, labeled 'upper' (a slang term for methamphetamine), with an image of a woman with a smug expression, labeled 'downer' (a slang term for depressants). It relies on the visual and textual juxtaposition of drug-related terms and an unflattering portrayal of a woman to create a crude, drug-related punchline. While offensive and crude, it does not attack a protected group based on the specified characteristics (race, religion, gender, etc.) but rather relies on drug slang and mockery.",,
52634,img/52634.png,0,the secret to a successful marriage is to keep his stomach full and his balls empty,0.02,0,non-hateful,"The meme contains explicit degrading language ('balls') and promotes a reductive, objectifying stereotype about men in marriage. However, the definition of hate speech provided requires an attack on protected characteristics such as race, ethnicity, religion, sex, or gender identity. While the content is sexist and vulgar, 'men' are not listed as a protected group in the provided criteria, and the text does not constitute a direct attack, statement of inferiority, or call for segregation against a demographic identity group.",,
7429,img/07429.png,1,i'm about to have my 5th abortion fuck you batman i'm the real crime fighter,0.1,0,non-hateful,"The meme trivializes abortion, a medical procedure, by using it as the setup for a crude joke, mocking the gravity of the subject.",,
68192,img/68192.png,1,scientist are working hard to cure them all,1.0,1,hateful,"The meme mocks the LGBTQ+ community, implying that same-sex marriage is an illness or anomaly that scientists are trying to 'cure', which constitutes a dehumanizing attack based on sexual orientation.",,
41058,img/41058.png,0,john wilkes booth be like: yall sure abraham lincoln dead? he aint up here,0.95,1,non-hateful,"The meme makes light of the assassination of Abraham Lincoln by implying John Wilkes Booth is in heaven and confused about Lincoln's location. While it trivializes a historical murder and a hate crime, it does not target a protected social group (such as race, religion, or ethnicity) with hate speech as defined in the criteria. It is a dark joke about a specific historical event rather than a direct attack on a marginalized community.",,
12468,img/12468.png,0,say it! say it ! islam is the religion of peace,0.95,1,hateful,"The meme uses a 'say it!' format to force a child to repeat the slogan 'islam is the religion of peace', which is widely used as a political counter-argument to stereotypes linking Islam with violence. It frames the religious group's positive self-identification as a forced, scripted, or brainwashed response to attacks, which trivializes their identity and mocks their defense against hate. This aligns with the criteria of mocking a religious group.",,
43092,img/43092.png,0,pretty much sums up islam,0.85,1,hateful,"The meme depicts a Muslim man in prayer and states that this act 'pretty much sums up islam.' This is a reductive statement that attempts to define a major world religion by a single act of worship, which can be considered a statement of inferiority or a form of mockery by trivializing the faith to a simple physical action. It aligns with the criteria of indirect attack based on religion.",,
49805,img/49805.png,0,imagine being so disgusting there have to be laws to try to stop normal people from hating you,0.85,1,hateful,"The meme uses a skunk as a metaphor for a person who is so repulsive that laws would be needed to force people to tolerate them. This relies on the dehumanizing implication that the target is akin to a smelly pest, which constitutes a statement of inferiority and dehumanizing speech.",,
27195,img/27195.png,0,there's a reason we keep the beer in the bottom of the cooler,0.05,0,non-hateful,"The meme uses a double entendre where the word 'bottom' refers to both the bottom of a cooler and the buttocks. While it is sexually suggestive and objectifying in nature, it does not constitute a direct or indirect attack on people based on characteristics such as race, religion, sexual orientation, or disability. It does not evoke historical hate crimes or promote exclusion based on protected classes.",,
47016,img/47016.png,1,"last summer camp was so ""lit""",0.95,1,hateful,"The meme uses the racial slur 'lit' as a pun for 'light' to create an offensive double entendre regarding the race of the girl in the image, attacking her based on ethnicity.",,
24135,img/24135.png,0,good night keep your butthole tight,0.01,0,non-hateful,"The text 'keep your butthole tight' is a sexually suggestive and crude phrase. It does not target any group based on protected characteristics such as race, religion, or orientation, nor does it invoke hate speech as defined.",,
53609,img/53609.png,0,"when your friend insists on paying for dinner but you still want to contribute - just the tip, come on... let me",0.01,0,non-hateful,"The meme depicts a tender moment between two men and uses a common social scenario (splitting the bill) as a setup for a sexually suggestive double entendre. It does not attack any protected group based on ethnicity, religion, gender, sexual orientation, or other characteristics, nor does it dehumanize or express hatred.",,
50317,img/50317.png,1,what in the hell is wrong with america voting towel heads into congress,0.99,1,hateful,"The meme uses the derogatory and dehumanizing slur 'towel heads' to describe a group of people, which is a direct attack based on ethnicity, race, or religion.",,
29750,img/29750.png,1,this cat is getting raped tonight,0.9,1,hateful,"The text uses violent sexual assault language ('raped') to describe an animal, evoking severe pain and violence. This constitutes violent and dehumanizing speech.",,
37658,img/37658.png,1,when your dishwasher is broken so you take it back to walmart to get a new one,0.0,0,non-hateful,"The meme depicts a couple playfully pushing a shopping cart in a parking lot. The text humorously describes a common frustration (a broken appliance) and the resulting trip to a store. It contains no attacks, stereotypes, or derogatory language targeting any protected group.",,
65801,img/65801.png,0,first friday prayers of the islamic holy day,0.01,0,non-hateful,"The meme depicts a large group of men praying together and includes text referencing 'first friday prayers' and 'the islamic holy day'. There is no violent, dehumanizing, or stereotyping language. It presents a religious gathering neutrally or descriptively without attacking any group or implying inferiority.",,
18945,img/18945.png,1,when you decide to go full gas,0.01,0,non-hateful,"The image shows a person standing before a large bonfire and the text reads 'when you decide to go full gas'. This is a slang expression describing high energy or enthusiasm and does not contain any references to protected characteristics, violence, or exclusion.",,
84015,img/84015.png,1,my irony meter just exploded,0.98,1,non-hateful,"The meme depicts a law enforcement officer arresting a suspect, accompanied by the text 'my irony meter just exploded'. While the phrase implies a sense of justice or karma is occurring, neither the text nor the image contains hate speech targeting protected characteristics, does not promote violence or segregation, and does not fit the definition of a hateful attack.",,
67435,img/67435.png,1,when you ask a jewish girl for her number and she starts rolling her sleeve,0.9,1,hateful,"The meme relies on a racial stereotype that Black people hide weapons in their sleeves (referencing the slang 'rolling your sleeve'). By comparing the act of showing a phone number to revealing a concealed weapon, it depicts the subject in a criminal and threatening manner based on their race.",,
45702,img/45702.png,1,"if she's still making noises, you didn't hit her hard enough",1.0,1,hateful,"The meme depicts a woman with visible physical injuries (bruises) and includes text that encourages or justifies violent behavior against women ('if she's still making noises, you didn't hit her hard enough'). This constitutes a direct attack on people based on sex and promotes violence against women.",,
28406,img/28406.png,0,when she gives you that look,0.0,0,non-hateful,"The meme features a woman and text referencing a romantic or affectionate look, which does not contain any attacks on protected groups or characteristics.",,
3568,img/03568.png,0,time to play rich vs the constitution,0.01,0,non-hateful,"The meme depicts a political figure holding a musket with the text 'time to play rich vs the constitution'. This is a political satire suggesting that the figure (associated with wealth) intends to use force against the Constitution or the poor. It does not contain attacks on protected groups such as race, religion, or sexual orientation.",,
17045,img/17045.png,0,celebrating the presidential election,0.01,0,non-hateful,"The meme depicts a man holding a Mexican flag with the text 'celebrating the presidential election.' There is no hateful language, imagery, or implication of inferiority, exclusion, or violence based on any protected characteristic.",,
72904,img/72904.png,1,terrorist trojan horse enemy of the state,0.98,1,hateful,"The meme features a woman wearing a hijab, visually identifying her as Muslim. The text labels her a 'terrorist trojan horse' and 'enemy of the state.' This directly associates a woman practicing her religion with terrorism and treason, constituting a hateful attack based on religion.",,
10362,img/10362.png,1,german british danish austrian diversity. apparently we don't have it and these guys do: iraqi pakistani syrian egyptian,0.95,1,hateful,"The meme attacks people of Iraqi, Pakistani, Syrian, and Egyptian descent by falsely implying they lack the 'diversity' possessed by Western European groups, framing them as inherently homogenous or uncivilized to imply inferiority.",,
40618,img/40618.png,0,when your company valuation hits 1 billion,0.05,0,non-hateful,"The meme features a person of Arab descent in traditional attire celebrating high company valuation. While this may be interpreted as a stereotype regarding wealth in certain Middle Eastern demographics, it lacks violent, dehumanizing, or inferiority-based language, and does not constitute a direct attack or incite exclusion.",,
85621,img/85621.png,0,"no, that's not his daughter... that's his wife! yet the world is silent..",0.95,1,hateful,"The meme uses the phrase 'the world is silent'—a widely recognized antisemitic dog whistle—to imply that sexual relationships between significantly older men and younger women (often referred to as 'sugar daddy' dynamics) are comparable to pedophilia. By invoking a slur associated with genocide to stigmatize a specific type of romantic relationship, it constitutes a hateful attack based on protected characteristics.",,
97320,img/97320.png,0,"""when your dishwasher is broken so you take it back to walmart to get a new one""",0.01,0,non-hateful,"The meme depicts a pile of crushed appliances, specifically dishwashers, with text joking about returning a broken appliance to a store. There is no imagery or language attacking people based on ethnicity, race, religion, or other protected characteristics.",,
49360,img/49360.png,0,who wants ice cream me me me,0.99,1,hateful,"The image displays members of the Ku Klux Klan, a white supremacist hate group historically known for racial violence and terror. The use of this imagery inherently invokes hatred, intimidation, and the dehumanization of non-white people.",,
23645,img/23645.png,1,what do they have in common? you enjoy pushing them down the stairs,0.15,0,non-hateful,"The meme references the common internet copypasta 'you enjoy pushing them down the stairs,' which is a widely recognized euphemism for killing or physically harming someone (often used in the context of the 'pusher' meme or 'down the stairs' meme). While directed at a slinky and a woman in this instance, the phrase itself evokes violence and murder as a punchline. In the context of hate speech definitions, joking about pushing people down stairs can be seen as invoking violence against individuals. However, looking closely at the provided definition: 'direct or indirect attack on people based on characteristics... ethnicity, race... disability...'. This meme does not attack a protected group. It is a general dark humor joke about violence against specific objects/people in the image, not a group based on identity. Therefore, it falls under dark humor/violence but not necessarily 'hate speech' as defined by the specific criteria of attacking protected characteristics. However, some interpretations might argue it trivializes violence. Let's re-read the examples. The examples focus heavily on racial/religious/identity-based hate. This meme is just dark humor about killing things/people. Is it an 'attack on people based on characteristics'? No. It's an attack based on... existing? It's a joke about the urge to push things. It is violent, but is it hateful per the strict definition provided? The definition requires an attack based on characteristics like race, gender, etc. This meme doesn't target a group based on those traits. It targets 'them' (the objects/people shown). Thus, it is likely non-hateful under this specific rubric which focuses on protected characteristics.",,
73482,img/73482.png,0,it's time we took guns away and put them out of the reach of our children,0.0,0,non-hateful,"The meme depicts a child holding a loaded firearm, creating an immediate juxtaposition with the text 'it's time we took guns away and put them out of the reach of our children.' The image provides the literal visual context of children having access to guns, which the text identifies as the problem to be solved. This combination advocates for gun control measures to protect children from gun violence. It does not attack, dehumanize, or target any group based on protected characteristics.",,
98547,img/98547.png,0,waves mexican flag doesn't want to live in mexico,0.75,1,hateful,"The meme implies that the Mexican flag is used only for symbolic protest in the US rather than a genuine connection to Mexico, questioning the sincerity of the individual's identity and potentially mocking immigrants who seek refuge or rights in the US.",,
80512,img/80512.png,1,"you can make jokes about anything, just not illegals that's crossing the border",0.95,1,hateful,"The meme promotes hostility towards immigrants by suggesting that 'illegals crossing the border' are a distinct group that cannot be the subject of jokes, implying they are beneath human dignity or dehumanized.",,
69548,img/69548.png,1,"wait, mohammad come back i didn't mean to laugh, really size dosen't matter to me lol",0.99,1,hateful,"The meme uses a goat wearing a kilt to mock the prophet Muhammad, implying a sexual stereotype and trivializing the figure. This constitutes a direct attack and mockery based on religion.",,
15243,img/15243.png,0,4 am. everyone is asleep perfect time to run from one end of the house to the other at full speed as loudly as possible,0.0,0,non-hateful,The meme depicts a cat acting hyperactively at night. The text describes common feline behavior (the 3 AM zoomies) and does not target any protected group or use dehumanizing language.,,
91586,img/91586.png,1,left the kitchen too many times,0.92,1,hateful,"The meme trivializes domestic violence by joking about a woman with visible physical signs of abuse (bruised and cut face), mocking the severe consequences of violence against women.",,
84762,img/84762.png,1,do you know how to turn your dishwasher into a snowblower? throw em a shovel,0.0,0,non-hateful,"The meme presents a nonsensical question about turning a dishwasher into a snowblower, followed by the punchline 'throw em a shovel.' This is a humorous, albeit absurd, suggestion. It does not contain any attacks on people based on protected characteristics, nor does it promote violence, hate, or exclusion.",,
60893,img/60893.png,0,"busy, like a hive of bees, controlling what your family sees and edits all the news your hear so you'll know what to think and fear till all the truth there is, is gone. that is unless you stand, en masse. """,0.99,1,non-hateful,"The text critiques the entity shown (Google) for controlling information and manipulating fear, which constitutes criticism of a corporation's business practices or political influence. It does not attack any individual or group based on protected characteristics such as race, religion, gender, or sexual orientation.",,
73962,img/73962.png,1,you should treat that the way you treat you vacuum cleaner when it stops sucking change the bag,0.85,1,hateful,"The meme uses the phrase 'stops sucking' to imply a group of people (depicted by the women) are ineffective or worthless, suggesting they should be discarded like a broken object. This constitutes dehumanizing language by reducing people to an appliance.",,
37198,img/37198.png,0,when you're so relaxed you can feel yourself go to the next level,0.01,0,non-hateful,"The meme features a person relaxing on grass with text about reaching a state of deep relaxation. It does not target any protected group, use dehumanizing language, or promote violence or exclusion based on characteristics like race, religion, gender, etc.",,
54069,img/54069.png,1,when you decide to go full gas,0.95,1,hateful,"The meme juxtaposes an image of survivors celebrating liberation from the Holocaust with a modern slang term for reckless driving or substance abuse, which trivializes their suffering and the historical trauma associated with the genocide.",,
79615,img/79615.png,0,what women think men want what men really want,0.85,1,hateful,"The meme creates a sexualized dichotomy, implying that women are shallow for assuming men desire sex ('bimbo' caricature), while men's true desires are masculine interests (tanks). It reinforces negative gender stereotypes and reduces the female subject to a sexual object, constituting an indirect attack based on sex.",,
4769,img/04769.png,1,"if she's pouting like this and you don't immediately drop the argument , motherfucker you gay",0.95,1,hateful,"The meme uses a homophobic slur ('you gay') as an insult to degrade a man's masculinity and character based on his sexual orientation, which constitutes hate speech.",,
29437,img/29437.png,1,what can happen if you eat wheaties for 38 years,0.9,1,hateful,"The meme juxtaposes images of men holding cereal bowls with a woman, captioned with 'what can happen if you eat wheaties for 38 years'. This references a popular internet joke implying that consuming Wheaties (a brand with 'Wheat' in the name) leads to oral sex. This is considered sexist because it objectifies the woman depicted, reducing her role in the joke to that of a sexual service provided as a reward for a dietary habit. It relies on a degrading stereotype about women and sex, constituting an attack based on sex/gender.",,
94387,img/94387.png,0,i'm a fan of the color black on you although the rose gold looks pretty good as well,0.95,1,hateful,"The meme uses 'the color black' as a euphemism for Black people. The punchline suggests that 'rose gold' (white) looks good on them, implying that Black people are better off or should be associated with whiteness rather than their own racial identity. This reinforces colorism and the notion that Blackness is inferior.",,
61973,img/61973.png,1,what do alcoholics and necrophiliacs have in common they both love to crack open a cold one.,0.85,1,hateful,"The meme creates a sexualized comparison between alcoholics and necrophiliacs, implying a connection between consuming cold beverages and performing sexual acts on corpses. This dehumanizes people with addiction and mocks a criminal behavior involving death, which falls under evoking pain from historical or sensitive figures/situations and dehumanizing speech.",,
41296,img/41296.png,0,94% of them test positive for rh blood type which means they have monkey blood as a result they are born with a tail and other animal traits,0.95,1,hateful,"The meme employs dehumanizing rhetoric by claiming that people with Rh-positive blood type possess 'monkey blood' and are 'born with a tail and other animal traits.' This constitutes a direct attack based on physical characteristics, equating a specific group of humans with non-human animals to imply inferiority.",,
47819,img/47819.png,1,"oh, addiction isn't a disease because it started with a choice?? tell me more about how the chlamydia in your crotch isn't a disease, yet it started with a choice",0.95,1,hateful,"The meme mocks individuals struggling with addiction by falsely equating their condition to a sexually transmitted infection (Chlamydia) caused by personal failure. It targets people with disease conditions and those with addictions, promoting stigmatizing stereotypes and implying they are morally inferior for having a medical condition, fitting the criteria of attacking based on disease.",,
78251,img/78251.png,1,watching vegetables grow,0.95,1,hateful,"The meme depicts a girl with Down syndrome and uses the text 'watching vegetables grow' to mock her, implying she is as mentally slow as a vegetable. This is a direct attack on people with disabilities by labeling them as inferior or subhuman.",,
96250,img/96250.png,0,i'm going home i'm russian,0.9,1,hateful,"The meme relies on a widely known racist stereotype linking Russian nationality to theft, implying that the subject is a thief.",,
20437,img/20437.png,0,thanksgiving in china,0.0,0,non-hateful,"The image shows a traditional Thanksgiving meal. The text 'thanksgiving in china' labels this Western holiday within a different geographical context. This is a factual or observational statement that does not contain attacks, dehumanizing language, or stereotypes against any protected group.",,
32981,img/32981.png,0,the latest and greatest. a truck that comes with a dishwasher!,0.99,1,non-hateful,The meme makes a joke about moving a dishwasher into a house by using a truck. There is no content attacking protected groups or characteristics.,,
82301,img/82301.png,1,cooooooooooooon!!!!,0.01,0,non-hateful,"The meme features a dog howling with the text 'GOOOOOOOOOOOOON!!!!!' superimposed. This is a common internet meme format known as 'Howling at the Moon Dog'. The text is likely a humorous exaggeration of excitement (e.g., for a sports victory or celebration). There are no references to protected groups, no dehumanizing language, and no hateful imagery. The meme does not convey a hateful message.",,
17963,img/17963.png,1,removes polish with chemicals nobody bats an eye removes polish with chemicals everybody loses his shit,0.01,0,non-hateful,"The meme makes a general commentary on societal reactions to chemical usage, contrasting social acceptance in one scenario with outrage in another. It does not target any specific protected group, identity, or characteristic, and does not contain hateful language or imagery.",,
80597,img/80597.png,1,look! it says it right here! we can fuck goats!,1.0,1,hateful,"The meme makes a dehumanizing claim about a group of people identifiable by their religious and ethnic markers, explicitly comparing them to animals in a sexual context. This constitutes a direct attack on their religion and ethnicity.",,
73526,img/73526.png,0,"if she's still making noises, you didn't hit her hard enough",0.95,1,hateful,"The text explicitly advocates for physical violence ('hit her') as a method of control, likely targeting women based on the pronoun 'she'. This qualifies as violent speech and an attack on a protected group.",,
74908,img/74908.png,0,she is condemning shooting the gorilla,0.95,1,hateful,"The meme juxtaposes a chimpanzee and a Black female politician. By associating a human with a primate, the meme utilizes a historically racist trope to dehumanize the individual based on her race, implying inferiority.",,
65093,img/65093.png,0,cookie kunty seen in paris,0.0,0,non-hateful,"The meme features Cookie Kunt, a drag queen, in a leopard print dress with a caption claiming he was 'seen in Paris.' Neither the image nor the text contains attacks, slurs, or dehumanizing language. There is no implication of inferiority or calls for exclusion based on protected characteristics.",,
89362,img/89362.png,1,has extra chromosome probably stole it,1.0,1,hateful,"The meme makes a derogatory joke about Down syndrome, referencing the extra chromosome associated with the condition. This targets individuals with a disability, implying they are thieves or criminals, which is a stereotype-based attack.",,
43805,img/43805.png,1,the original scarecrow,0.85,1,hateful,"The meme compares the crucifixion of Jesus, a central event in Christianity, to a scarecrow. This is a derogatory comparison that dehumanizes a religious figure and trivializes a core religious belief, constituting an attack on people based on religion.",,
70953,img/70953.png,1,"""god's chosen people"" according to the book they wrote",0.95,1,hateful,"The meme mocks a religious group (Jewish people) by using the concept of 'God's chosen people' combined with a derogatory caption, which trivializes their identity and implies they are delusional or self-important, constituting a hateful attack based on religion.",,
5316,img/05316.png,0,doing o's with the smoke,0.01,0,non-hateful,"The meme depicts a person smoking marijuana and blowing smoke rings. The text 'doing o's with the smoke' refers to the visual shape of the smoke. There are no attacks on protected groups, dehumanizing language, or harmful stereotypes present.",,
95487,img/95487.png,0,watching vegetables grow,0.99,1,non-hateful,"The meme features an image of a vegetable garden with the text 'watching vegetables grow'. This content is innocuous and does not contain any hate speech, attacks, or negative references to any protected groups or characteristics.",,
1456,img/01456.png,1,they see them rollin..... they hating..,0.99,1,hateful,"The meme juxtaposes images of Nazi leadership with victims of the Holocaust in a concentration camp, using trivializing language ('they seeing them rolling... they hating...') to mock the suffering and genocide of Jewish people and others. This constitutes a hateful message by trivializing historical atrocities and evoking pain from historical figures.",,
46082,img/46082.png,0,the future of the democratic party,0.01,0,non-hateful,"The meme shows Democratic lawmakers at a press conference with the text 'the future of the democratic party.' It is a political commentary on party leadership and contains no attacks, dehumanizing language, or stereotypes targeting protected groups.",,
3197,img/03197.png,1,i'm no bird expert but i'm guessing it's 4 females and 1 male,0.01,0,non-hateful,"The meme features a humorous observation about baby birds in a nest, making a playful guess about their gender. It contains no hateful content, stereotypes, or attacks on any protected group.",,
82945,img/82945.png,0,be careful who you call ugly in highschool,0.05,0,non-hateful,"The meme relies on mocking someone's appearance ('ugly') for comedic effect, implying future regret or revenge. However, making fun of someone's looks in a high school context does not attack a specific protected characteristic or identity group (such as race, religion, disability, or gender) and does not promote dehumanization or exclusion based on such characteristics.",,
73021,img/73021.png,0,when mom asks where all the jews went,1.0,1,hateful,"The text explicitly references the Holocaust (the disappearance of Jewish people) as the punchline to a shrugging meme. This trivializes the genocide of millions of Jews, constituting a direct attack and mockery of a protected religious and ethnic group.",,
38095,img/38095.png,0,haters will say it's photoshop,0.01,0,non-hateful,"The image depicts a surreal hand mutation, and the text comments on the likelihood of it being photoshopped. Neither the image nor the text attacks a protected group, nor do they combined convey a message of hate, inferiority, or exclusion based on ethnicity, religion, or other protected characteristics.",,
49826,img/49826.png,1,white people on cinco de mayo vs. every other day,0.9,1,hateful,"The meme depicts a white man wearing a sombrero, poncho, and mustache as a costume, presenting a stereotypical caricature of a Mexican person. This reduces a racial and national group to a joke and promotes cultural appropriation, which serves as an attack based on ethnicity and nationality.",,
27485,img/27485.png,1,thats the way allah allah i like it!!!,1.0,1,hateful,"The meme juxtaposes a person in a pig mask with a religious figure and the phrase 'allah allah i like it!!!', which mocks the Muslim reverence for Allah by associating it with pigs, animals considered unclean in Islam. This constitutes a derogatory attack based on religion.",,
35497,img/35497.png,0,"old people at weddings always poke me and say ""you're next."" so, i started doing the same thing to them at funerals",0.95,1,hateful,"The meme implies that young children should be killed ('next' in line for death) by having them attend funerals to poke the deceased, which constitutes a dehumanizing attack and a call for violence against a protected group based on age.",,
84036,img/84036.png,0,militant dressed as martyr,0.85,1,hateful,"The image depicts a person in militant attire wearing a head covering with Arabic text referencing 'Quds' (Jerusalem), which is a central symbol of Palestinian national identity. This imagery invokes the context of the Israeli-Palestinian conflict. The text explicitly labels the subject as a 'militant dressed as martyr', trivializing the death of individuals in armed conflict and mocking the concept of martyrdom within that political and religious context.",,
4621,img/04621.png,0,you are what you eat meanwhile in africa,0.95,1,hateful,"The meme uses the 'meanwhile in Africa' trope, a known racist cliché that implies African nations are backward, undeveloped, or inhumane. This constitutes a direct attack based on nationality and geography, evoking stereotypes of inferiority.",,
59170,img/59170.png,0,and just like that... this sandwich maker doubles as an ironing board,0.0,0,non-hateful,"The meme depicts a sandwich maker using a flat-top grill to press down on slices of bread, joking that it works like an ironing board. This is a humorous observation about the utility of kitchen appliances and contains no language or imagery attacking any protected group or individual.",,
93528,img/93528.png,1,portable dishwasher slash sandwich maker,0.01,0,non-hateful,"The meme depicts a couple celebrating moving into a new home, accompanied by text joking about the appliances present. There is no hateful content in the image or text, nor is there any attack on protected groups.",,
64072,img/64072.png,1,trump said immigrants come here to steal your wife is a great example she stole my speech,0.1,0,non-hateful,"The text references a controversial statement regarding immigrants 'stealing' your wife to illustrate a point, utilizing the subject of immigrants. However, it functions as a sarcastic rebuttal to the premise rather than a direct attack, dehumanization, or call for exclusion against a specific group.",,
80426,img/80426.png,1,a talking ape,1.0,1,hateful,"The text explicitly compares the subject, Michelle Obama, to an ape. This is a dehumanizing racial slur used to demean Black people by associating them with monkeys, which fits the definition of a direct attack based on race.",,
14873,img/14873.png,1,human dna found in ancient goat carcass scientists believe this is first proof muhammad existed,0.98,1,hateful,"The meme mocks the Prophet Muhammad, a central figure in Islam. By presenting a goat carcass as a 'proof' of his existence, it trivializes his life and uses dehumanizing imagery to ridicule him, constituting an attack based on religion.",,
50261,img/50261.png,1,haters will say it's photoshop,0.9,1,hateful,"The meme features a Black swimmer and includes text suggesting that his physical achievements or appearance are being falsely accused of being doctored ('photoshop'), which alludes to stereotypes questioning the legitimacy of Black excellence and success.",,
16850,img/16850.png,0,okay okay okay here's my serious face do i look fuhrerious yet?,0.98,1,hateful,"The meme features a photograph of Adolf Hitler with text that makes a pun using the word 'fuhrerious' (derived from the title Führer). This trivializes a hate crime (the Holocaust) and evokes pain from a historical figure responsible for genocide, fitting the definition of hate speech.",,
12973,img/12973.png,1,someone added to much soap to the dishwasher again,0.0,0,non-hateful,The meme features a woman covered in soap suds and text referencing a common household mishap with a dishwasher. It does not contain any attacks on protected groups or characteristics.,,
62948,img/62948.png,1,"black lives matter >""how"",""why""and ""to whom"" is unclear",0.95,1,hateful,"The meme employs a racial stereotype that dehumanizes Black people by depicting them as prisoners, while simultaneously using the phrase 'black lives matter' to imply the slogan is meaningless or nonsensical. This constitutes a hateful attack on the Black Lives Matter movement and African Americans by associating them with incarceration and dismissing the validity of their struggle for equality.",,
53769,img/53769.png,0,in 1979 jimmy carter created the department of education since then the u.s. has gone from 1st to 17th in education,0.01,0,non-hateful,"The meme presents a political argument claiming that the Department of Education, created by Jimmy Carter, caused a decline in US educational rankings. It attacks a policy and a political figure but does not target any protected groups based on ethnicity, race, religion, gender, or other characteristics defined as hateful. Therefore, it does not meet the criteria for hate speech.",,
46812,img/46812.png,0,goat meat is very popular in islamic countries,0.0,0,non-hateful,"The meme makes a factual statement about the popularity of goat meat in Islamic countries. It does not contain attacks, stereotypes, or dehumanizing language, nor does it invoke pain from historical figures. It is a neutral observation about dietary habits.",,
83745,img/83745.png,1,it is time.. to send these parasites back to the desert,0.95,1,hateful,"The meme calls for the expulsion of a group based on geographic origin ('parasites back to the desert'), using dehumanizing language and invoking violent imagery.",,
43275,img/43275.png,1,my husband is always pushing me around... and talking behind my back,0.95,1,hateful,"The meme uses a double entendre based on the physical position of a person in a wheelchair. By using the phrases 'pushing me around' and 'talking behind my back' in reference to someone assisting a disabled person, it relies on and reinforces negative stereotypes that characterize disabled individuals as burdens or helpless.",,
30927,img/30927.png,0,doesnt let anything stop her have a great day,0.01,0,non-hateful,"The meme depicts a smiling woman in a wheelchair working at a laptop with the text 'doesn't let anything stop her have a great day.' This is a positive, motivational message celebrating resilience and does not attack or dehumanize people based on disability or any other protected characteristic.",,
49650,img/49650.png,1,"and then i asked mom, what's for dinner?",0.0,0,non-hateful,"The meme depicts a young boy asking his mother about dinner. It contains no attacks, stereotypes, or derogatory language directed at any protected group.",,
4538,img/04538.png,0,"bows here, bows there, bows everywhere",0.98,1,hateful,"The meme compares a cat with a bow to a young black girl with a bow using the text 'bows everywhere.' This juxtaposition relies on and reinforces stereotypes regarding black children, implying a connection between the black girl and the animal. This is dehumanizing and constitutes an attack based on race.",,
26453,img/26453.png,1,"a ww2 jewish prisoner trying to escape the auchschwitz showers (1943, colorized) wwii jew escaping hitler's rath",0.98,1,hateful,"The meme uses dark humor to mock the Holocaust and the suffering of Jewish prisoners in Auschwitz, trivializing genocide and dehumanizing victims based on religion and ethnicity.",,
54819,img/54819.png,0,beauty shot of girlfriends focusing on different thoughts and ideas,1.0,1,non-hateful,"The image depicts three diverse women in a neutral, artistic manner, and the text describes a 'beauty shot' focused on thoughts and ideas. There are no elements attacking protected groups, promoting violence, or invoking hate.",,
49260,img/49260.png,0,it's the goat humper looks like a bunch of pigs just walked over your grave,0.95,1,hateful,"The meme utilizes a 'Graveyard Dirt' joke format to deliver a message of exclusion and hostility. By stating 'looks like a bunch of pigs just walked over your grave', it expresses a malicious desire for the victim's death and implies that their demise is a positive or just event, fulfilling the criteria for hateful speech.",,
97453,img/97453.png,0,potato is my favorite color of the alphabet,0.0,0,non-hateful,"The meme contains a nonsensical joke stating that 'potato' is a favorite color and part of the alphabet. It does not contain any attacks, slurs, or references to protected groups such as race, religion, or gender.",,
32875,img/32875.png,0,if he wears number one he's most likely the fastes on the team,0.95,1,hateful,"The meme relies on a racist stereotype associating Black athletes, specifically running back Barry Sanders, with the concept of 'fastness.' By implying that his speed is his defining or only notable characteristic based on his race, it reduces the individual to a caricature, which constitutes a statement of inferiority.",,
50984,img/50984.png,0,a cat in a pot,0.0,0,non-hateful,"The image displays a cat sitting inside a cooking pot on a stove with the text 'a cat in a pot'. There are no elements in the image or text that attack, dehumanize, or target any group based on protected characteristics such as race, religion, gender, or disability. The content is purely humorous and literal.",,
26397,img/26397.png,0,there are still parts of the world where people celebrate capital punishment,0.01,0,non-hateful,"The meme depicts a scene of execution and pairs it with text celebrating capital punishment. While capital punishment is a controversial political issue, advocating for or expressing approval of state-sanctioned execution is not hate speech as it does not attack a protected group based on ethnicity, race, religion, or sexual orientation, nor does it invoke historical racial terror or genocide.",,
17950,img/17950.png,0,"i was excoriated for a harmless ""tweet"" and ""my show"" was cancelled",0.85,1,hateful,"The meme juxtaposes an image of a white woman with the text 'i was excoriated for a harmless tweet' against an image of a Black man (Corbin Bleu) with the text 'and my show was cancelled'. This creates a comparison implying that the white woman's punishment was excessive relative to her action ('harmless'), while the Black man's professional consequence ('show cancelled') is presented as disproportionate or unjust. By framing a minority figure's professional outcome as negative and comparable to a white person's minor social criticism, it invokes racial bias and implies inferiority or unfair targeting based on race.",,
38047,img/38047.png,0,"""stupid bitch"" is not a race",0.99,1,hateful,"The meme utilizes a racial slur and explicitly references race, serving as a direct verbal attack against Black people and trivializing racial prejudice.",,
28017,img/28017.png,1,say it! say it ! islam is the religion of peace,1.0,1,hateful,"The meme juxtaposes violent imagery of religious persecution with the text 'islam is the religion of peace'. By using irony to equate Islam with bloodshed and terrorism, it creates a dehumanizing and violent stereotype attack on a religious group.",,
78462,img/78462.png,0,"in the last days there will be scoffers, ridiculers, deniers and mockers following after their own lusts",0.85,1,hateful,"The meme uses a religious quote ('scoffers, ridiculers... following after their own lusts') applied to an elderly Black man. By attributing 'lusts' and negative moral labels to an individual primarily based on their race or appearance, the content reinforces negative stereotypes and dehumanizes the subject, constituting an attack based on protected characteristics.",,
69150,img/69150.png,1,"""white privilege the privilege of being called ""racist"" by other people who see nothing else about you except the color of your skin",0.85,1,hateful,"The meme promotes the 'both sides' fallacy by equating the experience of systemic racial privilege with the act of being labeled racist. It trivializes the harm caused by racism and justifies discriminatory behavior by framing the consequences as a mere grievance of the aggressor, rather than an attack on a protected group.",,
3745,img/03745.png,1,your order comes to $37.50 and your white privilege discount brings the total to $37.50,0.8,1,hateful,"The meme uses the term 'white privilege' to satirize racial inequality by suggesting a discount that results in no savings, thereby trivializing the concept and mocking systemic racism.",,
31570,img/31570.png,1,"busy, like a hive of bees, controlling what your family sees and edits all the news your hear so you'll know what to think and fear till all the truth there is, is gone that is unless you stand, en masse. """,0.95,1,hateful,"The text implies that the Jewish people are collectively responsible for controlling and censoring the news to hide the truth, which is a harmful conspiracy theory and a dehumanizing attack on a religious group.",,
16923,img/16923.png,1,do you like goat anus? smell my finger,0.01,0,non-hateful,"The text 'smell my finger' is a vulgar insult used to express contempt or dominance (similar to giving the finger). It does not target any protected group based on race, religion, gender, or other characteristics defined in the hate speech policy.",,
91468,img/91468.png,0,"you want a whore? buy one. you want a queen? earn her. you want a nickel bag? fifteen bucks, little man",0.9,1,hateful,"The meme uses the slur 'whore' to denigrate and devalue sex workers, framing them as disposable commodities compared to a queen. This constitutes a dehumanizing attack and statement of inferiority based on occupation and gender.",,
34975,img/34975.png,0,what if the only reason mary got pregnant... is because god is gay and needed a surrogate,0.9,1,hateful,The meme suggests that the biblical figure God is gay and used a surrogate to have a child. This attacks the LGBTQ+ community by using their identity as the punchline to a joke mocking the sacred story of Mary's pregnancy. It relies on stereotypes and mockery of sexual orientation to create a comedic effect.,,
68530,img/68530.png,1,a fast sandwich maker,0.95,1,hateful,The meme caption 'a fast sandwich maker' uses a racial stereotype referring to food preparation when describing a Black female athlete. This attacks the individual based on her race by implying her athletic ability is secondary to or conflated with a domestic stereotype associated with Black women.,,
47103,img/47103.png,0,maybe we weren't consistent sources of crime we'd be treated better,0.9,1,hateful,"The meme contains the text 'maybe we weren't consistent sources of crime we'd be treated better'. By explicitly attributing 'sources of crime' to an implied group and complaining about how they are 'treated', it relies on and reinforces harmful stereotypes regarding the criminality and social treatment of a specific community (likely marginalized or minority groups). This constitutes an attack based on a protected characteristic.",,
42580,img/42580.png,1,jack and jill went up the hill so jack could lick her candy but jack got a shock and a mouthful of cock cause jills real name was randy,0.95,1,hateful,"The meme uses the name 'Randy' as a punchline to imply the subject is transgender or male, creating a homophobic or transphobic joke based on sexual orientation or gender identity.",,
73605,img/73605.png,0,no matter what smile,0.95,1,hateful,"The image depicts the 'Smile, Dima!' experiment, where a young Jewish girl was forced to smile by a Nazi officer during the Holocaust. The meme utilizes this historical trauma to impose a dismissive attitude on suffering, mocking the victim and trivializing genocide.",,
79603,img/79603.png,1,its friday cunts lets get on the gas,0.99,1,hateful,"The meme uses text referencing 'gas' over an image of people on a train to evoke imagery of the Holocaust and the mass murder of Jews and others in gas chambers, trivializing genocide.",,
68409,img/68409.png,1,for the last time im not michelle obama,0.95,1,hateful,"The meme uses a person in a Bigfoot costume, a stereotypical and dehumanizing depiction historically associated with Black people, juxtaposed with text denying to be a Black female figure (Michelle Obama). This combination reinforces harmful stereotypes by linking the individual to an animalistic caricature, constituting a racial attack based on appearance.",,
87251,img/87251.png,0,i love apes they are both ugly and cute,0.99,1,hateful,"The text explicitly claims that a Black child and a gorilla are both 'ugly', implying they share negative physical traits and dehumanizing the child based on their race.",,
49621,img/49621.png,0,"wait, mohammad come back i didn't mean to laugh, really size dosen't matter to me lol",0.95,1,hateful,"The meme uses the name 'Mohammad'—a common Muslim name—as a setup for a crude sexual joke about genital size. This targets individuals based on their religion and ethnicity by associating them with derogatory stereotypes and mocking them, which constitutes a direct attack under the provided definition.",,
19523,img/19523.png,0,they see them rollin.... they hating..,0.01,0,non-hateful,"The meme features a cat riding a bike with the text 'they see them rollin... they hating...'. This is a popular meme format used to express smugness or a feeling of success while others envy it. It does not contain any attacks on people based on protected characteristics, nor does it promote violence or dehumanization.",,
98235,img/98235.png,0,fashion forward !,0.0,0,non-hateful,"The meme depicts a woman wearing a hijab in a fashionable manner with the caption 'fashion forward!'. It is a neutral or positive portrayal of a person of a specific religion, lacking any attacks, stereotypes, or dehumanizing language.",,
62035,img/62035.png,1,thank god my ass needed a break,0.99,1,non-hateful,"The meme features a goat with text expressing gratitude for a bodily function, which contains no attacks on protected groups or hateful content.",,
73945,img/73945.png,0,jamal is holding a gun,0.9,1,hateful,"The meme depicts a child holding a gun while being referred to as 'Jamal,' a name often stereotypically associated with Muslim or Arab identities. This pairing invokes racial and religious stereotypes linking those groups with violence, which constitutes a hateful attack based on ethnicity, religion, and nationality.",,
14026,img/14026.png,1,told girlfriend that mom is deaf so speak loud and slow told mom that girlfriend is retarded,0.95,1,hateful,"The meme uses the term 'retarded', which is a slur and an offensive term for people with cognitive disabilities, implying they are inferior.",,
21643,img/21643.png,0,haha pig man is peeing standing up,0.95,1,hateful,"The meme depicts a Muslim man standing up to urinate, which violates Islamic religious guidelines that require squatting for defecation or urination. The text mocks this behavior, targeting the man based on his religion and identity.",,
83954,img/83954.png,1,head teachers given the power to ban the burqa in british schools share if you want a full ban in britain!,0.95,1,hateful,"The meme links wearing the burqa to negative behavior in schools and calls for exclusion (a ban), attacking a religious group by implying inferiority and advocating segregation based on their religious dress.",,
87034,img/87034.png,0,you don't need a parachute to go skydiving twice you need a parachute to go skydiving twice,0.0,0,non-hateful,"The meme contains a joke about skydiving safety and parachutes. It does not contain any attacks based on protected characteristics such as race, religion, gender, or disability, nor does it invoke hate speech tropes.",,
54930,img/54930.png,1,not all muslims are isis! some are al-qaida the rest are taliban,0.98,1,hateful,"The meme equates the entire Muslim population with specific terrorist organizations (ISIS, al-Qaeda, Taliban), presenting them as the only subsets of the religion. This creates a hateful message by dehumanizing Muslims and attacking them based on their religious identity.",,
18059,img/18059.png,1,"they are like sperm you get millions, but only one works",0.95,1,hateful,"The meme compares refugees to sperm, using language that dehumanizes them by implying they are merely a disposable biological mass where the vast majority are unwanted.",,
2143,img/02143.png,1,"doesnt have food, water, electricity proud of nuclear weapons",0.95,1,hateful,The meme targets a specific nationality (Pakistan) by highlighting negative socio-economic indicators (lack of basic needs) to mock the country and imply a misplaced national priority (pride in nuclear weapons). This constitutes an attack based on nationality by characterizing the group's priorities as absurd.,,
7382,img/07382.png,1,wouldn't be the last time those people used the oven this way,0.98,1,hateful,"The meme utilizes the fairy tale of Hansel and Gretel, specifically the scene where the witch attempts to kill the children, and overlays text referencing the Holocaust ('last time those people used the oven'). This creates a hateful association that trivializes genocide by comparing it to a fairy tale or implying the victims of the Holocaust were foolish for not escaping.",,
16842,img/16842.png,0,every kitchen needs a sandwich maker just like this one,0.0,0,non-hateful,"The meme simply states that every kitchen needs a sandwich maker and displays an image of the appliance. There is no hate speech, attack, or dehumanizing content targeting any protected group.",,
63280,img/63280.png,1,so you're never going to forgive the germans because of the holocaust? same,0.1,0,non-hateful,"The meme juxtaposes the Holocaust with the genocide of Native Americans to express solidarity with a victim group. The text uses the phrase 'the Germans' as a blanket term for the perpetrating nation, and the image utilizes a historical figure to represent a victimized group. Neither element attacks the viewer or promotes exclusion based on their protected characteristics. Instead, it critiques historical oppression.",,
51306,img/51306.png,0,eat some cookies you're not yourself when you're hungry,0.85,1,hateful,"The meme features Adolf Hitler, a historical figure responsible for the genocide of millions. While the specific captions are benign, the use of this figure inherently invokes the pain and trauma associated with the Holocaust and Nazi ideology, fitting the definition of evoking pain from historical figures.",,
46518,img/46518.png,1,"it's the goat humper, looks like a bunch of pigs just walked over your grave",0.99,1,hateful,"The meme uses dehumanizing slang ('goat humper') and derogatory idioms ('pigs just walked over your grave') to attack and mock the Islamic faith and its practitioners. It invokes pigs, considered unclean in Islam, to express contempt for the subject's religious practices.",,
17265,img/17265.png,0,meanwhile in baltimore,0.92,1,hateful,"The meme depicts two baboons mating with the caption 'meanwhile in baltimore'. By associating a specific city (Baltimore) with animalistic behavior, it implies that the people living there, who are predominantly African American, are behaving like animals. This constitutes dehumanizing speech targeting a group based on race, geography, and socio-economic status.",,
94813,img/94813.png,0,thats the way allah allah i like it!!!,0.85,1,hateful,"The meme uses the exclamation 'allah allah' (referencing the Arabic word for God) in the context of a dance, implying an association between the Islamic faith and a specific dance style (Bhangra) performed by women of South Asian descent. This acts as a derogatory stereotype targeting people based on their religion and ethnicity.",,
60183,img/60183.png,1,nein danke i'm very happy with my gas supplier,1.0,1,hateful,The meme uses a historical figure associated with genocide and combines it with text that trivializes the Holocaust by framing mass murder via gas chambers as a consumer satisfaction issue.,,
47162,img/47162.png,1,what do these two have in common? they both are good at sucking they both come with a bag,0.95,1,hateful,"The meme uses a double entendre to make sexually degrading remarks about a woman, equating her with a vacuum cleaner and explicitly mentioning a sexual act. This constitutes dehumanizing speech and a statement of inferiority based on gender/sex.",,
26547,img/26547.png,1,that's the way allah allah i like it,0.9,1,hateful,"The meme uses religious terms ('allah') in combination with 'i like it' and an image of a goat, which serves as a derogatory slur equating the religion or its followers with animals. This constitutes a dehumanizing attack based on religion.",,
89642,img/89642.png,1,i treat them like java treats its generic parameters at run time as objects,0.9,1,hateful,"The meme compares women to 'objects', which constitutes dehumanizing speech. This aligns with the definition of hate speech as an attack based on sex or gender identity.",,
16749,img/16749.png,0,broken dishwasher,0.01,0,non-hateful,"The meme depicts a pile of broken appliances with the text 'broken dishwasher'. It contains no references to protected characteristics, no attacks, stereotypes, or dehumanizing language directed at any group of people.",,
68401,img/68401.png,0,when you date an asian boy and you trynna get his family to accept you,0.8,1,hateful,"The meme relies on a racial stereotype regarding Asian dating and family dynamics, implying that obtaining acceptance is an inherently difficult or unique burden for those dating Asian men, which constitutes an attack based on ethnicity.",,
98720,img/98720.png,0,when your wife just died giving birth to your daughter and you're alone in the room with your naked just born daughter,0.01,0,non-hateful,"The meme features an elderly man, typically associated with an Indian village setting, screaming in despair. The text overlays a traumatic scenario involving the death of a wife during childbirth and the presence of a naked newborn. While the text describes a distressing and sensitive situation involving gender and family tragedy, it serves as a narrative context for the visual humor (the man's scream). It does not attack a protected group, imply inferiority based on ethnicity or religion, nor does it use the scenario to mock a hate crime or evoke pain from a historical atrocity. It falls under the category of 'dark humor' rather than hate speech.",,
96180,img/96180.png,1,putting bows on your pet,0.05,0,non-hateful,"The image juxtaposes a cat and a child wearing identical pink bows with the caption 'putting bows on your pet.' While the comparison between a child and a pet can be interpreted as dehumanizing or objectifying, it does not target individuals based on protected characteristics such as race, religion, ethnicity, or gender identity. It lacks the specific criteria for hate speech outlined in the definition.",,
2518,img/02518.png,0,when the dog bites you and you bite back to assert dominance,0.01,0,non-hateful,"The meme depicts a humorous interaction between a human and a dog involving biting to assert dominance. There is no attack on any protected characteristics such as race, religion, or gender. The content is unrelated to hate speech.",,
10785,img/10785.png,1,"time to put the ""panic"" back in hispanic",0.9,1,hateful,"The meme uses a pun combining 'panic' and 'Hispanic' to mock the Hispanic ethnicity, treating the racial identity as a punchline.",,
73601,img/73601.png,1,when you are white and stole your first bike,0.95,1,hateful,"The meme links a specific act (stealing) directly with white identity, reinforcing a racial stereotype that associates white people with criminal behavior. This constitutes an attack on a racial group.",,
96472,img/96472.png,1,white power!,1.0,1,hateful,"The image depicts members of the Ku Klux Klan, a hate group defined by racism and white supremacy. The text explicitly promotes the hate slogan 'white power!', which serves as a direct statement of racial supremacy and exclusion.",,
39018,img/39018.png,0,"she said ""i want a ring"" i said ""bitch take your phone off silent!""",0.1,0,non-hateful,"The meme utilizes a 'bait and switch' joke structure where a statement typically associated with women asking for marriage (a ring) is subverted into a mundane complaint about phone etiquette (silent mode). While it uses the vulgar term 'bitch', in this context, it serves as an aggressive interjection or expletive rather than a direct attack or dehumanization based on a protected characteristic like sex or gender identity. The intent is comedic exaggeration of annoyance rather than hate speech.",,
62319,img/62319.png,1,"america in 2045 ""grandpa...why didn't you stop them?!""",0.99,1,hateful,"The meme depicts a dystopian version of the US in 2045 dominated by figures wearing burqas, accompanied by text asking why the past generation did not stop 'them'. This creates a hateful narrative by framing the presence or influence of Muslims as an existential threat that was allowed to happen, effectively attacking a religious group by suggesting they are a hostile force that took over the country.",,
54108,img/54108.png,1,does nike also sell stones in case they take it off?,0.95,1,hateful,"The meme relies on the derogatory slur 'stone' (referencing stonewalls/transgender people) to mock the woman's appearance or perceived gender identity, characterizing her as transgender. This constitutes a hateful attack based on gender identity.",,
8451,img/08451.png,0,when you ask a jewish girl for her number and she starts rolling her sleeve,0.99,1,hateful,"The meme combines the phrase 'Jewish girl' with an image of emaciated Holocaust survivors to create a dark joke about concentration camp tattoo numbers. This trivializes the Holocaust and treats the genocide of Jewish people as a punchline for a dating joke, evoking pain from historical figures and mocking the suffering of a religious/ethnic group.",,
56207,img/56207.png,1,we broke up but she said we could still be cousins,0.01,0,non-hateful,"The meme text describes a relationship dynamic after a breakup with a humorous twist. It does not contain attacks, stereotypes, or dehumanizing language directed at any protected group.",,
37692,img/37692.png,0,"""islam is a religion of peace stop criticizing my religion""",0.95,1,hateful,"The meme features an image of a man wearing a kufi cap (associated with Muslim identity) combined with text that mocks the 'Islam is a religion of peace' narrative. This creates a hateful meaning by using ridicule to dismiss and attack the religious beliefs of Muslims, dehumanizing the group through mockery.",,
21075,img/21075.png,0,size of a shuttle bus legroom of a pinto,0.0,0,non-hateful,"The meme critiques the interior space of a Humvee by comparing its legroom to that of a horse ('pinto'). It does not target any protected group based on ethnicity, religion, nationality, or other characteristics, nor does it employ dehumanizing language or stereotypes against a specific people.",,
9152,img/09152.png,0,"i don't have ex's. i have y's. like, ""y the hell did i date you?!?""",0.0,0,non-hateful,"The meme features comedian Kevin Hart making a joke about past romantic relationships, stating he views them as mistakes rather than 'exes'. It targets relationship dynamics and personal regret, not a protected group.",,
87130,img/87130.png,1,finally finding the right tutorial you need indian accent,0.8,1,hateful,"The meme relies on and reinforces a stereotype regarding Indian accents, specifically the negative perception of them in online tutorials, which constitutes a mockery of a nationality/accent group.",,
34209,img/34209.png,0,how about a nice 12 yr old? bartender: him: boy i would love that,0.98,1,hateful,"The meme relies on a stereotype that associates clergy with pedophilia by presenting a sexual proposition involving a minor as a positive response, thereby making a dehumanizing attack on the religious profession.",,
42058,img/42058.png,0,for lunch vlad the impaler loved turkey,0.85,1,hateful,"The meme juxtaposes a roasted turkey with a pun on 'Vlad the Impaler', the ruler of 'Wallachia' (phonetically similar to 'turkey'). This links a historical figure known for extreme violence and torture (impaling) to a nationality. By associating the people of Turkey with Vlad the Impaler and his methods of torture, it evokes pain from historical figures and relies on violent historical stereotypes.",,
76092,img/76092.png,0,everybody is afraid of gangs,0.95,1,hateful,"The meme uses the phrase 'everybody is afraid of gangs' while displaying two Black men, reinforcing a negative racial stereotype that associates Black individuals with criminal behavior and danger.",,
76295,img/76295.png,0,islamic extremist planning new project,0.95,1,hateful,"The meme uses the image of armed combatants and the label 'Islamic extremist' to imply that the people depicted are planning a violent project or attack, thereby reinforcing a harmful stereotype that associates Islam or Muslims with terrorism and violence.",,
57208,img/57208.png,0,i had potato for lunch,0.01,0,non-hateful,"The meme features a smiling man stating 'i had potato for lunch'. Neither the image nor the text contains any attacks, stereotypes, or references to protected characteristics such as race, religion, disability, or gender. It is a simple, innocent statement about food consumption.",,
87169,img/87169.png,1,albanians talking photo with a porn star,0.95,1,hateful,"The meme uses the nationality 'Albanians' to set up a scenario implying they are talking to a 'porn star', relying on and reinforcing negative stereotypes regarding Albanian people and their association with the sex industry. This acts as a dehumanizing attack on a specific nationality.",,
64125,img/64125.png,0,ooof. that's gotta hurt,0.9,1,hateful,"The meme features a black man making a mocking 'ooof' face in response to a punch from a white man. This visual dynamic serves to trivialize violence inflicted upon Black individuals and uses a racial caricature, constituting a dehumanizing attack based on race.",,
68459,img/68459.png,1,family trip in mexico,0.95,1,hateful,"The meme trivializes the dangerous and humanitarian crisis of asylum seeking by labeling it a 'family trip,' mocking the trauma and vulnerability of individuals facing border enforcement.",,
28905,img/28905.png,1,"hey, i just met you and this is crazy but here's your number.. so camping, maybe?",0.95,1,hateful,"The image features Adolf Hitler, a historical figure defined by hate, genocide, and extreme antisemitism. By using his image in a casual pickup meme, the content trivializes the atrocities associated with him and evokes pain based on the definition provided.",,
48236,img/48236.png,0,that blood you donated could be in someone's boner right now,0.01,0,non-hateful,"The meme makes a crude sexual joke about blood donation and genitalia. It does not contain any attacks, stereotypes, or dehumanizing language based on ethnicity, race, religion, gender, or any other protected characteristics.",,
32568,img/32568.png,1,america taught us how to be happy slaves the same way school teach us how to be happy employees,0.05,0,non-hateful,"The meme uses the term 'slaves' in a generalizing statement about 'america' and 'us'. While it references the history of slavery, it presents a political or sociological critique of the education system and societal conditioning rather than a direct attack or dehumanization of a specific protected group based on race, ethnicity, or other characteristics.",,
10749,img/10749.png,1,my sense of humor is so dark it picks cotton,0.95,1,hateful,The meme creates a dark pun by juxtaposing the concept of 'dark humor' with a historical image of Black people enslaved picking cotton. It trivializes the brutality of slavery and evokes pain from this historical period of racial oppression and dehumanization.,,
29174,img/29174.png,0,the crimes against humanity should not be swiftly forgotten,0.9,1,hateful,"The meme uses a historical image depicting the aftermath of a mass atrocity and explicitly labels it 'crimes against humanity.' This falls under the definition criterion of 'evoking pain from historical figures.' The content focuses on the suffering of victims of genocide (likely the Holocaust) and serves as a reminder of those atrocities, rather than attacking a protected group with dehumanizing speech or statements of inferiority.",,
64510,img/64510.png,0,mohammad won the contest in putting underwear on goats,0.98,1,hateful,"The meme uses a misspelling of the Prophet Muhammad's name to reference the 'underwear bomber' incident. It mocks Islam and Muslims by comparing their religious practices to dressing goats in underwear, dehumanizing the group and implying their beliefs are absurd or equivalent to animals.",,
95086,img/95086.png,1,novaky concentration camp these jews can claim holocaust pensions,1.0,1,hateful,"The meme trivializes the Holocaust by equating a leisure activity to a death camp and mockingly suggests Jewish people are lying about their suffering to receive money, directly attacking the group by denying their historical trauma.",,
4857,img/04857.png,1,...even the dumb jews know that! trump is a racist.,1.0,1,hateful,"The text uses a racial slur and derogatory term to attack Jewish people by claiming they are 'dumb,' which constitutes a statement of inferiority based on religion and ethnicity.",,
84510,img/84510.png,1,bartender: how about a nice 12 yr old? him: boy or girl?,0.95,1,hateful,"The meme utilizes a stereotype linking a religious figure (a priest) with sexual attraction to children (the phrase 'nice 12 yr old'). By suggesting pedophilia, it constitutes a hateful attack and dehumanization of individuals based on their religion.",,
5126,img/05126.png,1,can you smell what the reich is cooking,1.0,1,hateful,"Trivializes the Holocaust by making a pun on the suffering and mass murder of Jewish people, treating genocide as a joke.",,
1796,img/01796.png,1,life hack #23 how to get stoned with no weed,0.01,0,non-hateful,"The meme depicts an affectionate moment between two women, one wearing a hijab. The text 'how to get stoned with no weed' is a playful caption referring to feeling 'stoned' (giddy or in love) rather than a reference to drug use. It does not contain attacks, stereotypes, or derogatory remarks based on protected characteristics such as religion, race, or gender.",,
48670,img/48670.png,0,look at this sandwich maker club i found on wish on clearance,0.01,0,non-hateful,"The meme is a humorous post about finding a sandwich maker on clearance at an online shopping site. It contains no text or imagery that attacks, dehumanizes, or stereotypes any group based on protected characteristics.",,
90267,img/90267.png,0,i've been driving this baby for years the mileage isn't great but still gets the job done,0.95,1,hateful,"The meme uses a double entendre, where 'driving this baby' implies a sexual act with the woman in the car, treating her as a vehicle or object. This constitutes dehumanizing speech based on sex.",,
93172,img/93172.png,0,this is a terrorist,0.05,0,non-hateful,"The meme labels a specific individual as a terrorist. While this is an insult, it does not constitute hate speech because it targets an individual rather than a protected group (such as a race, religion, or nationality), and the term is not used to incite violence or dehumanize a demographic category.",,
17682,img/17682.png,1,give them what they deserve kill them all,0.95,1,hateful,"The text 'kill them all' is a direct call for violence. Although it lacks a specific target in the image, this phrase is commonly used as a hateful slogan to incite harm against groups and is considered violent speech.",,
27635,img/27635.png,1,dat ass ahmarbkrich*d,1.0,1,hateful,"The meme uses the term 'ahmarbkrich', a derogatory slur targeting Maronites (a Christian ethnic and religious group in Lebanon), combined with an image mocking the group's physical appearance. This constitutes a hateful attack based on ethnicity and religion.",,
1268,img/01268.png,0,father and daughter bonding time is the best like and share if you agree,0.01,0,non-hateful,"The meme depicts a father and daughter hugging, accompanied by positive text about bonding. It contains no attacks, stereotypes, or derogatory language towards any group based on protected characteristics.",,
59738,img/59738.png,1,what's the difference between a refugee and e.t e.t learned english and wanted to go home,0.9,1,hateful,"The meme attributes a dehumanizing and bigoted sentiment to the character George Costanza, stating that immigrants ('e.i') only stay because they cannot speak English and want to go home, which is a statement of inferiority and exclusion targeting people based on nationality and immigration status.",,
47950,img/47950.png,0,"democrats ilhan omar alexandria ocasio-cortez ayanna pressley rashida tlais we're new, bold, and we hate you! we hate whites, jews, christians, conservatives, republicans,",1.0,1,hateful,"The meme explicitly attacks protected groups including White people, Jewish people, and Christians, labeling them as targets of hatred based on race, religion, and ethnicity.",,
86195,img/86195.png,0,dolled up and rolling with the gang like,0.98,1,hateful,"The image displays Adolf Hitler and Benito Mussolini, the central figures of Nazism and Fascism, ideologies responsible for the Holocaust, genocide, and world war. Depicting these historical hate figures in a casual, celebratory manner trivializes their crimes and glorifies the perpetrators of mass murder against Jewish people, the Roma, people with disabilities, and others.",,
95613,img/95613.png,1,what a weird way to spell fat and single,0.9,1,hateful,"The meme attacks women who identify as feminists by equating their identity with being 'fat' and 'single,' using body shaming and negative stereotypes about relationship status as a dehumanizing insult.",,
42538,img/42538.png,0,and at that moment everything else in the world just melted away,1.0,1,non-hateful,"The meme depicts a romantic moment between a couple with text expressing that the world 'melted away', conveying a message of love and intimacy without any hate speech, attacks, or negative generalizations.",,
84273,img/84273.png,0,when you're the reason for the company safety video,0.8,1,hateful,"The meme uses an image of a man making a 'thumbs up' gesture and the text 'when you're the reason for the company safety video' to imply that the person depicted is unsafe, dangerous, or the cause of workplace accidents. This constitutes an attack on the individual, labeling them as incompetent or a liability, which falls under statements of inferiority.",,
71680,img/71680.png,1,muslim strip club,0.9,1,hateful,The meme uses the phrase 'Muslim strip club' in conjunction with an image of goats. This relies on the 'goat' slur (homophone for 'goy') to create a sexually degrading and dehumanizing joke about Muslims.,,
31208,img/31208.png,1,maybe if we weren't consistent sources of crime we'd be treated better,0.99,1,hateful,"The meme uses a stereotype associating Black people with crime and suggests they are treated poorly because of it, which constitutes a statement of inferiority and attacks a group based on race.",,
46971,img/46971.png,1,bravery at its finest,0.99,1,hateful,"The meme juxtaposes a white individual eating with a caption praising 'bravery' alongside an image of a distressed Black man, implying that consuming human flesh (cannibalism) is a heroic act while trivializing the Black person's existence or suffering. This constitutes a dehumanizing statement and evokes pain from historical atrocities, fitting the definition of hate speech.",,
64071,img/64071.png,0,when you have someone to help and take care of you what could happen if you didn't,0.6,1,hateful,"The meme uses a scenario involving a person with a disability to make a hyperbolic joke about the consequences of not having a caregiver. It relies on stereotypes of elderly people as helpless and trivializes the need for assistance, which can be interpreted as mocking or dehumanizing based on disability/age.",,
31752,img/31752.png,1,when you get to choose your own mental illness,0.9,1,hateful,"The meme mocks individuals suffering from mental illness by suggesting one could choose it, using a rainbow thumbs-up which is commonly associated with LGBTQ+ identity, thereby conflating or trivializing both mental illness and sexual orientation/gender identity. This constitutes dehumanizing speech and statements of inferiority based on disability and sexual orientation.",,
3524,img/03524.png,1,terrorist can come to this country way to easy,1.0,1,hateful,"The meme uses the image of Muslim individuals to explicitly stereotype the entire religious group as terrorists, dehumanizing them and attacking their safety and presence in the country.",,
90256,img/90256.png,1,"whenever you feel stupid, remember there are people who throw stones at a wall! aiming for an invisible devil, told by an invisible god for an invisible heaven!",0.98,1,hateful,"The meme explicitly mocks the religious practice of Hajj in Islam by characterizing it as an irrational ritual directed at an 'invisible devil' and 'invisible god', effectively attacking the faith and the believers by labeling their core religious observances as stupid.",,
68043,img/68043.png,1,plays uno steals all the green cards,0.98,1,hateful,The meme creates a racial stereotype by associating Mexican ethnicity (represented by the flag) with illegal immigration and theft (referencing 'green cards' and 'Uno'). This constitutes a dehumanizing attack on nationality and immigration status.,,
48370,img/48370.png,1,72 virgins are ready to get fucked up,1.0,1,hateful,"The meme explicitly targets Muslim men (depicted in traditional dress) and compares them to stud animals, dehumanizing them to sexual objects. This constitutes a hateful attack based on religion, race, and ethnicity through dehumanization.",,
53968,img/53968.png,1,when you have an 80 point iq but it's the highest in your village,0.9,1,hateful,"The meme implies that the depicted woman has an intellectual disability, utilizing her appearance to make fun of low intelligence and imply statements of inferiority.",,
42631,img/42631.png,1,i believe they are like racism just shouldn't exist,0.1,0,non-hateful,"The meme uses the phrase 'like racism' to express an opinion, but the text 'just shouldn't exist' does not target a specific group with violence or dehumanization. Instead, it appears to be a hyperbolic statement about a subject the author finds repugnant, rather than a hate speech attack on a protected class.",,
29843,img/29843.png,0,the world's most wanted terrorist obama bin lying,0.85,1,hateful,"The meme employs a portmanteau 'Obama bin Lying' combining Barack Obama with Osama bin Laden, a notorious terrorist. This creates a direct dehumanizing comparison between a political figure and a violent extremist, implying malicious intent and character assassination.",,
5213,img/05213.png,0,the families of the hillsborough tragedy were denied legal aid.... but shamima begum gets it to fight for her uk citizenship our system is a sick joke! - martin costello,0.9,1,hateful,"The meme juxtaposes a Muslim woman (Shamima Begum) with victims of a tragedy to suggest she is receiving unfair preferential treatment. This constitutes an attack based on her religion and national background, framing her as an undeserving recipient of rights and evoking hostility towards her identity.",,
56098,img/56098.png,1,"i said ""a glass of juice"".",0.9,1,hateful,"The meme uses an image of Adolf Hitler, a historical figure associated with genocide and hate, to create humor. According to the definition provided, evoking pain from historical figures constitutes hate speech.",,
50841,img/50841.png,0,give them what they deserve kill them all,0.0,0,non-hateful,"The meme explicitly calls for mass violence against rats ('kill them all'). As rats are animals and not a group of people with protected characteristics, this does not fit the definition of hate speech.",,
19536,img/19536.png,1,when your jewish friend smells a stash of coins in public,0.95,1,hateful,"The meme relies on a harmful ethnic and religious stereotype that associates Jewish people with greed and a physical deformity (a large nose), depicting this as a reaction to money. This constitutes a dehumanizing attack based on religion and ethnicity.",,
73914,img/73914.png,1,be careful who you call ugly in highschool,1.0,1,hateful,"The meme juxtaposes a photo of a Black boy with a gorilla to imply that he will grow into one if he is bullied, using the dehumanizing stereotype of Black people resembling apes as a threat or prediction.",,
78156,img/78156.png,0,you mean i don't have to pick it?!?,0.01,0,non-hateful,"The meme depicts a woman checking her skin and expresses relief about not having to pick at it. This content does not contain any attacks, stereotypes, or derogatory language directed at any protected group or characteristic defined in the hateful speech definition.",,
17908,img/17908.png,0,making a quick 3pm snack,0.0,0,non-hateful,"The image depicts a woman making a sandwich with the caption 'making a quick 3pm snack'. There are no attacks on people based on characteristics such as ethnicity, race, religion, or gender. The content is benign and relates to a common domestic activity.",,
84162,img/84162.png,0,i could have killed all of them. but i let some of them survive so you know why i killed them,0.0,0,non-hateful,"The meme features images of mosquitoes and text explaining the motivation for killing them. Neither the insects nor the act of pest control constitute an attack on a protected group or invoke historical trauma. It is a literal or hyperbolic statement about bugs, unrelated to hate speech criteria.",,
53418,img/53418.png,0,a real man loads the dishwasher every night,0.85,1,hateful,"The meme relies on a sexist stereotype, implying that domestic chores like doing dishes are inherently male tasks and that a 'real man' is defined by his adherence to gender roles.",,
29054,img/29054.png,1,broken dishwasher,0.9,1,hateful,"The meme dehumanizes a person with a disability by comparing them to a malfunctioning appliance ('broken dishwasher'), reducing their identity to their physical impairment and implying they are broken or inferior.",,
91836,img/91836.png,1,one of my 5 boyfriends slept with another girl i'll never trust men again!,0.01,0,non-hateful,"The meme uses sarcasm to mock a woman for complaining about a single infidelity while having multiple partners. It does not attack any group based on protected characteristics such as race, religion, gender, or sexual orientation.",,
30579,img/30579.png,0,white power!,0.99,1,hateful,"The text uses 'white power' to label a non-white person, employing a racial slur to dehumanize the subject and invoke white supremacist ideology.",,
91058,img/91058.png,1,get in loser we're invading poland,0.95,1,hateful,"The meme depicts Adolf Hitler and references the invasion of Poland, an act of aggressive war and genocide against the Polish people. It mocks the historical trauma and violent attack on a specific nationality.",,
56124,img/56124.png,0,how to cook turkey in usa how to cook turkey in romania,0.92,1,hateful,"The meme uses the 'How to X vs How to Y' format to mock Romania by contrasting a whole roasted turkey with a small, sparse plate of food. This relies on a stereotype of poverty and implies the degradation or inferiority of Romanian cuisine and, by extension, the people's quality of life.",,
12834,img/12834.png,1,"in west philadelphia, born and raised in the anus is where i got most of my aids",0.99,1,hateful,"The text explicitly links Philadelphia (the birthplace of a prominent gay actor) with anal sex and aids, using the disease to mock and stigmatize the LGBTQ+ community and people living with HIV.",,
36058,img/36058.png,0,love is love,0.0,0,non-hateful,"The meme contrasts a depiction of a heterosexual couple with a same-sex couple, labeled with the text 'love is love'. Rather than attacking or expressing hatred towards any group, the meme advocates for the equal validity of same-sex relationships. It does not employ dehumanizing language, statements of inferiority, or calls for exclusion against any protected class.",,
34018,img/34018.png,1,fuck the catholics fuck the catholic church fuck the pope,1.0,1,hateful,"The meme uses the word 'fuck' as a direct attack and derogatory expression towards a specific religious group (Catholics) and its highest leader (the Pope), attacking them based on religion.",,
41035,img/41035.png,0,my new muslim girlfriend not much to look at,0.95,1,hateful,"The meme makes a derogatory remark about a Muslim woman's appearance, implying that women of her faith are unattractive. This constitutes a statement of inferiority and attacks a group based on religion.",,
20984,img/20984.png,0,when you are white and stole your first bike,0.85,1,hateful,"The meme relies on a racial stereotype associating the 'white' demographic with petty theft, specifically stealing children's bikes. By using race as a defining trait to make a derogatory generalization about behavior, it constitutes a statement of inferiority and negative stereotyping based on race.",,
92058,img/92058.png,1,how black people became christians,0.9,1,hateful,"The meme uses a stereotypical depiction of enslaved Black people and frames their adoption of Christianity as a reaction to white intervention, reinforcing racist tropes about Black people's historical relationship to religion and white salvation.",,
52603,img/52603.png,1,feeling kinda cute might steal your shit later.. idk,0.01,0,non-hateful,"The meme features a smiling individual with text expressing a playful, albeit crude, sentiment about stealing something later. It does not attack or demean any protected group based on ethnicity, race, religion, or other characteristics.",,
64312,img/64312.png,1,"no, that's not his daughter.. that's his wife! yet the world is silent..",0.85,1,hateful,"The meme utilizes the 'yet the world is silent' format to highlight the existence of a mixed-faith marriage (likely a Muslim man and a Christian woman) as a controversial or shocking event, suggesting that such unions are an anomaly that violates societal norms.",,
16704,img/16704.png,0,"last summer camp was so ""lit""",0.0,0,non-hateful,"The meme depicts children climbing a wooden wall and states that 'camp was so lit'. This is a wholesome image of summer camp activities with no hateful language, stereotypes, or attacks on any protected groups.",,
53491,img/53491.png,0,and in 3 days he came back to life bringing salvation,0.0,0,non-hateful,"The meme depicts a religious scene representing the crucifixion and resurrection of Jesus, accompanied by text affirming a religious belief in salvation. It does not contain any attacks, stereotypes, or derogatory language targeting any protected group.",,
83497,img/83497.png,0,different types of radicalization,0.85,1,hateful,"The meme equates Islamic extremism with white supremacy, labeling both as 'different types of radicalization' and implying moral equivalence or similarity between a religious ideology and white nationalist movements.",,
32415,img/32415.png,0,when finishing a race is your passion,0.01,0,non-hateful,"The meme depicts a woman joyfully breaking a finish line tape in a race with the caption 'when finishing a race is your passion.' It contains no attacks, slurs, or harmful stereotypes targeting any protected group.",,
37814,img/37814.png,0,this is el paso shooter's father every. single. time,0.98,1,hateful,"The meme invokes the El Paso mass shooting, a tragedy involving the murder of ethnic minorities, by labeling the perpetrator's father as a clown. This constitutes mocking a hate crime and the violence associated with it.",,
25149,img/25149.png,1,if this offends you you might be lack toes intolerant,0.8,1,hateful,"The meme mocks individuals with missing toes, using a play on words regarding 'intolerance' to mock their physical disability or deformity. This constitutes an attack based on disability/deformity.",,
26187,img/26187.png,1,i love my slow cooker,0.01,0,non-hateful,"The image shows a man in a chef's uniform holding a tray of food, with the text 'I love my slow cooker'. There are no attacks, stereotypes, or harmful generalizations directed at any protected group based on the provided definition.",,
24098,img/24098.png,1,thanksgiving in china,0.85,1,hateful,"The image depicts a cat sitting in a pot alongside vegetables, a visual pun on the Chinese dish 'Tom Yum Goong' (often referred to as 'Tom Cat' in memes), with the text 'thanksgiving in china'. This plays on the stereotype of Chinese people eating cats and dogs. Mocking or highlighting the dietary habits of a specific nationality in a way that implies barbarism or dehumanization fits the definition of an attack based on nationality.",,
46085,img/46085.png,0,city workers repair statue cover it up with black sheet,0.01,0,non-hateful,"The image shows workers covering a large object with a black sheet. This is interpreted as a reference to a controversial statue (likely a Confederate monument) being covered up, which is a form of protest or censorship, not hate speech against a protected group.",,
36201,img/36201.png,0,look at me bling up my prosthetic,0.01,0,non-hateful,"The meme features a woman with a prosthetic leg using the slang 'bling up' to describe it. This is a humorous expression of pride in her assistive device, rather than an attack, insult, or dehumanizing statement regarding disability. It does not meet the criteria for hate speech.",,
61872,img/61872.png,1,don't be a fool it is a bomb,0.98,1,hateful,"The meme depicts a pregnant woman wearing a hijab and labels her 'a bomb'. This uses explosive imagery to dehumanize a pregnant Muslim woman, invoking stereotypes associating Muslim women with terrorism and violence, which constitutes a direct attack based on religion.",,
43810,img/43810.png,1,how to cook turkey in usa how to cook turkey in romania,0.85,1,hateful,"The meme mocks Romanians by implying their method of cooking a turkey involves a historical leader (Mihai Viteazul) rather than standard culinary practices. It relies on a stereotype or derogatory joke about Romanian culture, treating it as absurd or inferior compared to US culture.",,
56149,img/56149.png,0,the original scarecrow,0.01,0,non-hateful,"The meme depicts a standard agricultural scarecrow in a field with the text 'the original scarecrow.' Neither the image nor the text contains attacks, stereotypes, or derogatory language targeting any protected group based on the provided definition. The content is benign and relates to farming.",,
58093,img/58093.png,0,i treat them like java treats its generic parameters at run time as objects,0.0,0,non-hateful,The image displays a snippet of Java programming code regarding data serialization with overlaid text about generic parameters. The content is technical in nature and does not contain any hate speech or attacks on protected groups.,,
89071,img/89071.png,1,they don't wash their ass with water and they eat their daughters' ass,0.98,1,hateful,"The meme employs a 'bait and switch' joke to deliver a sexually violent punchline, depicting the sexual assault of women within the depicted family group.",,
84302,img/84302.png,0,why do we share more when these people are hurt but not these people,0.95,1,hateful,"The meme presents a selective comparison between diverse, smiling individuals and a group of Muslim women in niqabs, questioning why empathy is shown to the former but not the latter. This implies that the women in niqabs are less deserving of empathy or attention, which is a dehumanizing statement attacking people based on their religion and appearance.",,
5439,img/05439.png,0,portable dishwasher slash sandwich maker,0.0,0,non-hateful,"The meme consists of a standard image of two hands and text describing a fictional kitchen appliance. Neither the visual content nor the text contains any references to protected groups, derogatory language, or dehumanizing statements. It is a humorous or surreal image with no hateful intent.",,
6491,img/06491.png,1,tranny for sale,1.0,1,hateful,"The meme utilizes a transphobic slur and phrases a human being as an object 'for sale,' which constitutes a dehumanizing attack based on gender identity.",,
18726,img/18726.png,0,when your bed is short and your feed stick out,0.0,0,non-hateful,"The meme depicts a person with long feet sticking out of a bed, accompanied by text making a typo ('feed' instead of 'feet'). There are no references to protected characteristics, stereotypes, or hate speech in the image or text.",,
34528,img/34528.png,1,every kitchen needs a sandwich maker just like this one,0.99,1,non-hateful,"The meme features a celebrity image and generic text about kitchen appliances, containing no language or imagery that attacks or targets any protected group or characteristic.",,
1765,img/01765.png,1,"after a girl dies, what organ in her body stays warm? my dick",0.9,1,hateful,"The meme uses a sexual pun as the punchline to a question about a girl's body. It sexualizes a dead female, treating her corpse as an object for the speaker's sexual gratification and implying sexual violence or necrophilia. This is dehumanizing speech directed at a person based on her sex, fitting the definition of a hateful attack.",,
83946,img/83946.png,1,when a white kid shoots up the school the same day you planned to bomb it,0.99,1,hateful,"The meme stereotypes Muslims by explicitly equating them with terrorism, suggesting that a Muslim person would plan to bomb a school. This is a dehumanizing attack based on religion and nationality.",,
16420,img/16420.png,0,abnormal vs normal,0.95,1,hateful,"The meme labels a person with a physical difference (gigantism) as 'abnormal' and contrasts them against 'normal', implying they are an anomaly or inferior. This constitutes a statement of inferiority and dehumanization based on physical disability or condition.",,
72864,img/72864.png,1,traveling through chimney,0.95,1,hateful,"The meme juxtaposes an image of Santa Claus with an image of three Orthodox Jewish men, captioned 'traveling through chimney'. This implies a derogatory comparison between the Jewish men and Santa's method of entry, likely referencing a sexualized trope or stereotype regarding Jews and chimneys. This constitutes a dehumanizing attack based on religion.",,
61038,img/61038.png,0,no wonder why the pipes are not working,0.0,0,non-hateful,"The image and text depict a broken pipe and provide a literal explanation for why it is not working. There is no attack on any protected group, no dehumanizing language, and no hateful context present.",,
47056,img/47056.png,1,illegal aliens are not welcome,1.0,1,hateful,"The meme uses the term 'illegal aliens' to dehumanize immigrants and includes the text 'are not welcome,' which constitutes a direct call for exclusion and segregation based on immigration status.",,
82437,img/82437.png,1,we should learn from ocean how to treat refugees,0.98,1,hateful,"The meme uses a 'shoe' (a symbol historically used to attack and dehumanize Jewish people in Nazi Germany and subsequent anti-Semitic propaganda) to depict a refugee, drawing a dehumanizing parallel and mocking hate crimes.",,
41890,img/41890.png,1,house of pedophile,0.99,1,hateful,"The image displays the Vatican City, which is the central institution of the Catholic Church. The text explicitly labels it as a 'house of pedophile,' directly attacking a religious group by associating it with sexual abuse of children. This constitutes a dehumanizing attack based on religion.",,
90236,img/90236.png,0,voila! fresh batch of baked goods !,0.0,0,non-hateful,"The image depicts a Black man in a professional setting presenting baked goods, and the text is a standard expression of accomplishment. There are no elements of hate speech, stereotypes, or attacks based on protected characteristics.",,
93620,img/93620.png,1,in other countries in pakistan,0.95,1,hateful,"The meme makes a crude, dehumanizing joke suggesting that intimate physical affection (kissing) in Pakistan involves goats rather than humans. This relies on a harmful stereotype that attacks people based on their nationality and race, implying they are bestial or inferior.",,
41382,img/41382.png,0,"they want to be accepted for who they are, yet theren't able to accept themselves for who they are",0.01,0,non-hateful,"The meme uses a wasp as a metaphor to comment on self-acceptance, likely referencing LGBTQ+ themes or general identity issues. It does not contain any language that attacks, dehumanizes, or expresses inferiority towards any protected group defined in the hateful content policy.",,
95640,img/95640.png,1,syrian rape survivor speaks out,0.98,1,hateful,"The meme juxtaposes an image of a mountain goat with the text 'syrian rape survivor speaks out.' This is a 'bait-and-switch' meme that implies a Syrian victim of sexual violence is actually an animal. This is a dehumanizing attack based on nationality (Syrian) and gender (women), mocking the victims of hate crimes and evoking pain from the conflict.",,
62504,img/62504.png,0,we've taken this country! now fuck off! we're taking it back!,0.01,0,non-hateful,"The meme features a man holding a weapon while looking at Daleks (fictional alien villains), with text implying a desire to fight back or reclaim territory. This constitutes a threat of violence against the fictional characters, but it does not target any real-world protected group based on characteristics like race, religion, or nationality.",,
72048,img/72048.png,1,hurry up barack will be home soon,1.0,1,hateful,"The meme depicts Michelle Obama checking her watch with the caption 'hurry up barack will be home soon' juxtaposed with an image of gorillas. This utilizes a racist trope comparing Black people to apes, which is a dehumanizing attack based on race.",,
41796,img/41796.png,0,nein danke i'm very happy with my gas supplier,0.0,0,non-hateful,"The meme depicts a standard business transaction scene with text expressing satisfaction with a gas supplier. It contains no attacks, stereotypes, or derogatory language directed at any protected group or characteristic.",,
42903,img/42903.png,0,those stupid basterds thought it was a real shower,0.1,0,non-hateful,"The meme depicts a homeless individual mistaking a fire hydrant for a shower. The text insults the subject, but the humor relies on the stereotype that homeless people are mentally unstable or foolish rather than a direct attack on a protected group based on race, religion, or ethnicity. While it mocks a marginalized group, it does not fit the specific definition of hate speech regarding protected characteristics provided.",,
57369,img/57369.png,0,lose 15 lbs with this 1 simple trick photoshop,0.0,0,non-hateful,The meme uses the 'distracted boyfriend' image template with text suggesting using Photoshop to fake weight loss. This is a joke about editing images and does not contain any attacks on protected characteristics.,,
56980,img/56980.png,0,coffee isn't helping get the jumper cables,0.0,0,non-hateful,"The meme features a picture of a dog lying on the floor in a 'sploot' position, paired with text making a humorous comparison about exhaustion that coffee cannot cure. There are no attacks on protected groups, no hateful imagery, and no dehumanizing language.",,
96284,img/96284.png,1,welcome to melbourne,0.92,1,hateful,"The image depicts armed militants, likely associated with Hamas, wearing masks and carrying flags with religious slogans. By labeling this scene 'welcome to melbourne', the meme creates an attack on a specific nationality (Australian) and location, implying it has been overtaken by or is equivalent to a region associated with Islamist militancy and terror.",,
75918,img/75918.png,0,a picture of my great great great grand grandfather's tractors they don't make them like they used to,0.99,1,non-hateful,"The meme features a vintage tractor and a caption about 'grandfather's tractors,' expressing nostalgia for older machinery. It does not contain any attacks, stereotypes, or references to protected groups such as race, religion, or nationality.",,
10386,img/10386.png,1,the book about terrorism,0.98,1,hateful,"The meme explicitly labels the Quran, the holy book of Islam, as 'the book about terrorism.' This constitutes a hateful attack by equating an entire religious group with violence and extremism, dehumanizing Muslims and spreading a negative stereotype.",,
74906,img/74906.png,1,are you a boy or a girl i'm non binary,0.95,1,hateful,"The meme uses a visual pun to mock non-binary individuals by implying their identity causes them to fall apart or 'break down' into two separate pieces, dehumanizing them through physical fragmentation.",,
63745,img/63745.png,1,we could destroy all of them but we let some of them survive so you know why we did it,1.0,1,hateful,"Uses Nazi imagery to glorify genocide and explicitly references the Holocaust as an intended outcome, trivializing the systematic murder of Jews and other victims.",,
19730,img/19730.png,1,jamal is practicing for class sport,0.98,1,hateful,"The meme juxtaposes an image of a child holding a rifle in a war-torn setting with the text 'jamal is practicing for class sport.' By using the name 'Jamal' (often associated with Middle Eastern or Muslim identity) and reframing the child soldier context as a 'class sport,' the meme trivializes the suffering and violence experienced by children in conflict zones. This serves as a dehumanizing mockery of the group's reality.",,
37160,img/37160.png,0,"best gamer ever 6 million kills, 1 death""",0.01,0,non-hateful,"The meme features a gamer and text boasting about high kill counts in a video game. There is no attack on protected groups, no dehumanizing language, and no connection to real-world violence or hate crimes.",,
93541,img/93541.png,0,the jihad squad,0.95,1,hateful,The text label 'the jihad squad' combined with the image of individuals holding an ISIS flag over a corpse depicts a glorification of a terrorist group known for violence against protected groups based on religion and nationality.,,
30642,img/30642.png,0,rabbi sitting in synagogue chillin and doing his thing,0.01,0,non-hateful,"The meme depicts a rabbi in a synagogue with the caption 'chillin and doing his thing.' This is a lighthearted, colloquial description of a religious figure engaging in their routine. There is no hateful speech, mockery, stereotype, or attack on the religious group present.",,
35470,img/35470.png,0,can you smell what the reigh is cooking,0.01,0,non-hateful,"The meme contains a typo ('reigh' instead of 'chef') and depicts a woman cooking. It does not contain any attacks, stereotypes, or hate speech targeting protected groups.",,
12067,img/12067.png,0,pre-heat to 350 degrees,0.0,0,non-hateful,"The image shows children baking cookies and the text instructs to pre-heat the oven. Neither the visual content nor the text contains attacks, stereotypes, or derogatory language based on any protected characteristics.",,
95176,img/95176.png,0,notice how the kenyan skidmark has been silent about the mueller report?,0.9,1,hateful,"The meme uses the term 'Kenyan skidmark' to refer to Barack Obama. 'Skidmark' is a dehumanizing slur (originally referencing dried feces) used as an attack on a person's dignity. By combining this slur with Obama's place of birth, it serves as a racially motivated attack questioning his legitimacy and attacking his nationality/ethnicity.",,
48792,img/48792.png,0,leaving a trail of death and destruction,0.95,1,hateful,"The meme uses an image of Hitler to evoke historical pain and trauma associated with the Holocaust and World War II. The text 'leaving a trail of death and destruction' directly references his violent legacy, serving as a dehumanizing attack by linking a subject to a figure defined by genocide and mass murder.",,
95173,img/95173.png,0,take the third reich and then the first left?,0.95,1,hateful,"The meme explicitly references the 'Third Reich,' a direct association with the Nazi regime and the Holocaust, evoking historical atrocities. It also uses the phrase 'first left,' mocking the concept of a 'First Left' as a derogatory parallel to the 'Third Reich,' implying that left-wing ideology is equivalent to or as dangerous as fascism. This constitutes a hateful attack by equating political ideology with historical genocide and using derogatory comparisons to dehumanize or delegitimize a political group.",,
56413,img/56413.png,1,feeling cute might shoot a darkie later idk,1.0,1,hateful,"The meme uses a racial slur combined with violent imagery (a police officer) and the threat of shooting, constituting a direct attack on a racial group.",,
52104,img/52104.png,0,"lebanon: before islam after islam but don't worry! after islam takes over, there'll be a golden age... apparently",0.9,1,hateful,"The meme employs the 'before/after' visual trope to imply that the introduction of Islam resulted in the destruction of Lebanon's previous cultural or religious architecture. This is a generalized attack on the Islamic faith, suggesting that it inherently causes ruin or degradation to the places it enters, which falls under stereotyping and attacking a religion.",,
75142,img/75142.png,0,"you should treat that the way you treat your vacuum cleaner, when it stops sucking change the bag",0.0,0,non-hateful,"The meme uses an analogy involving a vacuum cleaner and popcorn to advise on handling relationships, stating to 'change the bag' when it stops working. It contains no attacks on people based on ethnicity, race, religion, or other protected characteristics.",,
82590,img/82590.png,1,burning them was a great public service,1.0,1,hateful,"Combines an image of emaciated concentration camp victims with text praising the act of burning them, which trivializes and celebrates the genocide of Jews and other victims of the Holocaust.",,
83045,img/83045.png,1,"so much trash, we need a garbage collector",0.9,1,hateful,"The meme labels a group of female politicians as 'trash' and claims 'we need a garbage collector,' which constitutes dehumanizing speech and implies the inferiority of this group based on their gender and political role.",,
29873,img/29873.png,1,who knew that this country is full of white trash,1.0,1,hateful,"The text 'full of white trash' uses a racial slur to attack and dehumanize white people based on their race, characterizing an entire group as trash/waste.",,
13750,img/13750.png,0,wouldn't be the last time those people used the oven this way,0.95,1,hateful,"The meme depicts a woman reacting to a malfunctioning oven with the caption 'wouldn't be the last time those people used the oven this way'. This phrasing is a specific reference to historical instances of domestic ovens being used to burn people, particularly evoking the Holocaust and anti-Semitic tropes regarding Jewish persecution. The caption implies that a specific group ('those people') is responsible for such atrocities.",,
68257,img/68257.png,0,everyone is afraid of dark,0.01,0,non-hateful,"The image depicts a dark alley at night, and the text states 'everyone is afraid of dark'. This is a general observation about a common phobia or fear. There is no attack on any protected group based on race, religion, nationality, gender, or other characteristics defined in the hate speech criteria.",,
85761,img/85761.png,1,no wonder why the pipes are not working,0.01,0,non-hateful,"The meme depicts a black corrugated pipe leading to the sea with the text 'no wonder why the pipes are not working.' This is a common visual metaphor referencing the 'Black Lives Matter' pipe meme. It expresses frustration regarding a specific political or social movement by comparing activists to a pipe not delivering results to the ocean. It does not contain attacks, slurs, or dehumanizing language directed at any group based on protected characteristics such as race, religion, or disability.",,
68253,img/68253.png,1,free blanket maybe white man not so bad after all,0.95,1,hateful,"The meme trivializes the history of colonialism and the systemic genocide of Native Americans by portraying a dog in a war bonnet as a caricature of an Indigenous person. By reducing a marginalized ethnic group to a comedic prop and making light of the historical violence inflicted upon them, it constitutes a dehumanizing attack on their dignity.",,
69512,img/69512.png,0,happy birthday you sexy beast,0.01,0,non-hateful,"The meme features Richard Simmons with a birthday greeting and a complimentary phrase. There is no attack, insult, or derogatory statement based on any protected characteristics such as race, religion, gender, or disability.",,
93051,img/93051.png,0,and for my next class project!,0.0,0,non-hateful,"The meme features a group of diverse children interacting with a science project, with text about a class project. There are no elements of hate speech, dehumanization, or attacks on protected groups in either the image or text.",,
19530,img/19530.png,1,they shot the wrong gorilla,1.0,1,hateful,"The meme juxtaposes an image of a gorilla with a picture of Michelle Obama, implying a racial comparison. This is a form of dehumanizing speech based on race and ethnicity, utilizing a racist trope to attack her.",,
85679,img/85679.png,1,mr obama it is an honor,1.0,1,hateful,"The meme depicts a monkey touching a white woman's throat, labeled 'mr obama' and 'it is an honor.' This utilizes the racist trope of comparing African Americans to apes while simultaneously invoking the 'white slave' or 'coon' stereotypes through the imagery of a Black man (Obama) being subservient to a white woman. It dehumanizes Obama based on race and promotes racial stereotypes.",,
51807,img/51807.png,0,are you a boy or a girl i'm non binary,0.0,0,non-hateful,"The meme features a person responding to a binary gender question with 'i'm non binary'. It serves as an educational statement or identity affirmation regarding gender identity. It does not contain violent or dehumanizing speech, statements of inferiority, or calls for exclusion. It does not attack anyone based on protected characteristics.",,
18742,img/18742.png,0,i'm proud of it! come at me!,0.0,0,non-hateful,"The meme features a person wearing a shirt that explicitly states 'YES I'M A FEMINIST'. The added text 'i'm proud of it!' and 'come at me!' expresses personal pride in a political ideology and a willingness to debate, but it does not constitute a direct or indirect attack, dehumanization, or call for violence against any group based on protected characteristics.",,
76921,img/76921.png,1,she probably asked a wrong question,0.0,0,non-hateful,"The meme depicts a scenario of domestic violence or domestic abuse, where a woman is actively blocking an attack from a man. It does not contain hate speech targeting any protected group based on ethnicity, religion, gender, or other characteristics.",,
51607,img/51607.png,1,49 people were killed at christchurch muslim 49 people were killed at christchurch mosques muslim,0.05,0,non-hateful,"The meme mocks the insensitivity of a person who laughs at the news of a terrorist attack targeting Muslims, highlighting how a missing word ('mosques') completely changes the meaning. It satirizes a lack of empathy and ignorance.",,
26439,img/26439.png,0,parental opioid use has negative effect on children's intelligence,0.0,0,non-hateful,"The meme expresses a specific scientific claim regarding the impact of parental behavior on child development. It does not target any protected group based on race, religion, gender, or other listed characteristics, nor does it contain dehumanizing language or calls for violence.",,
97305,img/97305.png,1,when your wife just died giving birth to your daughter and you're alone in the room with your naked just born daughter,0.92,1,hateful,"The meme trivializes the death of the protagonist's wife by juxtaposing her dying in childbirth with the character's exaggerated celebration. While the character is depicted in Middle Eastern attire, the core offense is the mockery of a woman's death (sex/gender), rather than a direct attack on the ethnic or religious group depicted.",,
12650,img/12650.png,1,which one has tranny problems?,1.0,1,hateful,"The meme uses the slur 'tranny', a dehumanizing term for transgender people, to attack their gender identity.",,
50241,img/50241.png,1,"bitches be like no weave, no makeup, no lashes, no eyebrows",0.85,1,hateful,"The meme uses the word 'bitches' to target women and implies that their failure to wear makeup, eyelashes, or hair weaves makes them look like a grotesque, hairless monster (Gollum). This constitutes dehumanizing speech and a statement of inferiority based on gender.",,
82509,img/82509.png,0,72 virgins are ready to get fucked up,0.95,1,hateful,"The text '72 virgins are ready to get fucked up' utilizes a violent and degrading sexual metaphor regarding the concept of virginity. This serves as a direct attack on individuals based on their sexual status, employing sexual violence and dehumanizing language.",,
74350,img/74350.png,1,a head diaper is required when you have shit for brains,0.99,1,hateful,"The meme targets a woman wearing a hijab, using the visual cue of her head covering to deliver an insult ('head diaper', 'shit for brains'). This constitutes a hateful attack based on religion (Islam) by employing dehumanizing language and insulting the subject's intelligence directly linked to her religious attire.",,
91763,img/91763.png,1,imagine being so disgusting there have to be laws to try to stop normal people from hating you,0.98,1,hateful,"The text suggests that people of a certain group are so inherently 'disgusting' that their existence requires laws to protect them from the hate of 'normal people'. By framing the target group as repulsive and implying they are hated by the general population due to their nature, it invokes dehumanizing speech and promotes social exclusion based on identity.",,
6352,img/06352.png,0,"and then i asked mom, can we go play?",0.0,0,non-hateful,"The image shows a young child asking to play. The text is a generic sentence. There is no attack, dehumanization, or negative stereotyping based on protected characteristics like race, religion, or gender.",,
