id,img,label_true,text,prob_pred,label_pred,classification,description,modality_type,error
57823,img/57823.png,0,"bitches be like no weave, no makeup, no lashes, no eyebrows & no filter. all natural",0.9,1,hateful,"The meme uses the racial slur 'bitches' to attack Black women based on their race and gender. It frames the absence of specific beauty enhancements associated with Black culture (weave, lashes) as the reason for being 'all natural,' effectively mocking and dehumanizing a protected group.",,
80947,img/80947.png,1,my new muslim girlfriend not much to look at,0.95,1,hateful,"The meme compares a person of the Muslim faith to a giant garbage bag, using dehumanizing imagery to attack them based on their religion. The text 'not much to look at' reinforces a derogatory statement of inferiority.",,
30145,img/30145.png,0,"before my presidency, there was no isis. there was no caliphate there was no blm. there was no antifa. there was no war on police i built that",0.1,0,non-hateful,"The meme uses a satirical format ('I built that') to attribute the emergence of ISIS, the Caliphate, BLM, Antifa, and conflicts involving police to the US President. While the text references groups associated with protected characteristics or social movements, it functions as political commentary and satire rather than a direct attack on a group based on identity. It does not employ slurs, call for violence or exclusion, or dehumanize any specific protected group. The targets are political movements or foreign geopolitical entities.",,
80243,img/80243.png,1,mississippi wind chime,0.98,1,hateful,"The image depicts a historical lynching, and the text 'mississippi wind chime' serves as a dark pun on the victims' dangling bodies. This trivializes the murder of African Americans and mocks a hate crime, evoking pain from historical violence against a racial group.",,
3217,img/03217.png,0,"they are like sperm you get millions, but only one works",0.01,0,non-hateful,"The meme contains crude language comparing ideas to 'sperm,' but it does not attack, dehumanize, or express inferiority toward any group based on protected characteristics such as race, religion, gender identity, or disability. It is a humorous observation about the quantity versus quality of ideas.",,
9715,img/09715.png,1,i started a business that sells landmines disguised as prayer mats.. ..prophets are going through the roof,0.95,1,hateful,"The meme features a dog image with text making a joke about selling 'landmines disguised as prayer mats,' causing 'prophets' to suffer. This content explicitly targets Muslims by mocking their religious artifacts (prayer mats) and religious leaders (prophets) and implies a violent act against them. This constitutes an attack on a group based on religion through incitement to violence and mockery of religious practices.",,
52079,img/52079.png,0,just bought a house! now we're house-poor,0.0,0,non-hateful,"The meme depicts a couple celebrating the purchase of a home, using the term 'house-poor' to humorously describe the financial burden of homeownership. There is no content attacking any group based on protected characteristics, nor does it promote hate speech.",,
9467,img/09467.png,1,when mom asks where all the jews went,0.98,1,hateful,"The meme combines an image of Adolf Hitler and Benito Mussolini with text referencing the Holocaust ('where all the jews went'). By using historical figures associated with genocide to make light of the murder of Jewish people, the meme evokes pain and trivializes a hate crime based on ethnicity and religion.",,
84756,img/84756.png,1,when you ask the kid that misses class a lot why he is bald and he starts crying all right. then keep vour secrets,0.01,0,non-hateful,"The meme depicts a reaction image of a man smiling with the text 'all right. then keep your secrets.' The context provided in the caption is a scenario involving a student who is bald and misses class. There is no attack on any protected group, no slurs, no dehumanizing language, and no promotion of violence or exclusion. It is a generic internet meme used to express dismissiveness or feigned acceptance.",,
38914,img/38914.png,0,cotton candy is what makes the theme park wonderful,0.0,0,non-hateful,"The meme depicts a young boy eating cotton candy at a fair with the text 'cotton candy is what makes the theme park wonderful.' There are no attacks on protected groups, slurs, or hateful implications in either the text or the visual content.",,
50198,img/50198.png,0,you don't need cocaine to be happy,0.98,1,hateful,"The meme features an image of drugs alongside a photo of a person with Down syndrome, accompanied by text stating 'you don't need cocaine to be happy.' This constitutes hateful speech as it targets an individual based on disability, using the juxtaposition to mock and dehumanize people with Down syndrome by implying a lack of capacity for happiness or normalcy.",,
78612,img/78612.png,0,go see fifty shades darker in theaters alone and throw mayonnaise at couples in the dark,0.0,0,non-hateful,"The meme features actor Kevin Spacey with text advising viewers to go see a movie alone and throw mayonnaise at couples. This is a humorous commentary on romantic clichés and public displays of affection in cinema. It does not target any group based on ethnicity, race, religion, gender identity, or other protected characteristics, nor does it promote violence against a specific demographic.",,
54206,img/54206.png,0,you can smell disgust and hate from this photo,0.05,0,non-hateful,"The meme features a historical photograph depicting a human body being burned in an oven, accompanied by text claiming 'you can smell disgust and hate from this photo'. While the image depicts a horrific and grotesque event involving death, it does not contain slurs, conspiracy theories, or dehumanizing rhetoric targeting any specific protected group (such as race, religion, or gender). It is an aesthetic expression of revulsion toward the scene itself rather than a hateful attack or incitement against a demographic group.",,
65403,img/65403.png,1,money is evil give it to us,0.05,0,non-hateful,"The meme depicts a Catholic mass with the text 'money is evil give it to us'. This serves as a satirical commentary on perceived hypocrisy or materialism within the Catholic Church. It does not contain slurs, calls for violence, or statements of inferiority against a protected group based on religion, race, or other characteristics. Therefore, it does not meet the criteria for hate speech.",,
86170,img/86170.png,1,how to keep the thefts out,0.98,1,hateful,"The image depicts members of the Ku Klux Klan, a hate group historically responsible for racial terrorism and genocide. The text 'how to keep the thefts out' implies that theft or crime is an inherent trait of a specific group (historically African Americans) that must be kept out by this hate group, dehumanizing them and calling for segregation.",,
37420,img/37420.png,0,like lebanon terrorism can destroy a beautiful country,0.75,1,hateful,"The meme claims that 'Lebanon terrorism can destroy a beautiful country,' using an image of destruction. It generalizes the conflict to the nation's identity, suggesting a collective responsibility of Lebanese people (nationality) for the violence ('terrorism') and implying that this behavior is inherent enough to define the country as a 'beautiful country' waiting to be destroyed. This creates a causal link between a national group and terrorism, fitting the criteria of attacking people based on nationality/national origin.",,
85237,img/85237.png,0,these are all the weapons that were seized from isis,0.01,0,non-hateful,"The meme displays an image of seized weapons with the caption 'these are all the weapons that were seized from isis.' The text references a designated terrorist organization in the context of military counter-terrorism efforts. It does not contain slurs, attacks on protected characteristics, or calls for exclusion against any group.",,
83264,img/83264.png,1,randomly deciding to bake something,0.98,1,hateful,"The meme uses a historical image of Adolf Hitler (a figure directly linked to the Holocaust and the genocide of millions) juxtaposed with the phrase 'randomly deciding to bake something.' This implies that the act of baking is comparable to Hitler's genocidal atrocities, evoking pain from historical figures and trivializing genocide, which aligns with the definition of hateful content (Example 13).",,
6582,img/06582.png,1,they are terrorists anyone who doesn't agree is an idiot,0.99,1,hateful,"The meme features an image of Muslims praying with the text labeling them as 'terrorists.' This is a direct attack on people based on their religion, employing a harmful generalization that dehumanizes and vilifies the Muslim faith. The second line ('anyone who doesn't agree is an idiot') reinforces this hateful stance by attacking those who reject this discriminatory view.",,
13026,img/13026.png,1,under the name of multiculturalism we let terrorist into this country,0.95,1,hateful,"The meme combines an image of a woman wearing a hijab with text claiming that under 'multiculturalism we let terrorist into this country.' This attacks people based on religion and cultural background by associating them collectively with terrorism, which is a form of dehumanization and implies a call for exclusion/segregation.",,
59206,img/59206.png,0,traveling through chimney,0.0,0,non-hateful,"The image displays Santa Claus in a parade float, and the text 'traveling through chimney' refers to a common Christmas folklore trope. There are no attacks on protected groups, slurs, or dehumanizing language present.",,
63827,img/63827.png,1,teacher of the year for black community,0.99,1,hateful,"The image displays a hangman's noose, a symbol associated with lynching and extrajudicial execution, specifically linked to the history of racial violence against Black people in the United States. The text 'teacher of the year for black community' juxtaposes this symbol with a Black person (implied by the demographic 'black community'), creating a direct threat of lynching or calling for the death of a Black teacher based on their race. This falls under incitement to violence and dehumanizing speech.",,
13809,img/13809.png,1,doing o's with the smoke,0.95,1,hateful,"The image shows a crematorium building (specifically at Auschwitz), a site of genocide and mass murder. The text uses a vulgar sexual phrase juxtaposed with the site, which serves as a trivialization and mockery of the Holocaust and the victims who were murdered there. This constitutes historical hate by celebrating or mocking genocide.",,
98543,img/98543.png,1,upper downer,0.85,1,hateful,"The meme is a pun based on the visual pun of 'upper' (cocaine lines) and 'downer' (a man who appears to have Down syndrome). It uses a person's disability (Down syndrome) as the punchline of a joke, which constitutes mockery and dehumanization of people with disabilities. This aligns with the definition of hate speech as mocking or attacking people based on disability.",,
17028,img/17028.png,1,"feeling bored, let's go to a mosque",0.95,1,hateful,"The meme juxtaposes a couple loading guns (implying violence or vigilante action) with the text 'let's go to a mosque.' This constitutes hate speech because it creates an implicit call for violence against a religious group and their place of worship, suggesting that Muslims are targets for armed aggression.",,
91756,img/91756.png,1,abnormal vs normal,0.85,1,hateful,"The text 'abnormal vs normal' juxtaposes a woman wearing a hijab with a woman who is not, labeling the former as 'abnormal.' This constitutes a hateful attack based on religion by framing Islamic headwear as deviant, 'othering' Muslim women, and implying a statement of inferiority relative to the 'normal' standard.",,
3567,img/03567.png,1,potato is my favorite color of the alphabet,0.0,0,non-hateful,"The meme uses absurd humor by claiming 'potato' is a color of the alphabet. It does not target any protected group based on ethnicity, race, religion, gender, or any other characteristic defined in the hate speech guidelines. It contains no attacks, slurs, or dehumanizing content.",,
12045,img/12045.png,0,learn to hunt. it's a valuable skill,0.01,0,non-hateful,"The meme features a child holding a rifle with text encouraging hunting as a skill. It does not contain slurs, attacks on protected groups, or dehumanizing language based on race, religion, gender, etc. It promotes a specific activity (hunting) without hate speech.",,
53046,img/53046.png,1,"you've heard of elf on a shelf, now get ready for",0.01,0,non-hateful,"The image shows a man posing with children and Winnie the Pooh characters. The text 'you've heard of elf on a shelf, now get ready for' is a playful setup referencing a common holiday game, likely followed by the man's name in the context of the photo. There is no hate speech, slur, or attack on any protected group.",,
52394,img/52394.png,0,i forgot what are we fighting over again?,0.05,0,non-hateful,"The image displays a scene of mob violence and bloodshed, but the text 'i forgot what are we fighting over again?' acts as an absurdist commentary on the futility of irrational conflict. It mocks the participants for their lack of purpose rather than attacking a specific protected group (race, religion, nationality, etc.) based on the provided definition. The meme generalizes 'senseless fighting' as a human behavior rather than promoting hate speech.",,
63175,img/63175.png,0,"if i was uncircumcised i'd hide candy in my dick skin so when a girl about to suck me up, she has a pleasant surprise.. oh my god, skittles",0.01,0,non-hateful,"The meme uses sexual humor and a reaction image of a woman making a face. The text describes a scenario involving male anatomy and oral sex. While crude and sexually explicit, the content does not contain slurs, dehumanizing language, or attacks on any protected group based on race, religion, gender, sexual orientation, or other characteristics defined in the hate speech policy.",,
62970,img/62970.png,0,if you want to know how they were treated illustration of man with four slaves chained together,0.85,1,hateful,"The meme depicts an illustration of Black enslaved people chained together, invoking the dehumanizing treatment during the Transatlantic Slave Trade. The text 'If you want to know how they were treated' functions as a hostile retort to opponents or critics. By using images of historical subjugation to demean or insult others, the content relies on evoking pain from historical figures and dehumanizing a racial group based on their history.",,
45062,img/45062.png,0,me and my kids are going to rob this country blind at the expense of the very people that voted for me. and they're going to love it. believe me! bigly!,0.0,0,non-hateful,"The meme features Donald Trump with text stating 'me and my kids are going to rob this country blind at the expense of the very people that voted for me.' This is a political satire mocking the subject's perceived dishonesty, financial conduct, and populist rhetoric. It does not attack any group based on protected characteristics like race, religion, or gender, nor does it promote violence or dehumanization against a specific demographic.",,
18356,img/18356.png,0,i took a shower this morning,0.05,0,non-hateful,"The meme uses a historically charged image of Adolf Hitler and Benito Mussolini, the leaders of Nazi Germany and Fascist Italy, which are central figures associated with genocide and totalitarianism. The text 'i took a shower this morning' creates an absurdist juxtaposition. While the image depicts historical figures responsible for massive human rights abuses, the text does not attack a protected group, use slurs, call for violence, or express approval of their ideologies. It does not target a specific ethnicity, religion, or nationality with hate speech. Therefore, it does not meet the definition of hate speech provided.",,
62375,img/62375.png,1,im not saying i'm racist im just saying all muslims are terrorists,1.0,1,hateful,"The meme uses a bait-and-switch format to express a hateful generalization. The text explicitly claims 'all muslims are terrorists,' which is a sweeping dehumanizing statement attacking a religious group based on their faith, associating them collectively with violence and criminality.",,
32579,img/32579.png,0,come to the dark side we have weed,0.0,0,non-hateful,"The meme references the Star Wars franchise and features Snoop Dogg, a public figure associated with cannabis culture, alongside Stormtroopers and Darth Vader. The text 'come to the dark side we have weed' is a humorous subversion of the famous movie line 'Join us, and I will complete your training,' replacing the canonical offer of power with marijuana. There is no attack on any protected group, no use of slurs, and no dehumanizing language.",,
1742,img/01742.png,0,in just one hour from now i'll only have 4 hours left until i have to work a mere 3 hours,0.0,0,non-hateful,"The meme features an image of a man relaxing in an office setting with text expressing humorous procrastination about the workday ending. There are no attacks, slurs, stereotypes, or dehumanizing elements targeting any protected group.",,
69815,img/69815.png,1,thank you for allowing me into your country now we need to talk about the things that need to change around here to accommodate my beliefs,0.9,1,hateful,"The meme depicts a Muslim man making an entitled demand for the host country to change its social norms to accommodate his religious beliefs. This content attacks a specific religious group by reinforcing harmful stereotypes about Muslims being anti-assimilationist, intolerant, and seeking to impose their ideology on others, thereby implying they are a negative influence on society.",,
7198,img/07198.png,1,islam is a religion of peace stop criticizing my religion,0.95,1,hateful,"The meme uses sarcasm and irony to attack Islam based on religion. By juxtaposing the phrase 'islam is a religion of peace' with an image of a soldier and a massive arsenal of weapons, it employs a 'show, don't tell' technique to imply the opposite—that Islam is inherently violent. This attacks a religious group by associating it with militarism and war, creating a hateful message through the synthesis of image and text.",,
83675,img/83675.png,0,i'm gonna be like phelps one day,0.01,0,non-hateful,"The meme features a Black swimmer with text expressing an aspiration to emulate Michael Phelps, a famous athlete. The image and text celebrate the individual's athletic goals without any slurs, stereotypes, or attacks on protected characteristics.",,
95604,img/95604.png,1,"they want to be accepted for who they are, yet theren't able to accept themselves for who they are",0.0,0,non-hateful,"The image features a drag queen and the text discusses the desire for acceptance versus self-acceptance. The message advocates for self-love and understanding of identity struggles, containing no attacks, slurs, or dehumanizing language based on protected characteristics.",,
61085,img/61085.png,0,upper downer,0.01,0,non-hateful,"The meme contrasts a depiction of cocaine preparation and use (labeled 'upper') with a box of cold medicine NyQuil (labeled 'downer'). While it touches on substance abuse, it does not target any protected group, nor does it employ hate speech, dehumanization, or attacks based on characteristics like race, religion, or disability. It is a visual joke comparing stimulants and depressants.",,
19385,img/19385.png,0,rose's are red violet's are blue little stupid ass bitch i ain't fuckin witchu,1.0,1,hateful,"The meme contains highly offensive language and an explicit racial slur (the n-word). The text parodies a romantic rhyme with a homophobic slur and a racial slur, culminating in a hateful declaration of exclusion ('ain't fuckin witchu') directed at a Black person depicted in the image. This combines homophobia and racism with a call for exclusion.",,
8291,img/08291.png,1,white people is this a shooting range,0.98,1,hateful,"The meme uses a 'shooting range' reference applied to people of color, which serves as a dehumanizing statement of inferiority and a call for violence or exclusion based on race. The phrase 'white people is this a shooting range' implies that people of color are targets or animals to be shot, mirroring white supremacist rhetoric that compares minorities to vermin or targets.",,
24316,img/24316.png,1,sharks don't attack him why? they think it's whale shit,0.98,1,hateful,"The meme targets a Black child using a dehumanizing racial slur that compares their appearance to animal feces, constituting a direct attack based on race and physical characteristics.",,
2157,img/02157.png,1,"mohammed i'm pregnant.... don't sass me, you know it's funny! ~cupcakes",0.95,1,hateful,"The meme features a goat with text addressing 'Mohammed' (a name strongly associated with the Prophet of Islam) and stating 'i'm pregnant...'. This relies on the antisemitic and Islamophobic conspiracy theory (often circulating as 'The Satanic Verses' hoax) that falsely claims the Prophet Mohammed had sexual relations with a goat. By utilizing this fabricated narrative to mock a religious figure, the meme attacks people based on their religion (Islam) and promotes hate speech.",,
43698,img/43698.png,0,don't be late for work get the protestor plow,0.75,1,hateful,"The meme features a vehicle equipped with a front-mounted plow bearing the text 'TRUMP'. The caption 'don't be late for work / get the protestor plow' suggests using the vehicle to plow through or physically remove protesters. This constitutes a call for violence against individuals based on their participation in public assembly or political expression, which aligns with the definition of incitement to violence.",,
75286,img/75286.png,1,look at this sandwich maker club i found on wish on clearance,0.0,0,non-hateful,"The meme features a woman making a sandwich with text advertising a product found on 'Wish'. There are no attacks on protected characteristics, no slurs, and no harmful stereotypes. The content is benign and commercial in nature.",,
21567,img/21567.png,1,our dad is a potato farmer,0.01,0,non-hateful,"The image depicts two individuals with Down syndrome sharing a joyful moment on a park bench, with no dehumanizing or violent elements. The text 'our dad is a potato farmer' is a neutral statement about a parent's profession and does not contain slurs, insults, or discriminatory language. There is no hateful message conveyed individually or collectively.",,
32691,img/32691.png,1,this is how muslims celebrate new year,1.0,1,hateful,"The meme pairs a graphic image of the 9/11 attacks with text claiming this is how Muslims celebrate New Year. This directly attacks people based on their religion by falsely associating the entire Muslim faith with a specific terrorist act, creating a dehumanizing stereotype that equates Muslims with mass murder and violence.",,
19075,img/19075.png,0,when you smell cake,0.0,0,non-hateful,"The image features a woman with a digitally elongated nose, a visual pun on the Pinocchio mythos implying lying. The text 'when you smell cake' combines with the image to suggest the person is lying about their hunger or resistance to food. This is a lighthearted joke about human behavior and cravings, containing no attacks on protected groups.",,
68127,img/68127.png,0,all you guys think about is dope,0.05,0,non-hateful,"The meme features a man in a stereotypical 'nerd' or 'geek' costume (bow tie, glasses) with the text 'all you guys think about is dope.' This targets a subculture or personality type with a stereotype regarding drug use ('dope'). However, it does not attack a group based on protected characteristics such as race, ethnicity, religion, gender, sexual orientation, or disability. It is a cultural stereotype rather than hate speech.",,
84107,img/84107.png,0,i ordered a dishwasher and they sent me a sandwich maker,0.0,0,non-hateful,"The meme depicts a woman expressing disappointment that she received a sandwich maker instead of the dishwasher she ordered. The content is a relatable joke about shipping errors and does not contain any attacks, slurs, or hate speech based on protected characteristics.",,
2568,img/02568.png,1,whatsthe difference between heroin and i? cops think twice before shooting heroin,0.85,1,hateful,"The meme uses a racial stereotype and double entendre to make a violent joke targeting Black people, implying a high susceptibility to gun violence. The text 'shooting heroin' combined with the visual of a Black man giving the finger relies on the racial trope that Black men are violent or prone to being shot, which falls under statements of inferiority and dehumanization based on race.",,
2634,img/02634.png,1,and just like that... this sandwich maker doubles as an ironing board,0.0,0,non-hateful,"The meme depicts a woman lying in the grass with text claiming a sandwich maker doubles as an ironing board. The content appears to be a nonsensical or surreal joke typical of 'random' internet humor, and contains no attacks, slurs, dehumanizing language, or stereotypes targeting any protected group.",,
39827,img/39827.png,1,kick them out of country,0.9,1,hateful,"The meme contains text calling to 'kick them out of country,' which constitutes a call for exclusion and segregation based on nationality, immigration status, or ethnicity. Under the provided definition, calls for exclusion are categorized as hate speech.",,
1925,img/01925.png,1,i am not racist i just don't like brown sugar,0.9,1,hateful,"The meme uses a dark humor format to equate a preference for white sugar over brown sugar with racism. It features a person of color reading the text, implying that individuals of that race dislike their own group based on skin color. This relies on racial stereotyping and attacks people based on ethnicity.",,
97132,img/97132.png,0,in the muslim world all gay men are well hung,0.85,1,hateful,"The meme promotes a sexualized stereotype targeting gay men, specifically those in the 'Muslim world'. This attacks individuals based on sexual orientation and religion, relying on a racist and homophobic trope that sexualizes these groups, which aligns with the definition of hate speech as a dehumanizing statement attacking protected characteristics.",,
35719,img/35719.png,0,jamal is practicing for class sport,0.0,0,non-hateful,"The image shows a boy practicing soccer, and the text describes the activity. There is no hate speech, slur, or attack on any protected group.",,
5279,img/05279.png,1,"knowing white people , that's probably the baby father",0.85,1,hateful,The meme targets pregnant women by implying that their pregnancy is the result of sexual relations with horses. This is a dehumanizing insult that attacks a specific demographic (pregnant women) with disgusting and demeaning language.,,
48296,img/48296.png,1,when you date an asian boy and you trynna get his family to accept you,0.75,1,hateful,"The meme uses a woman aggressively biting a dog to represent herself, while the text states this occurs when she dates an 'asian boy' trying to win his family's approval. This juxtaposition dehumanizes the speaker by comparing her behavior to a feral animal and reinforces a negative racial stereotype about Asian families having strict or difficult parental standards. The humor is derived from self-deprecating dehumanization linked to the racial identity of the partner.",,
67208,img/67208.png,0,does nike also sell stones in case they take it off?,0.0,0,non-hateful,"The meme features a Nike Air advertisement with a caption making a crude sexual joke ('sell stones in case they take it off'). It does not attack or degrade people based on any protected characteristics such as race, religion, gender, or disability. It is simply an offensive pun.",,
30586,img/30586.png,0,just can't get rid of the stain. this is why i hate beets,0.0,0,non-hateful,"The image depicts a woman in a kitchen washing a plate, accompanied by text expressing frustration about beet stains. There is no attack on any protected group, no slurs, and no hateful content.",,
41728,img/41728.png,0,i believe they are like racism. just shouldn't exist,0.98,1,hateful,"The meme combines the flag of ISIS, a designated terrorist organization responsible for genocide and widespread violence, with the text 'just shouldn't exist.' This constitutes a call for the destruction and exclusion of a group based on their religious and ethnic identity (Sunni Muslims), mirroring the classification of direct calls for extermination.",,
63987,img/63987.png,0,the migrant caravan arrives!,0.8,1,hateful,"The meme displays a chaotic scene of immigrants, likely from a migration crisis, with the caption 'the migrant caravan arrives!'. The text relies on the 'caravan' euphemism used in xenophobic discourse to imply an invasion or threat by a group of people based on their immigration status. It dehumanizes the subjects by reducing them to a collective entity causing disorder, framing their presence as an attack, which fits the definition of hateful content targeting immigration status.",,
43910,img/43910.png,1,i just started a company selling landmines that look like prayer mats prophets are going through the roof,0.95,1,hateful,"The meme suggests selling landmines disguised as Islamic prayer mats, implying the killing of Muslims during their prayers, which constitutes an incitement to violence based on religion.",,
14865,img/14865.png,0,"terrible as hitler was, he did enjoy watching sports",0.75,1,hateful,"The meme features historical figures associated with Nazi Germany and Benito Mussolini. The text 'terrible as hitler was, he did enjoy watching sports' minimizes Hitler's role in genocide by highlighting a mundane, relatable interest. This framing trivializes the historical atrocities and dehumanization caused by the subject, which aligns with the criteria of 'historical hate' that evokes pain or normalizes the presence of genocidal figures.",,
94185,img/94185.png,1,how a black woman can fight crime,0.95,1,hateful,The meme implies that black women are the primary cause of crime and suggests they should be aborted to prevent it. This relies on racist stereotypes linking black women to criminality and constitutes a statement of inferiority and a call for exclusion/dehumanization based on race and sex.,,
27498,img/27498.png,1,who's gonna make the sandwiches? what do we do with all these sandwiches?,0.7,1,hateful,"The meme juxtaposes a photo of men kissing (implying heteronormativity or traditional gender roles) with a photo of two brides kissing, using the text 'who's gonna make the sandwiches' and 'what do we do with all these sandwiches' to reinforce the sexist and homophobic stereotype that women (or gay couples specifically) are defined by domestic labor. This constitutes an attack based on gender roles and sexual orientation by trivializing the marriage through regressive gender stereotyping.",,
14975,img/14975.png,0,hitting is a crime. it's about time people understood that,0.0,0,non-hateful,"The image depicts a woman with visible signs of physical abuse (bruising), while the text states 'hitting is a crime' and 'it's about time people understood that.' The message advocates for the legal consequences of violence and raises awareness about abuse, which aligns with supporting victims rather than attacking a protected group. There are no elements of hate speech.",,
18367,img/18367.png,0,i love my slow cooker,0.0,0,non-hateful,"The image shows a pot of soup in a slow cooker, and the text expresses a personal sentiment about the appliance. There are no attacks, slurs, or dehumanizing language targeting any protected groups.",,
74250,img/74250.png,0,white kids kids dreaming about their first day of school,0.01,0,non-hateful,"The meme features a child looking hopeful with text referencing 'white kids kids dreaming about their first day of school.' It appears to be a joke about a common childhood experience or a typo-filled caption. It does not contain slurs, attacks, or dehumanizing language targeting a protected group based on the provided definition.",,
47183,img/47183.png,0,taking the liberals to a whole new level,0.85,1,hateful,"The meme features prominent political figures Ilhan Omar and Rashida Tlaib, both Black Muslim women, with the caption 'taking the liberals to a whole new level.' The phrase references the viral 'Whole New Level' meme format, which was predominantly used in white supremacist and alt-right circles as a coded signal for racial superiority and supremacy. By applying this specific cultural coding to two Black Muslim women, the meme creates a hateful juxtaposition that attacks them based on race and religion, implying they represent a negative or threatening escalation.",,
78134,img/78134.png,0,in other countries in pakistan,0.0,0,non-hateful,"The meme contrasts a peaceful, romantic image with an image of Pakistan cricket players celebrating a World Cup victory. The humor derives from highlighting the intense passion and joy of the sport in Pakistan rather than romantic affection. It does not attack a protected group, nor does it convey hate, violence, or inferiority based on nationality.",,
16354,img/16354.png,1,we've taken this country! now fuck off! we're taking it back!,0.95,1,hateful,"The meme juxtaposes an image of a religious extremist claiming to have 'taken' a country with a man aiming a gun, labeled 'we're taking it back!'. This frames armed violence and aggression against people of a specific religion or ethnicity as a justified response to their presence, inciting hatred and promoting the idea of cleansing territory based on identity.",,
58672,img/58672.png,1,did you know that the chinese eat dogs savages disgusting,0.98,1,hateful,"The meme targets an ethnic group (Chinese people) with text stating 'the chinese eat dogs' and labels them 'savages' and 'disgusting.' These terms are dehumanizing slurs and statements of inferiority based on nationality and ethnicity, designed to attack and dehumanize the group.",,
65342,img/65342.png,1,"barn army enlist, and bomb ant hills ""grab your pitchfork and meet at the barn""",0.98,1,hateful,"The meme juxtaposes a missile with a call to bomb 'ant hills' against an image of Muslim pilgrims at the Kaaba. By labeling Muslims with the dehumanizing term 'ants' and calling for them to be 'bombed' by a 'barn army' (likely referencing the Taliban), the content incites violence and promotes dehumanization based on religion.",,
61349,img/61349.png,1,the proper way to pop a blackhead,1.0,1,hateful,"The meme depicts a boxer delivering a punch to a Black man's face, with text framing it as 'the proper way to pop a blackhead.' This uses a dehumanizing racial slur ('blackhead') and depicts physical violence against a Black person as an acceptable or humorous act. It attacks a person based on race by reducing them to a skin blemish and justifying assault.",,
94560,img/94560.png,1,and for my next class project!,0.85,1,hateful,"The image depicts individuals wearing vests with fake bombs and holding weapons, likely as part of a parade or political demonstration (possibly related to a banned group like the Taliban in Afghanistan). The text 'and for my next class project!' mocks these militants by framing their paramilitary or terrorist activities as a trivial student assignment. This trivializes violence and the threat posed to civilians, and makes light of groups often associated with terrorism and religious extremism, effectively dehumanizing the victims they target and mocking the gravity of the violence.",,
46920,img/46920.png,1,we want sharia law !! well.... go home,0.9,1,hateful,The meme juxtaposes a Muslim man shouting 'we want sharia law !!' with a dismissive response 'well.... go home'. This creates a hateful narrative by framing the desire for religious legal structures as grounds for exclusion and deportation based on religion and nationality/immigration status.,,
61503,img/61503.png,0,someone else used kids to push an agenda,0.05,0,non-hateful,"The meme uses an image of Adolf Hitler interacting with a child to make a political point about propaganda. While Hitler is a historical figure associated with atrocities, the meme does not express hate against a protected group, nor does it promote Nazi ideology or attack any specific ethnicity, race, religion, or gender. Instead, it employs the image of a notorious historical figure as a rhetorical device to criticize the manipulation of children in political messaging, aligning more with the examples of historical figures used in commentary rather than the examples where historical figures were used to promote hate.",,
53172,img/53172.png,0,straight outta the oven step one :turn on the gas,0.0,0,non-hateful,"The meme features a woman dressed as a chef in a professional kitchen. The text uses a wordplay on the phrase 'straight outta Compton' to say 'straight outta the oven,' followed by 'step one: turn on the gas.' This is a pun related to cooking and does not contain any slurs, stereotypes, or attacks based on protected characteristics like race, religion, or gender.",,
89536,img/89536.png,0,so many lives lost because of this man,0.92,1,hateful,"The meme uses the image of Adolf Hitler, the architect of the Holocaust, combined with text acknowledging the mass deaths caused by him. By highlighting the suffering and loss of life inflicted by a genocidal historical figure, the content evokes pain from historical atrocities and attacks the legacy of a historical figure associated with hate crimes.",,
67082,img/67082.png,0,"""1st day of 4th grade sandy hook elementary school""",0.95,1,hateful,"The text references 'sandy hook elementary school' in the context of the '1st day of 4th grade' and pairs it with an image of smiling children. This trivializes and mocks the Sandy Hook Elementary School shooting, a mass casualty event that killed six children. It evokes pain from the victims and their families, satisfying the criteria for hateful content.",,
47263,img/47263.png,1,pre-heat to 350 degrees,0.98,1,hateful,The image depicts the dehumanization of Holocaust victims (indicated by striped prison uniforms and crematoria setting) and normalizes genocide by captioning the preparation for mass murder as a casual cooking instruction ('pre-heat to 350 degrees'). This trivializes ethnic cleansing and attacks Jewish people and others persecuted in the Holocaust through mockery.,,
10285,img/10285.png,1,you are what you eat meanwhile in africa,0.8,1,hateful,"The meme uses a bait-and-switch joke format (referencing the 'You are what you eat' phrase) to imply that people in Africa are eating themselves. This is a dehumanizing statement that mocks people based on nationality/geography by suggesting they are starving to the point of cannibalism, which falls under evoking pain from historical figures or mocking a group based on nationality.",,
39076,img/39076.png,0,playing with the monkeys in thailand,0.0,0,non-hateful,"The image displays a tourist interacting with a monkey in Thailand with the text 'playing with the monkeys in thailand.' The content is descriptive of a recreational activity and contains no attacks, slurs, stereotypes, or dehumanizing language targeting any protected group.",,
27384,img/27384.png,0,that face you make when you're a bully and just got beat up by a girl,0.0,0,non-hateful,"The meme depicts Donald Trump with text mocking his appearance by labeling him a 'bully' who got beaten up. While derogatory, it targets a public figure's behavior and reaction rather than attacking a group based on protected characteristics like race, religion, or gender identity. It does not meet the definition of hate speech.",,
92317,img/92317.png,0,"you either die a hero, or live long enough to become the villain",0.01,0,non-hateful,"The meme features a person holding a rainbow pride flag and wearing festive face paint, paired with the text 'you either die a hero, or live long enough to become the villain.' This is a pop-culture reference to The Dark Knight. The combination does not contain any slurs, dehumanizing language, or calls for exclusion or violence against a protected group. It does not fit the definition of hate speech.",,
49028,img/49028.png,0,i finally found my girlfriends g-spot turns out it was in her sister the whole time,0.01,0,non-hateful,"The meme uses a sexually suggestive image and text to imply a joke about incest (sleeping with one's girlfriend's sister). It does not contain attacks, dehumanizing language, or exclusionary calls directed at any group based on protected characteristics such as race, religion, gender, sexual orientation, or disability. Therefore, it does not meet the definition of hate speech.",,
3214,img/03214.png,0,bartender: how about a nice 12 yr old? him: boy or girl?,0.98,1,hateful,"The meme references the horrific sexual abuse of a minor (the '12 yr old' referring to Jessica Ahlquist) and mocks the perpetrator's predatory questions. It normalizes and trivializes child sexual abuse, evoking pain from victims of hate crimes and violence against children.",,
7653,img/07653.png,1,"in the last days there will be god hating scoffers, ridiculers, deniers and mockers following after their own lusts",0.95,1,hateful,"The meme combines an image of people celebrating LGBTQ+ identity with text explicitly labeling them as 'god hating scoffers, ridiculers, deniers and mockers' and accusing them of 'following after their own lusts'. This constitutes hateful content as it attacks people based on sexual orientation and gender identity using dehumanizing religious language and framing of inferiority.",,
62703,img/62703.png,0,they shot the wrong gorilla,0.0,0,non-hateful,"The meme features a memorial tribute to Harambe, a gorilla killed by a shooting, with text reading 'they shot the wrong gorilla'. This is a well-known internet joke format (often used ironically or for shock value, typically referencing Harambe's internet meme status) and does not target any human group based on ethnicity, race, religion, gender, or other protected characteristics. It does not contain dehumanizing speech or calls for exclusion against people.",,
78914,img/78914.png,0,terrorist trojan horse enemy of the state,0.01,0,non-hateful,"The meme juxtaposes an image of the Trojan Horse with the text 'terrorist trojan horse' and 'enemy of the state'. This is a political metaphor linking the historical deception of the Trojan Horse with the concept of terrorism and disloyalty to the state. It does not target any specific group based on ethnicity, religion, race, or other protected characteristics.",,
2783,img/02783.png,1,a picture of my great great great grand grandfather's tractors they don't make them like they used to,0.98,1,hateful,"The meme utilizes an image of enslaved Black men to make a racist joke, referring to human beings as 'tractors.' This relies on and dehumanizes a specific racial group based on the history of chattel slavery, framing the subjugation of Black people as 'superior machinery.'",,
2145,img/02145.png,0,"and then i asked mom, what's for dinner?",0.01,0,non-hateful,"The image displays a festive dining table setting with food, and the text 'and then i asked mom, what's for dinner?' represents a mundane domestic question. There is no content that attacks, excludes, or dehumanizes any group based on protected characteristics.",,
40982,img/40982.png,1,and just like that... this sandwich maker doubles as ironing board,0.01,0,non-hateful,"The meme depicts a woman floating in the air and includes a caption stating 'this sandwich maker doubles as ironing board.' The content appears to be an absurd or random humor meme ('surreal meme') with no connection to race, gender, religion, sexual orientation, or any other protected characteristic. It does not contain slurs, stereotypes, or dehumanizing language.",,
25061,img/25061.png,1,this is el paso shooter's father. every. single. time,0.95,1,hateful,"The meme falsely labels an elderly man, who appears to be of Middle Eastern descent and is wearing a kippah, as the 'El Paso shooter's father.' The El Paso shooter was known for anti-Hispanic/anti-Latino ideology. By visually equating a man who looks like a Middle Eastern immigrant with the perpetrator of a hate crime, the meme relies on xenophobic stereotypes and racial profiling to dehumanize people based on their appearance, ethnicity, and nationality. It implicitly attacks Middle Eastern or Arab-looking individuals by associating them with terrorism.",,
7528,img/07528.png,1,the latest and greatest. a truck that comes with a dishwasher!,0.0,0,non-hateful,"The meme features a woman in a vintage truck with text claiming it is 'the latest and greatest' and 'comes with a dishwasher'. This is a satirical take on the truck's age and condition. The content does not contain any attacks based on ethnicity, race, religion, sex, gender identity, or other protected characteristics. It does not fit the definition of hate speech.",,
24396,img/24396.png,1,"so like, why are men even gay? girls have buttholes too you know.",0.75,1,hateful,"The meme mocks individuals with a sexual orientation other than heterosexuality by implying that gay men are illogical for not choosing women ('girls have buttholes too'). This constitutes a hateful attack on sexual orientation by promoting the idea that non-heterosexual relationships are inherently inferior, nonsensical, or purely driven by sexual fetishization, fitting the definition of statements of inferiority.",,
43175,img/43175.png,1,when was the last time you saw so many mentally ill people on the streat,0.98,1,hateful,"The meme uses a 'bait-and-switch' format to present a Pride parade as 'mental illness,' which is a classic dehumanizing trope used to mock and attack the LGBTQ+ community based on sexual orientation and gender identity.",,
34189,img/34189.png,0,fight for what you believe in fight for the future,0.0,0,non-hateful,"The image depicts a woman passionately shouting and clapping, likely during a protest or rally. The text reads 'fight for what you believe in' and 'fight for the future.' This content conveys a message of empowerment, activism, and hope, containing no slurs, dehumanization, or attacks on any protected groups.",,
9863,img/09863.png,0,diverse group of women,0.01,0,non-hateful,"The image depicts a group of women of various ethnicities smiling and wearing pink shirts, with text describing them as a 'diverse group of women.' There is no language of hatred, slur, stereotype, or call for exclusion; the content is inclusive and positive.",,
52091,img/52091.png,1,"women ask for equal rights, so i give them equal lefts aswell",0.95,1,hateful,"The meme combines an image of a woman with severe facial injuries (bruises, cuts) indicative of abuse with text that puns on 'equal rights' with 'equal lefts' (physical blows). This promotes and normalizes domestic violence and the physical abuse of women based on their gender, constituting a violent attack and a call for harm against a protected group.",,
56241,img/56241.png,1,94% of them test positive for rh blood type which means they have monkey blood as a result they are born with a tail and other animal traits,0.85,1,hateful,"The meme employs scientific pseudoscience to dehumanize a large portion of the human population (those with Rh+ blood, the majority of humans) by claiming they have 'monkey blood' and 'animal traits.' This aligns with Example 6 (pseudoscientific stereotype) and Example 11 (recycled dehumanization), as it uses the historically loaded 'monkey' metaphor to imply human inferiority and non-human status based on a biological characteristic.",,
78659,img/78659.png,0,what a weird way to spell fat and single,0.1,0,non-hateful,"The meme creates a visual pun spelling 'FAST FOOD' using fast food items, where the letter 'T' is formed by french fries (implying fat) and the letter 'O' is replaced by two burgers (implying the slang for a single person, i.e., no 'partner'). While the text explicitly spells out 'fat' and 'single', the meme functions as a 'dad joke' or visual riddle about the shape of the letters rather than a direct attack or slur against a protected group. It makes a generalization about the association between fast food and body weight/relationship status but does not incite violence, dehumanize, or exclude a specific class of people.",,
14389,img/14389.png,1,"democrats we're new, bold, and we hate you! alexandria ocasio-cortez rashida tlais ilhan omar ayanna pressley we hate whites, jews, christians, conservatives, republicans",0.95,1,hateful,"The meme attributes explicit hate speech targeting specific religious and political groups ('whites', 'jews', 'christians', 'republicans', 'conservatives') to named political figures. By stating 'we hate whites, jews, christians' and labeling them with 'hate', it constitutes a direct attack and statement of inferiority/hostility based on race, religion, and political affiliation.",,
3519,img/03519.png,1,i'm going home i'm russian,0.9,1,hateful,"The meme displays a picture of a pig with the text 'i'm going home / i'm russian'. This implies that Russians are pigs, which is a dehumanizing comparison attacking people based on their nationality/ethnicity.",,
1726,img/01726.png,1,a real man loads the dishwasher every night,0.0,0,non-hateful,"The meme depicts a couple in bed with feet touching and text stating 'a real man loads the dishwasher every night.' This content promotes gender equality by encouraging men to participate in domestic chores. It does not contain attacks, slurs, or derogatory statements based on any protected characteristics.",,
34687,img/34687.png,1,everyone is afraid of dark,0.05,0,non-hateful,"The image features two individuals, likely the rap duo D12, and the text reads 'everyone is afraid of dark.' The phrase 'afraid of dark' appears to be a reference to the rap song 'Afraid' by Eminem (a member of D12) or simply a play on words regarding their skin color, but it does not contain slurs, calls for exclusion, or statements of inferiority. Unlike the calibration examples which depict explicit slurs, incitement to violence, or dehumanizing stereotypes, this content is a pop-culture reference or joke that does not meet the threshold of hate speech.",,
72061,img/72061.png,1,i like my rice crispy please,0.98,1,hateful,"The image displays various nuclear bombs, and the text uses the phrase 'I like my rice crispy please'. This is a racial slur targeting Asian people (referring to them as 'rice crispy' or 'crispy rice') combined with imagery of mass destruction weapons. It dehumanizes Asian people by associating them with food and implying they should be destroyed or 'cooked', fitting the definition of hate speech based on ethnicity/race.",,
28190,img/28190.png,1,when finishing a race is your passion,0.85,1,hateful,"The image depicts Adolf Hitler and Benito Mussolini, historical figures responsible for genocide and war crimes. The text 'when finishing a race is your passion' frames their participation in the 1938 Berlin motor show as a mere sporting event, trivializing the genocidal ideology represented by the Nazi swastika on Hitler's uniform. By sanitizing these figures and their symbols through a humorous, non-political context, the meme minimizes the historical atrocities associated with them.",,
26943,img/26943.png,1,my incesters built this country!!!!,0.1,0,non-hateful,"The meme features a popular internet 'creepy uncle' image and the text 'my incesters built this country!!!!'. While the word 'incesters' is used to label a specific group (family members engaging in incest), the content is a reference to a well-known internet meme format involving 'family values' jokes. The 'attack' is directed at a behavior or a hyperbolic family dynamic rather than a protected characteristic like race, religion, gender identity, sexual orientation, or disability. It functions as a self-deprecating or absurdist joke rather than hate speech intended to dehumanize or exclude a marginalized group based on the criteria provided.",,
91602,img/91602.png,0,upper downer,0.0,0,non-hateful,"The meme utilizes the 'upper/downer' internet slang format to play on words. The top panel shows someone going 'up' the stairs, labeled 'upper', while the bottom panel shows someone walking 'down' stairs, labeled 'downer'. The text and images are innocent, focusing on the direction of movement on a staircase, and do not contain any hate speech or attacks on protected groups.",,
6723,img/06723.png,1,the hardest part to eat in a vegetable,0.92,1,hateful,"The meme makes a pun by calling the motorized wheelchair a 'vegetable', which is a common slur for someone in a vegetative state or with severe disabilities. It mocks the physical reality of a disabled person who relies on a wheelchair.",,
46087,img/46087.png,0,give that man a suicide,0.05,0,non-hateful,"The text 'give that man a suicide' is a direct call for or encouragement of suicide/violence against an unspecified individual. It does not attack the person in the image based on protected characteristics (race, religion, gender, etc.) nor does it promote hate speech against a group. Therefore, it falls outside the definition of hate speech provided.",,
83920,img/83920.png,1,"just under 17 and a half years ago, 19 people were allowed into the us who should not have been all these years later, we are told that the answer to safety is to allow everyone in",0.92,1,hateful,"The meme uses the imagery of the 9/11 terrorist attacks to argue against immigration restrictions, claiming that terrorists were 'allowed into the us'. It then juxtaposes this with a call to 'allow everyone in' for safety. This constitutes hate speech by spreading a demonstrable falsehood to attack people based on their immigration status (specifically the '19 people' who were hijackers), and by trivializing the pain of a historical genocide event to promote a controversial political stance. It uses historical tragedy to dehumanize immigrants.",,
84102,img/84102.png,0,the definition of utter disgust in plain black and white,0.0,0,non-hateful,"The meme features a woman with a fake mustache and a disgusted expression, accompanied by text that plays on the phrase 'in plain black and white'. This is a visual pun or joke about clarity and color, not an attack on any protected group based on race, gender, or other characteristics.",,
92068,img/92068.png,0,still better than mexican,0.0,0,non-hateful,"The text 'still better than mexican' expresses a comparative preference for a food item over the national origin of Mexican people or their cuisine. However, it does not constitute a direct attack, slur, dehumanizing statement, or call for exclusion against people of Mexican ethnicity. It is a subjective opinion on food taste rather than hate speech against a protected group.",,
54129,img/54129.png,0,dump pipe to the ocean,0.0,0,non-hateful,"The meme displays a pipe draining into the ocean with the text 'dump pipe to the ocean.' The content refers to a physical structure and a location. It does not contain any attacks on individuals or groups based on race, religion, gender, sexual orientation, disability, or other protected characteristics. There is no hateful text, imagery, or implied message fitting the definition.",,
38076,img/38076.png,1,"""he's a squirter"" doesn't sound as sexy when you are gay",0.9,1,hateful,"The meme uses a sexually explicit pun ('squirter') to make a joke specifically about gay men. By framing the sexual act as 'not sexy' specifically 'when you are gay,' it attacks individuals based on sexual orientation. It relies on homophobia to generate humor, characterizing gay sexual activity as unappealing, which fits the definition of hate speech as an attack based on sexual orientation.",,
63921,img/63921.png,0,taking a photo with family,0.0,0,non-hateful,"The image shows a diverse group of people posing for a family photo, and the text describes a wholesome family activity. There are no attacks, slurs, stereotypes, or dehumanizing elements directed at any protected group.",,
89425,img/89425.png,1,hello chocolate paradise princess i'm albert,0.05,0,non-hateful,"The meme features a man staring at a woman's backside with the caption 'hello chocolate paradise princess'. While the phrasing uses racial markers ('chocolate'), it is used in a context of sexual attraction and objectification rather than hate speech. It does not contain slurs, calls for violence, or dehumanizing attacks on a protected group, and instead conveys a crude message of desire.",,
56428,img/56428.png,0,if the shocker don't rock her spock her,0.0,0,non-hateful,"The meme contains a sexual double entendre using the character Spock to make a crude joke about sexual acts. It does not contain slurs, attack protected groups, or promote violence or exclusion based on ethnicity, gender, religion, or other protected characteristics.",,
6273,img/06273.png,1,the jihad squad,0.9,1,hateful,"The meme overlays the text 'the jihad squad' onto an image of the Congressional Black Caucus, a group of African American members of the U.S. House of Representatives. This creates an implicit hateful message by associating Black Americans with the term 'jihad' (often weaponized to imply terrorism) and potentially implying that Black politicians are enemies of the state or traitors due to their race or political stance. It relies on racial and religious stereotypes to attack a protected group.",,
50379,img/50379.png,0,do you know how to turn your dishwasher into a snowblower? throw em a shovel,0.01,0,non-hateful,"The meme depicts a dishwasher and suggests putting a shovel inside it. This is a nonsense joke relying on literal interpretation or absurdity. It does not contain any content that attacks individuals or groups based on protected characteristics such as race, religion, gender, or disability.",,
59806,img/59806.png,0,"on tuesday, november 3, 2020, we make america great again  by voting this nightmare out of office!",0.01,0,non-hateful,"The meme uses the term 'nightmare' to describe Donald Trump. While this is a pejorative expression of political dissent and strong disapproval, it does not constitute an attack based on protected characteristics such as race, religion, gender, or disability. It does not incite violence, promote segregation, or dehumanize the subject in a way that violates the definition of hate speech.",,
59140,img/59140.png,1,wanna go masturbate? fuck yeah! masturbating!,0.95,1,hateful,"The meme juxtaposes an image of two boys playing cards with text mocking masturbation, alongside an image of a boy in a wheelchair. This implies an ability-based joke where the disabled boy is the punchline, mocking his condition by associating it with sexual inability or deviance. This constitutes hate speech based on disability by evoking pain and treating the disability as a source of ridicule.",,
9563,img/09563.png,1,safe sex isis style,0.05,0,non-hateful,"The meme juxtaposes an image of a goat with the text 'safe sex isis style'. This references the ISIS terrorist group and their well-documented use of goat meat in their propaganda to mock the 'safe sex' campaigns of Western nations. It relies on cultural coding where the goat represents ISIS propaganda, mocking a specific geopolitical and ideological enemy. It does not attack a protected characteristic such as race, religion, gender, or disability, nor does it use dehumanizing slurs against a marginalized group.",,
26985,img/26985.png,1,i just heard my girlfriend is pregnant,0.7,1,hateful,"The meme depicts a man running away with the text 'i just heard my girlfriend is pregnant.' This implies that having a girlfriend become pregnant is a negative event to be fled from. This relies on a sexist stereotype that men are inherently irresponsible or unwilling to commit to parenthood. Under the provided definition, this constitutes a statement of inferiority based on gender, similar to Example 4 which normalizes sexism.",,
65832,img/65832.png,1,why love one but eat the other ? i don't get it,0.0,0,non-hateful,"The meme compares dogs and pigs, noting the irony that humans love one but eat the other. The images show a confused child, a dog, and a pig. The content is a commentary on human dietary habits and speciesism, but it does not contain any hate speech directed at people based on ethnicity, race, religion, gender, or other protected characteristics.",,
35840,img/35840.png,1,i ordered a dishwasher and they sent me a sandwich maker,0.0,0,non-hateful,"The meme depicts a woman standing in an empty room next to boxes, expressing frustration with the text 'i ordered a dishwasher and they sent me a sandwich maker.' This is a humorous exaggeration of a delivery error. It contains no attacks on protected groups, dehumanizing language, or hateful slurs.",,
79085,img/79085.png,1,today we are making vegetable soup,0.0,0,non-hateful,"The meme depicts two individuals wearing aprons in a kitchen setting with the text 'today we are making vegetable soup'. The content describes a mundane domestic activity and contains no text or imagery that attacks, dehumanizes, or calls for exclusion based on protected characteristics such as race, religion, disability, or gender.",,
84362,img/84362.png,0,unleash the inner beast on the field,0.95,1,hateful,The meme combines an image of a Black football player with a picture of a gorilla and the text 'unleash the inner beast on the field.' This juxtaposition relies on a long-standing racist stereotype that dehumanizes Black people by associating them with apes. The use of the term 'beast' in this context reinforces degrading racial tropes.,,
39607,img/39607.png,1,those stupid basterds thought it was a real shower,0.05,0,non-hateful,"The meme depicts Adolf Hitler and Benito Mussolini laughing, with text referring to 'stupid basterds' who 'thought it was a real shower.' This is a dark humor joke playing on the historical fact of the Holocaust, specifically the gas chambers disguised as showers, and the irony of the perpetrators' demise (e.g., suicide by gas or hanging). While the subject matter is the Holocaust, the text attacks the perpetrators (Hitler and Mussolini) with insults ('stupid basterds') rather than attacking a protected group based on race, religion, etc. The image portrays the dictators as laughing, which trivializes the gravity of the atrocities they committed, but it does not meet the definition of hate speech as it does not incite violence, promote inferiority, or attack a protected group.",,
23810,img/23810.png,1,these aren't people,0.95,1,hateful,"The meme depicts vulnerable individuals, specifically including a child, hiding near a fence in a desolate setting. The text 'these aren't people' explicitly dehumanizes the subjects. Dehumanization is a core tactic of hate speech used to strip individuals of their humanity, often targeting refugees or immigrants, which fits the definition of an indirect attack on people based on immigration status or nationality.",,
96312,img/96312.png,0,when you support your little one every step of the way,0.01,0,non-hateful,"The meme depicts a woman affectionately hugging a girl with Down syndrome. The text 'when you support your little one every step of the way' conveys a positive, supportive message regarding disability. There is no attack, slur, statement of inferiority, or call for exclusion based on disability or any other protected characteristic.",,
56473,img/56473.png,0,knows about you. your family your children everything,0.92,1,hateful,"The meme depicts a person with Hasidic Jewish characteristics and uses text to reinforce the antisemitic conspiracy theory of Jewish surveillance and omnipresence, echoing historical stereotypes and tropes like the 'all-seeing Jew'.",,
93041,img/93041.png,0,"""who's gonna make the sandwiches? what do we do with all these sandwiches?""",0.01,0,non-hateful,"The image shows shelves of sandwiches in a grocery store, and the text humorously asks 'who's gonna make the sandwiches?', a reference to a line from the movie 'Mean Girls.' There is no attack on people based on protected characteristics, nor any dehumanizing or exclusionary language.",,
76015,img/76015.png,0,everyone celebrates christmas !,0.85,1,hateful,"The meme uses a juxtaposition to imply that Jewish people (represented by the image of Orthodox men) do not celebrate Christmas, contrasting this with the text 'everyone celebrates christmas!'. This conveys a message of exclusion and 'othering' based on religion, suggesting that Jews are outsiders who do not participate in the cultural norm of Christmas, which is a form of subtle religious discrimination.",,
28690,img/28690.png,0,if you're gonna talk shit about someone... you better make sure they aren't crazier than you are,0.01,0,non-hateful,"The meme features a photo of a man and uses the text 'if you're gonna talk shit about someone... you better make sure they aren't crazier than you are'. The text contains profanity and the image implies a negative stereotype of the individual's mental stability, but neither attacks a protected group based on characteristics like race, religion, gender, etc., nor does it express hate speech or promote exclusion/dehumanization.",,
75639,img/75639.png,1,changing every single country it touches,0.9,1,hateful,"The meme depicts a Muslim figure praying and uses the text 'changing every single country it touches' to suggest that Islam corrupts nations. This is a hateful message because it attacks people based on religion, framing the faith and its followers as inherently destructive to civilization.",,
80912,img/80912.png,0,mr obama it is an honor,0.0,0,non-hateful,"The meme features President Barack Obama and Malia Obama in a respectful setting with the text 'mr obama / it is an honor'. There are no racial slurs, dehumanizing imagery, calls for violence, or derogatory statements. The content is neutral and does not target any protected group.",,
91405,img/91405.png,0,wears rag on her head so her brother husband doesnt want to molest her,0.95,1,hateful,"The meme attacks a Muslim woman based on her religion and gender. It uses a derogatory slur ('rag') to describe her hijab and dehumanizes her by implying she is merely an object for male sexual gratification or incestuous abuse by her brother. This constitutes a direct attack based on religion and gender by promoting a sexist, anti-Muslim stereotype.",,
90843,img/90843.png,0,"time to put the ""panic"" back in hispanic",0.85,1,hateful,"The meme uses a pun on 'pancake' and 'panic' directed at 'Hispanic' people. It relies on the stereotype linking the 'panic' in 'pancake' to Hispanic immigrants, implying they are a cause for panic or danger. This constitutes an indirect attack based on ethnicity and national origin.",,
20861,img/20861.png,1,pretty much sums up islam,0.98,1,hateful,"The image depicts a suicide bomber wearing a headband identifying with Hamas, holding explosive devices. The text 'pretty much sums up islam' explicitly attributes terrorism and violence to the religion of Islam as a whole. This constitutes a hateful attack based on religion, using a statement of inferiority and dehumanization by associating the entire faith with acts of terror.",,
92738,img/92738.png,1,"they are the best in basketball because they can steal, shoot and run",0.0,0,non-hateful,"The meme makes a pun on basketball terms (steal, shoot, run) and criminal acts to describe basketball players' athletic skills. It does not target a protected group based on race, religion, or other characteristics, but rather uses wordplay regarding the sport itself.",,
27614,img/27614.png,0,maybe if you think before you act you'd be treated better,0.9,1,hateful,"The meme features a Black man with text advising 'maybe if you think before you act you'd be treated better.' This implies that the subject's current social treatment is a direct result of their lack of intellect or poor decision-making, reinforcing a racial stereotype of intellectual inferiority. Under the provided definition, 'statements of inferiority' targeting people based on race constitute hate speech.",,
98701,img/98701.png,1,oh no i can't steal anymore,0.01,0,non-hateful,"The meme depicts a person clutching their knee, accompanied by the text 'oh no i can't steal anymore.' This is a visual pun on the phrase 'stole my knee' (a running injury). It makes a joke about sports injury or physical limitation. It does not target any protected group, nor does it contain slurs, stereotypes, or calls for exclusion or violence based on race, religion, gender, or other protected characteristics.",,
94170,img/94170.png,0,when you decide to go full gas,0.01,0,non-hateful,"The image shows a person cooking with an oven, and the text reads 'when you decide to go full gas.' This is a humorous comment on using a gas stove or cooking at high intensity, with no connection to hate speech, slurs, or attacks on protected characteristics.",,
1967,img/01967.png,0,when you decide to stop racism by burning its symbol,0.01,0,non-hateful,"The meme depicts a person burning a swastika (the symbol of Nazi racism) with text stating 'when you decide to stop racism by burning its symbol.' The content is anti-racist and explicitly advocates for the destruction of hate symbols. It does not contain hate speech, slurs, or attacks on protected groups.",,
79042,img/79042.png,0,the door to the crematorium and gas chambers are closed,0.95,1,hateful,"The meme depicts the crematorium and gas chamber at Auschwitz concentration camp and states they are 'closed,' which is a trivialization of the Holocaust. This falls under mocking hate crime and evoking pain from historical atrocities, specifically targeting Jewish victims and victims of the Holocaust.",,
23785,img/23785.png,0,hansel and gretel was a scary childrens story,0.01,0,non-hateful,"The meme features a vintage illustration of Hansel and Gretel alongside the text 'hansel and gretel was a scary childrens story.' This is a commentary on the horror elements of a classic fairy tale. The content targets a fictional story and does not attack any group based on protected characteristics such as race, religion, nationality, or gender.",,
18547,img/18547.png,1,1st day of 4th grade sandy hook elementary school,0.98,1,hateful,"The meme combines an image of a child holding a rifle with text referencing the Sandy Hook Elementary School shooting. This constitutes hate speech as it mocks a mass casualty event and a tragedy involving the death of children, which falls under the definition of mocking hate crimes and evoking pain from a horrific historical event.",,
74965,img/74965.png,0,some people some other people,0.0,0,non-hateful,"The meme juxtaposes a romantic moment between a couple with a man kissing a goat, using the 'some people' vs 'some other people' format. This format highlights eccentric or unusual relationship preferences. There is no attack on any individual or group based on protected characteristics such as race, gender, or religion, nor is there any call for exclusion or violence. It relies on absurdity rather than hateful ideology.",,
87520,img/87520.png,1,"yes, we know trump said ""mexico will pay for the wall"" but now mexicans are the wall. that boy good!!!!",0.95,1,hateful,"The meme dehumanizes immigrants by stating 'now mexicans are the wall,' effectively treating a group of people as inanimate objects or barriers rather than human beings. This constitutes a statement of inferiority and dehumanization based on nationality and ethnicity.",,
94738,img/94738.png,0,shopping is boring. why not have some fun at the walmart parking lot?,0.0,0,non-hateful,"The meme depicts a young couple having fun by pushing a shopping cart in a parking lot with text suggesting that shopping is boring. The content focuses on lighthearted teenage behavior and does not contain any attacks based on protected characteristics such as race, religion, gender, or disability.",,
92567,img/92567.png,0,pray for peace pray for wellbeing,0.01,0,non-hateful,"The image depicts a person performing Islamic prayer, with text encouraging positive sentiments like praying for peace and wellbeing. The content promotes harmony and does not contain any attacks, slurs, or derogatory implications against any group based on religion or other protected characteristics.",,
41276,img/41276.png,1,evolution from peeling bananas to busting caps,0.1,0,non-hateful,"The meme makes a joke about evolution using a Black man and a gorilla. While it references the biological similarity between humans and apes (often used in racist tropes), the specific punchline 'from peeling bananas to busting caps' changes the context from biological dehumanization to slang-based humor about violence/guns. It does not explicitly attack, dehumanize, or express hatred towards a specific group based on the listed protected characteristics.",,
3798,img/03798.png,0,"hey, i just met you and this is crazy but here's your number... so camping, maybe?",0.0,0,non-hateful,"The meme features a couple at the beach in a tent over a Land Rover, paired with a parody of the 'Call Me Maybe' lyrics asking 'so camping, maybe?'. The image depicts a romantic outdoor scene, and the text is a humorous play on popular song lyrics related to the visual context. There are no attacks, slurs, dehumanizing language, or calls for exclusion based on any protected characteristics.",,
86417,img/86417.png,1,i could have killed all of them. but i let some of them survive so you know why i killed them,0.98,1,hateful,"The meme features a historical figure associated with genocide (Adolf Hitler) and includes text referencing the killing of 'them' and justifying those killings by keeping survivors as witnesses. This content explicitly mocks hate crimes, trivializes genocide, and glorifies mass murder, fitting the definition of evoking pain from historical figures and using dehumanizing speech.",,
6123,img/06123.png,1,a group of men,0.0,0,non-hateful,"The image displays three happy dogs sitting on a lawn with the text 'a group of men' overlaid. This is a humorous comparison between the appearance of a pack of dogs and a group of men. There is no attack on people based on protected characteristics, no use of slurs, no incitement to violence, and no dehumanizing rhetoric. The content is lighthearted and does not fall under the definition of hate speech.",,
28951,img/28951.png,0,if the brim of your hat is flat and has a sticker on it i automatically assume you're a complete tool,0.01,0,non-hateful,"The meme features a dog and text expressing a personal opinion that people who wear hats with flat brims and stickers are 'tools'. This is a subjective insult regarding fashion choices and personality, but it does not target any protected group based on characteristics such as race, religion, gender, or disability.",,
19508,img/19508.png,1,the definition of utter disgust in plain black and white,0.85,1,hateful,"The meme uses a common 'racist' joke format (playing on 'black and white') combined with an interracial couple to make a negative statement about Black people. The text implies that the Black man represents 'disgust' while the white woman represents 'plain,' attacking a protected group (race) with a dehumanizing statement.",,
39578,img/39578.png,1,one of the bullets they dug out of a victim from the orland gay night club shooting!,0.98,1,hateful,The meme depicts a dildo with text falsely claiming it is a bullet removed from a victim of the Orlando nightclub shooting. This is hateful because it attacks a group based on sexual orientation by making a false insinuation linking them to sodomy/anal penetration ('dug out') as a result of the shooting. It also mocks a hate crime to evoke pain from a tragic historical event.,,
13647,img/13647.png,1,she said girls run the world... so i told her get back in the kitchen,0.95,1,hateful,"The meme uses a classic sexist trope to attack women based on their gender. By countering the statement 'girls run the world' with the dehumanizing phrase 'get back in the kitchen,' it promotes gender inequality and suggests women belong in a subservient domestic role rather than positions of power or leadership.",,
2364,img/02364.png,0,"a jewish shop owner, wears a kippah or yarmulke whilst in his shop in tehran",0.01,0,non-hateful,"The image and text simply describe a Jewish man wearing a kippah reading a newspaper in his shop in Tehran. There is no attack, slur, dehumanizing speech, or call for exclusion based on protected characteristics.",,
92046,img/92046.png,0,they are terrorists anyone who doesn't agree is an idiot,0.01,0,non-hateful,"The meme features a flag of the Islamic State (ISIS), a terrorist organization, and the text labels the individuals 'terrorists.' While the sentiment is politically charged and dismissive ('idiots'), it targets a violent extremist group and the label 'terrorist' is a political designation rather than a protected characteristic (race, religion, nationality, etc.). Therefore, it does not meet the definition of hate speech.",,
7351,img/07351.png,0,"""plays uno steals all the green cards""",0.0,0,non-hateful,"The meme features playing cards (specifically backs of cards or blanks) and text making a pun about the card game 'Uno' and the color of the background. It does not contain any attacks on protected groups, hate speech, or harmful imagery.",,
57621,img/57621.png,1,if this gets 1k likes i'll post to islam how we see muslims how muslims see us,0.98,1,hateful,"The meme juxtaposes an image of an armed man in Middle Eastern attire targeting the viewer with the text 'how we see muslims', against an image of a woman shooting targets representing 'how muslims see us'. This creates a hateful narrative that attacks Muslims based on religion and ethnicity by dehumanizing them as terrorists and threatening the viewer's safety and existence.",,
7135,img/07135.png,1,this is the greatest news manufacturing in 20th century,0.95,1,hateful,"The meme features a historical photograph from the 1945 Warsaw Uprising, showing Polish insurgents surrendering and being marched by German soldiers. The caption 'this is the greatest news manufacturing in 20th century' falsely implies that the events depicted are fabricated. This constitutes 'evoking pain from historical figures' and attacks a group based on nationality/ethnicity by denying their historical suffering and struggle.",,
97068,img/97068.png,1,these hitler jokes are rude anne frankly i don't care,0.95,1,hateful,"The meme features a photo of Adolf Hitler and a text pun referencing Anne Frank, a prominent Jewish victim of the Holocaust. This constitutes hateful content as it makes light of the Holocaust and trivializes the death and suffering of a Jewish individual, which falls under evoking pain from historical figures and mocking hate crimes/genocide.",,
64891,img/64891.png,1,lebanon: before muslims after muslims but don't worry! after islam takes over there'll be a golden age.. apparently,0.9,1,hateful,"The meme implies a causal link between the presence of Muslims and violent instability in Lebanon, juxtaposing a peaceful harbor scene with civil unrest labeled 'after islam takes over.' This constitutes an indirect attack based on religion, dehumanizing Muslims by attributing chaos to their identity.",,
74058,img/74058.png,0,he made millions of children homeless,0.98,1,hateful,"The meme juxtaposes a historical photo of Nazi leaders with a photo of Holocaust victims to falsely attribute the suffering of Jewish people solely to 'making children homeless.' This employs 'historical hate' and 'mocking hate crime' by reducing the systematic genocide of millions to a trivial complaint about housing, thereby dehumanizing the victims and trivializing the Holocaust.",,
38910,img/38910.png,1,oh boy i sure love being muslim in the new zealand city of christchurch on march 15,0.98,1,hateful,"The meme references the specific date and location of the Christchurch mosque shootings, a mass murder of Muslim people. By juxtaposing the image of a mosque with the 'Stonks' dog meme and the phrase 'oh boy i sure love being muslim' followed by the date of the attack, it trivializes a hate crime and mocks the victims. This falls under mocking a hate crime and evoking pain.",,
30148,img/30148.png,1,you mean i don't have to pick it?!?,0.01,0,non-hateful,"The image shows a young boy happily eating cotton candy at a fair. The text 'you mean i don't have to pick it?!?' refers to the fact that cotton candy is manufactured on a stick rather than picked from a plant. There is no attack on any protected group, no use of slurs, and no hateful imagery.",,
45368,img/45368.png,1,enough is enough children are more important than freaks,0.95,1,hateful,"The text uses the slur 'freaks' to dehumanize individuals associated with LGBTQ+ symbols (rainbow flag) and promotes the ideology that children are superior to this group, constituting an attack based on sexual orientation and gender identity.",,
8795,img/08795.png,0,when you are white and working in oil field,0.0,0,non-hateful,"The meme contains the text 'when you are white and working in oil field' combined with an image of hands covered in black oil. While the image depicts a work environment condition (oil on skin), there is no hateful intent. The text does not attack any group based on race, nor does it imply inferiority or call for exclusion. The contrast between the word 'white' and the black substance appears to be a visual pun or reference to the specific nature of the job, rather than a dehumanizing statement about race. There is no evidence of hate speech according to the provided definition.",,
35487,img/35487.png,0,randomly deciding to bake something,0.0,0,non-hateful,"The meme displays a man in a suit riding a white horse in a desert landscape with the caption 'randomly deciding to bake something.' There is no hate speech, discriminatory language, or imagery targeting any protected group. The content is unrelated to any characteristics defined in the hate speech policy.",,
95038,img/95038.png,0,when you take these pics we think about cumming in your mouth,0.01,0,non-hateful,"The meme features a woman making a vulgar facial expression with text expressing sexual arousal ('thinking about cumming'). While the content is sexually explicit and crude, it does not contain attacks, slurs, or derogatory statements targeting a person or group based on protected characteristics such as race, religion, gender identity, or sexual orientation. It does not meet the definition of hate speech.",,
74013,img/74013.png,1,"nurse: yes sir, we are having mashed potatoes today alzheimer's patient: i don't remember asking you a god damn thing",0.05,0,non-hateful,"The meme depicts a common stereotype regarding Alzheimer's disease or dementia where patients may not recall their recent surroundings or conversations. While it uses a racial stereotype meme format (Samuel L. Jackson as a frustrated character) and contains profanity, it does not attack a protected group based on characteristics like race, ethnicity, religion, or disability in a hateful manner. Instead, it mocks the specific behavioral trait of short-term memory loss associated with the disease for comedic effect, without inciting violence, promoting inferiority, or dehumanizing patients with Alzheimer's.",,
90243,img/90243.png,1,"best gamer ever 6 million kills, 1 death",0.99,1,hateful,"The meme depicts Adolf Hitler alongside a mushroom cloud and the text '6 million kills, 1 death,' which explicitly references the number of Jewish victims in the Holocaust. By framing this mass genocide as a 'gaming' achievement ('best gamer ever'), it mocks the Holocaust, trivializes mass murder, and evokes pain based on historical figures and ethnicity, constituting hate speech.",,
89430,img/89430.png,0,when you know you don't have to jackoff tonight,0.6,1,hateful,"The meme features a white woman and a Black man in a romantic context, with text celebrating the end of male masturbation due to the implied impending sexual encounter. The content targets a specific sexual dynamic (interracial relationships) using crude, objectifying language and stereotypes, which serves as a hate speech attack based on race and gender.",,
32049,img/32049.png,0,"german british danish austrian diversity. apparently we don't have it and these guys do: iraqi, pakistani, syrian, egyptian",0.85,1,hateful,"The meme employs a common xenophobic trope that contrasts 'diversity' associated with Western European nationalities against a list of specific countries in the Global South and Middle East (Iraq, Pakistan, Syria, Egypt). By stating 'apparently we don't have it and these guys do,' it attacks these groups by implying they are culturally lacking or 'uncivilized' compared to the referenced European nations. This constitutes a statement of inferiority based on nationality and ethnicity.",,
19243,img/19243.png,0,"surprise!! wait, where is everyone?",0.0,0,non-hateful,"The meme depicts a woman standing inside a cardboard box in an empty room, expressing surprise and confusion via text. It is a humorous relatable image about moving or being pranked. There is no content attacking any protected group, nor does it contain slurs, incitement to violence, or dehumanizing language.",,
5349,img/05349.png,0,normal day in a islamic country,0.01,0,non-hateful,"The image depicts two women, one wearing a hijab and the other in secular clothing, sitting together in a casual setting. The text overlay 'normal day in a islamic country' presents a benign observation of the coexistence of religious observance and secular lifestyle. There are no slurs, calls for violence, statements of inferiority, or implied stereotypes. The meme does not attack any protected group; rather, it portrays a non-confrontational, everyday scene.",,
90643,img/90643.png,0,she represents the new wave of democrats,0.0,0,non-hateful,"The image depicts Ilhan Omar, a Muslim woman and politician, with the text 'she represents the new wave of democrats'. The image and text appear to be a political statement regarding her political affiliation. There are no slurs, calls for exclusion, or attacks on her protected characteristics. The image is neutral to positive in tone.",,
18306,img/18306.png,1,white kids kids dreaming about their first day of school,0.65,1,hateful,"The meme uses the 'Gun Girl' image to make a stereotypical joke about white children associating school with mass shootings. By implying that 'white kids' specifically dream of school violence (or implying they are the only ones with access to firearms and thus a specific attitude towards school safety), it attacks people based on race/ethnicity. The juxtaposition of the gun with the text creates a generalized stereotype about white children and their relationship with violence in schools.",,
95830,img/95830.png,1,face of terrorism in us,0.85,1,hateful,"The meme uses an image of an elderly man to make a sweeping generalization implying that 'old men' are the 'face of terrorism in us.' It attacks a demographic group (older men) by equating them with criminals and terrorists, which constitutes dehumanizing speech and a statement of inferiority based on age and gender.",,
84150,img/84150.png,0,when your jewish friend smells a stash of coins in public,0.85,1,hateful,"The meme relies on the antisemitic stereotype of Jewish people being obsessed with money or greed. By using the text 'when your jewish friend smells a stash of coins' alongside an image of someone intensely searching or holding an object, it attacks a group based on their religion/ethnicity by reinforcing a historical dehumanizing trope used to justify discrimination.",,
4569,img/04569.png,0,when is the time to eat i am hungry,0.0,0,non-hateful,"The meme features a pig looking into a trough with the text 'when is the time to eat' and 'i am hungry'. This is a humorous caption reflecting a common animal behavior or a relatable joke about hunger. It does not contain any attacks, slurs, or dehumanizing language directed at people based on protected characteristics.",,
67103,img/67103.png,1,still better than mexican,0.8,1,hateful,"The meme text 'still better than mexican' expresses a statement of inferiority based on nationality and ethnicity. By claiming superiority over Mexican people (even if the context is unclear or implies a comparison to a negative experience), the text attacks a specific group based on their national origin, fitting the definition of hate speech as a statement of inferiority.",,
52031,img/52031.png,0,theriously?? that's methed up!,0.0,0,non-hateful,"The meme uses the image of Mike Tyson with text that reads 'theriously?? that's methed up!'. The word 'methed' is a reference to the illicit drug methamphetamine. While it makes fun of the subject's appearance and possibly references his personal history with substance abuse or erratic behavior, it does not contain a direct or indirect attack on a protected group (race, religion, ethnicity, etc.) nor does it dehumanize people based on such characteristics. It functions as a personal insult or mockery rather than hate speech against a protected class.",,
72168,img/72168.png,1,upper downer,0.0,0,non-hateful,"The meme juxtaposes an image of cocaine powder labeled 'upper' with a woman labeled 'downer' to make a pun on drug terminology. It does not attack any group based on protected characteristics, nor does it promote exclusion or violence.",,
52634,img/52634.png,0,the secret to a successful marriage is to keep his stomach full and his balls empty,0.1,0,non-hateful,"The meme features an older woman yelling while the text provides advice on marriage. Although the text contains a crude double entendre implying sexual activity should only occur for procreation (keeping his 'balls empty'), it functions as a sexist joke or stereotype regarding gender dynamics in marriage rather than a direct attack, slur, or call for exclusion. It does not meet the threshold for hate speech defined as violent or dehumanizing speech or a statement of inferiority based on gender.",,
7429,img/07429.png,1,i'm about to have my 5th abortion fuck you batman i'm the real crime fighter,0.85,1,hateful,"The meme features a pregnant Black woman with text claiming she is 'about to have my 5th abortion' and asserting she is the 'real crime fighter' by contrast to Batman. This constitutes hate speech as it attacks women based on their sex by framing the act of abortion as a 'crime' that needs 'fighting,' effectively dehumanizing pregnant women and vilifying their bodily autonomy choices. The juxtaposition with a crime-fighting superhero creates a hateful narrative where the woman is cast as a villain.",,
68192,img/68192.png,1,scientist are working hard to cure them all,0.95,1,hateful,"The meme uses a photo of a lesbian wedding to mock LGBTQ+ individuals by labeling them as a disease or condition that scientists are working to 'cure.' This implies that same-sex attraction is a medical anomaly requiring correction, which is a dehumanizing attack on sexual orientation.",,
41058,img/41058.png,0,john wilkes booth be like: yall sure abraham lincoln dead? he aint up here,0.01,0,non-hateful,"The meme makes a joke about the assassination of Abraham Lincoln by John Wilkes Booth. The image depicts the 'stairway to heaven' and the text mocks Booth for not finding Lincoln there. This falls under dark humor or historical satire regarding a specific historical event and individual. It does not attack a protected group based on ethnicity, race, religion, gender, or other characteristics defined in the hate speech criteria. It is a joke about a specific historical figure's crime, not hate speech.",,
12468,img/12468.png,0,say it! say it ! islam is the religion of peace,0.0,0,non-hateful,"The meme features a heartwarming image of a mother and child alongside the text 'Islam is the religion of peace.' The text expresses a positive sentiment about the religion, and the image depicts a wholesome family moment. There is no hate speech, slur, or attack on any protected group.",,
43092,img/43092.png,0,pretty much sums up islam,0.01,0,non-hateful,"The image depicts a Muslim man in prostration (Sujud), a central act of worship in Islam showing submission and humility. The text 'pretty much sums up islam' frames this act of devotion as the essence of the faith. There are no slurs, stereotypes, calls for violence, or dehumanizing elements. The meme expresses a positive summary of religious practice.",,
49805,img/49805.png,0,imagine being so disgusting there have to be laws to try to stop normal people from hating you,0.95,1,hateful,"The meme features a skunk with text claiming 'imagine being so disgusting there have to be be laws to try to stop normal people from hating you.' This attacks individuals or groups protected by anti-discrimination laws (such as LGBTQ+ individuals or minorities) by labeling their legal protections as a consequence of being 'disgusting.' It encourages hatred against these groups by framing their rights as an affront to 'normal people' and implying their existence is inherently repulsive, fitting the definition of dehumanizing speech and statements of inferiority.",,
27195,img/27195.png,0,there's a reason we keep the beer in the bottom of the cooler,0.75,1,hateful,The meme uses an image of a Black woman in a sexualized pose and text to suggest that beer is kept at the bottom of a cooler specifically to attract women of color. This relies on the racist and dehumanizing stereotype of the 'Jezebel'—depicting Black women as hyper-sexual objects—and generalizes this fetishization to an entire racial group. It reinforces the trope of 'cooning' or fetishizing Black women based on race.,,
47016,img/47016.png,1,"last summer camp was so ""lit""",0.0,0,non-hateful,"The meme utilizes imagery associated with the horror film 'The Ring' alongside a set of headphones to create a pun on the word 'lit' (meaning loud or excellent), referring to the summer camp experience. The content contains no attacks, slurs, or dehumanizing language directed at any protected group based on ethnicity, race, religion, gender, or other characteristics.",,
24135,img/24135.png,0,good night keep your butthole tight,0.0,0,non-hateful,"The meme displays a sloth with the text 'good night' and 'keep your butthole tight.' The phrase 'keep your butthole tight' is a crude colloquialism often used to mean 'be careful' or 'stay safe,' but it does not target any individual or group based on protected characteristics such as race, religion, or gender. There is no dehumanizing language, incitement to violence, or expression of hatred against a specific identity.",,
53609,img/53609.png,0,"when your friend insists on paying for dinner but you still want to contribute - just the tip, come on... let me",0.01,0,non-hateful,"The meme depicts two men in an intimate embrace with text making a joke about splitting a bill. There are no slurs, dehumanizing speech, or attacks based on protected characteristics such as race, religion, or sexual orientation. The content is relatable humor.",,
50317,img/50317.png,1,what in the hell is wrong with america voting towel heads into congress,0.95,1,hateful,"The meme uses the dehumanizing political slur 'towel heads' to attack and delegitimize a group of voters. 'Towel head' is a derogatory term commonly used as a hate speech slur against Arabs and Muslims, referencing perceived head coverings. By labeling voters with this slur and expressing anger at their political participation, the meme attacks people based on ethnicity and religion.",,
29750,img/29750.png,1,this cat is getting raped tonight,0.85,1,hateful,"The meme uses graphic and dehumanizing language ('getting raped') to describe violence against an animal. It employs extreme, violent terminology to shock or mock, fitting the definition of dehumanizing and violent speech within the context of hate speech detection, which captures severe cruelty and degradation.",,
37658,img/37658.png,1,when your dishwasher is broken so you take it back to walmart to get a new one,0.0,0,non-hateful,"The meme depicts a couple pushing a shopping cart in a parking lot with text about replacing a broken dishwasher. The content is a benign, relatable joke about domestic appliances and does not contain any attacks on protected groups, slurs, dehumanizing language, or hate symbols.",,
65801,img/65801.png,0,first friday prayers of the islamic holy day,0.0,0,non-hateful,"The image depicts a large congregation of Muslims performing the Friday prayer (Jumu'ah). The text accurately labels the scene as 'first friday prayers of the islamic holy day'. There are no slurs, dehumanizing imagery, calls for exclusion or violence, or statements of inferiority. The content is informational and descriptive.",,
18945,img/18945.png,1,when you decide to go full gas,0.0,0,non-hateful,"The meme features a person standing near a bonfire with the text 'when you decide to go full gas'. The content describes an action related to a fire or bonfire and does not contain any slurs, stereotypes, attacks, or references to protected characteristics such as race, religion, or gender. It is a harmless, literal image with a descriptive caption.",,
84015,img/84015.png,1,my irony meter just exploded,0.01,0,non-hateful,"The image depicts a law enforcement officer arresting a male suspect. The text 'my irony meter just exploded' is a common internet slang phrase expressing shock at perceived irony. There are no slurs, attacks on protected characteristics, calls for violence, or dehumanizing elements present in the image or text.",,
67435,img/67435.png,1,when you ask a jewish girl for her number and she starts rolling her sleeve,0.65,1,hateful,"The meme uses the stereotype of Jewish people being obsessed with checking their watches to signify the arrival of Shabbat (Sabbath). By implying that a 'Jewish girl' would interpret a romantic gesture as the signal for her religious holiday, the text relies on a cultural trope to mock and caricature Jewish behavior and identity.",,
45702,img/45702.png,1,"if she's still making noises, you didn't hit her hard enough",0.99,1,hateful,"The meme depicts a battered woman with visible signs of physical abuse (bruised eyes, cuts) and pairs this image with text that trivializes domestic violence, suggesting that hitting a partner is justified if it successfully silences them. This constitutes dehumanizing speech and the normalization of violence against women, which is a protected characteristic.",,
28406,img/28406.png,0,when she gives you that look,0.01,0,non-hateful,"The meme features a portrait of a woman with the text 'when she gives you that look'. The content is a generic internet meme expressing a sentiment about interpersonal dynamics. It does not contain any slurs, stereotypes, or attacks on people based on protected characteristics such as race, religion, gender, or sexual orientation. There is no hateful imagery or text.",,
3568,img/03568.png,0,time to play rich vs the constitution,0.01,0,non-hateful,"The meme juxtaposes a political figure with the text 'time to play rich vs the constitution'. This implies a conflict between financial interests and the rule of law, or criticizes the figure for prioritizing wealth over the Constitution. While this is a political critique, it does not attack any group based on protected characteristics such as race, religion, gender, or ethnicity. It lacks violent or dehumanizing language and does not fit the definition of hate speech.",,
17045,img/17045.png,0,celebrating the presidential election,0.01,0,non-hateful,"The image shows a man holding Mexican flags with text celebrating a presidential election. The content expresses support for a political event and the person's nationality without using slurs, dehumanizing language, or attacking protected groups.",,
72904,img/72904.png,1,terrorist trojan horse enemy of the state,0.95,1,hateful,The meme labels a woman wearing a hijab (a symbol of Islam) as a 'terrorist trojan horse' and an 'enemy of the state.' This constitutes implicit hate speech by stereotyping and dehumanizing Muslims through the implication of inherent criminality (terrorism) and by attacking a person based on their religion and potentially nationality/immigration status.,,
10362,img/10362.png,1,german british danish austrian diversity. apparently we don't have it and these guys do: iraqi pakistani syrian egyptian,0.95,1,hateful,"The meme employs a racial and cultural hierarchy argument. It presents a stock photo of a diverse group labeled 'German British Danish Austrian' as the definition of 'diversity.' It contrasts this with an image of women in niqabs and text listing 'Iraqi Pakistani Syrian Egyptian,' stating 'apparently we don't have it and these guys do.' This structure implies that people from Western European backgrounds constitute 'true' or 'valid' diversity, while Middle Easterners, South Asians, and North Africans are implicitly excluded or rejected. This functions as a statement of superiority for Western Europeans and inferiority/exclusion for the targeted groups, constituting hate speech based on national origin, race, and ethnicity.",,
40618,img/40618.png,0,when your company valuation hits 1 billion,0.0,0,non-hateful,"The meme shows a man celebrating a high company valuation. The content is a general statement about business success and contains no attacks, slurs, stereotypes, or hate speech directed at any protected group.",,
85621,img/85621.png,0,"no, that's not his daughter... that's his wife! yet the world is silent..",0.02,0,non-hateful,"The meme depicts an older man and a significantly younger woman and suggests a 'forbidden' relationship dynamic (implying pedophilia due to the age gap) while claiming society is 'silent' on it. However, the text explicitly identifies the younger person as his 'wife' rather than his 'daughter,' clarifying that the relationship is marital and consensual. The meme attacks societal norms or hypocrisy regarding age-gap relationships, but it does not target individuals based on protected characteristics like race, religion, gender, or sexual orientation. It does not contain slurs, calls for violence, or dehumanizing language.",,
97320,img/97320.png,0,"""when your dishwasher is broken so you take it back to walmart to get a new one""",0.01,0,non-hateful,"The image depicts a pile of crushed appliances (junkyard scrap), and the text provides a humorous scenario about replacing a broken dishwasher with a new one. There are no attacks on protected groups, no hateful slurs, and no dehumanizing content based on the provided definition.",,
49360,img/49360.png,0,who wants ice cream me me me,0.9,1,hateful,"The image features a person in a white hooded robe and face covering, which is the iconic imagery of the Ku Klux Klan (KKK), a white supremacist hate group. The text 'who wants ice cream / me me me' trivializes this hate symbol by using the figure in a casual, humorous context, normalizing the imagery of a group known for hate crimes and racism.",,
23645,img/23645.png,1,what do they have in common? you enjoy pushing them down the stairs,0.85,1,hateful,"The meme compares a slinky toy and a woman, suggesting that both are objects one would 'enjoy pushing down the stairs.' This is a sexist joke that reduces a woman to a toy, normalizing violence and physical aggression against women for entertainment.",,
73482,img/73482.png,0,it's time we took guns away and put them out of the reach of our children,0.0,0,non-hateful,"The meme uses a photo of a child holding a firearm with text referencing gun safety ('put them out of the reach of our children'). It is a political commentary on gun control policies and uses irony to suggest that if guns were kept away, children wouldn't be holding them. It does not attack any protected group based on race, religion, gender, or other characteristics.",,
98547,img/98547.png,0,waves mexican flag doesn't want to live in mexico,0.9,1,hateful,"The meme targets individuals based on their ethnicity or immigration status by implying that waving a Mexican flag indicates an intent to migrate to the United States rather than live in their home country. This relies on xenophobic stereotypes associating Latino/Mexican identity with illegal immigration, effectively questioning their belonging and attacking them based on national origin.",,
80512,img/80512.png,1,"you can make jokes about anything, just not illegals that's crossing the border",0.95,1,hateful,"The meme juxtaposes the concept of making jokes with a denial of rights for 'illegals' (undocumented immigrants) at the border. By using a derogatory label and implying that undocumented immigrants are not worthy of basic human protections, it dehumanizes a specific group based on their immigration status and attacks their humanity.",,
69548,img/69548.png,1,"wait, mohammad come back i didn't mean to laugh, really size dosen't matter to me lol",0.95,1,hateful,"The meme uses an image of goats with a diaper attached to mock the physical appearance of Prophet Muhammad, relying on a derogatory internet stereotype comparing his genitalia to that of a goat. This constitutes an indirect attack based on religion through dehumanizing imagery and mockery.",,
15243,img/15243.png,0,4 am. everyone is asleep perfect time to run from one end of the house to the other at full speed as loudly as possible,0.0,0,non-hateful,"The meme features a picture of a cat with text describing common nocturnal cat behaviors (zoomies). The content makes a humorous observation about pets and contains no attacks, slurs, dehumanization, or stereotypes targeting any protected groups.",,
91586,img/91586.png,1,left the kitchen too many times,0.95,1,hateful,The meme uses a woman's bruised face with the text 'left the kitchen too many times' to imply that domestic violence or physical abuse is a justified punishment for women leaving their traditional domestic roles. This reinforces sexist stereotypes and normalizes gender-based violence.,,
84762,img/84762.png,1,do you know how to turn your dishwasher into a snowblower? throw em a shovel,0.0,0,non-hateful,"The meme presents an absurd and impossible scenario involving household appliances and tools ('dishwasher into a snowblower'), making no reference to any protected group or individual based on characteristics such as race, religion, or gender. It is a nonsensical joke without any hateful intent or imagery.",,
60893,img/60893.png,0,"busy, like a hive of bees, controlling what your family sees and edits all the news your hear so you'll know what to think and fear till all the truth there is, is gone. that is unless you stand, en masse. """,0.1,0,non-hateful,"The meme contains a large Google logo with overlaid text expressing a conspiracy theory about Google manipulating news and public opinion through censorship and fear-mongering. While the text expresses a conspiracy theory, it targets a corporate entity rather than a protected group based on race, religion, gender, or other personal characteristics. It does not use slurs, call for exclusion, or promote violence against a specific demographic, thus it does not meet the definition of hate speech.",,
73962,img/73962.png,1,you should treat that the way you treat you vacuum cleaner when it stops sucking change the bag,0.01,0,non-hateful,"The meme uses the double entendre 'sucking' to make a sexually suggestive joke about the women's sexual performance. It does not target a protected group based on identity characteristics such as race, religion, or gender, nor does it dehumanize the individuals.",,
37198,img/37198.png,0,when you're so relaxed you can feel yourself go to the next level,0.0,0,non-hateful,"The meme features a woman relaxing on grass with text expressing a state of deep relaxation. There is no content that attacks, dehumanizes, or excludes any group based on protected characteristics.",,
54069,img/54069.png,1,when you decide to go full gas,0.95,1,hateful,"The meme uses a historical photograph of Holocaust survivors celebrating liberation at a concentration camp and overlays the text 'when you decide to go full gas.' This text references the gas chambers used by the Nazis to murder millions of people. Using the imagery of victims of genocide to make a trivial or humorous comparison to the method of their death (gas chambers) trivializes the Holocaust and mocks the suffering of Jewish people and other victims based on their ethnicity and religion, fitting the criteria for implicit hate and historical hate.",,
79615,img/79615.png,0,what women think men want what men really want,0.05,0,non-hateful,"The meme juxtaposes an image of a woman's body parts with a tank, claiming men 'really' want tanks over women. This relies on a sexist generalization to suggest men prefer military hardware over human connection, reinforcing stereotypes about male interests and devaluing women.",,
4769,img/04769.png,1,"if she's pouting like this and you don't immediately drop the argument , motherfucker you gay",0.05,0,non-hateful,"The meme uses the phrase 'you gay' as a derogatory insult directed at the viewer for a hypothetical failure to respond to a woman's body. While it uses sexual orientation as a pejorative, it does not meet the criteria for hate speech which requires attacks, calls for exclusion, or statements of inferiority against the protected group itself. It is offensive profanity rather than hate speech.",,
29437,img/29437.png,1,what can happen if you eat wheaties for 38 years,0.0,0,non-hateful,"The meme features a picture of the 'Smokey and the Bandit' actors holding trophies, paired with a picture of Carol Burnett. The text asks 'what can happen if you eat wheaties for 38 years,' implying that the actors' baldness is a result of eating cereal. This is a joke based on pop culture and physical appearance (balding), not on a protected characteristic like race, religion, gender, or disability. While it mocks a physical trait, it does not meet the definition of hate speech.",,
94387,img/94387.png,0,i'm a fan of the color black on you although the rose gold looks pretty good as well,0.01,0,non-hateful,"The meme depicts an interracial couple and uses the woman's natural hair color ('rose gold') as a vehicle for a romantic compliment. The text 'I'm a fan of the color black on you' is a playful acknowledgment of her partner's skin tone within the context of a couple's interaction. It does not contain slurs, imply inferiority, dehumanize, or attack any group based on protected characteristics.",,
61973,img/61973.png,1,what do alcoholics and necrophiliacs have in common they both love to crack open a cold one.,0.75,1,hateful,"The meme uses a pun ('crack open a cold one') to link alcoholics with necrophiliacs. It makes light of necrophilia, a crime involving sexual contact with a corpse, by implying necrophiliacs derive enjoyment from it similar to drinking alcohol. This trivializes sexual violence and the violation of the deceased, falling under mocking hate crimes or normalizing harmful behavior.",,
41296,img/41296.png,0,94% of them test positive for rh blood type which means they have monkey blood as a result they are born with a tail and other animal traits,0.85,1,hateful,"The meme employs biological pseudo-science to claim that Rh-positive blood (which is present in the vast majority of humans) is 'monkey blood' that causes people to be born with tails and other animal traits. This content dehumanizes a large segment of the human population by asserting that they are biologically animals or sub-human, fitting the definition of a statement of inferiority and dehumanizing speech.",,
47819,img/47819.png,1,"oh, addiction isn't a disease because it started with a choice?? tell me more about how the chlamydia in your crotch isn't a disease, yet it started with a choice",0.9,1,hateful,"The meme uses a 'concerned' rhetorical tactic to argue that addiction is not a disease because it starts with a choice. This attacks people with substance use disorders by blaming their condition entirely on personal failings and denying the medical consensus that addiction is a brain disease. By framing the condition as solely a moral failing, it promotes stigma and dehumanization of a specific group based on their health condition.",,
78251,img/78251.png,1,watching vegetables grow,0.0,0,non-hateful,"The image displays a person with Down syndrome and another individual hugging them, which depicts affection and care rather than mockery or dehumanization. The text 'watching vegetables grow' references a common idiom for boredom, but in this context serves as a wholesome caption describing a simple, quiet activity shared between the two. It does not contain attacks, slurs, or negative stereotypes regarding disability, nor does it combine with the image to create a hateful meaning.",,
96250,img/96250.png,0,i'm going home i'm russian,0.8,1,hateful,The meme juxtaposes a generic travel image with the text 'i'm going home' and 'i'm russian'. This creates a stereotype implying that Russians do not have or are fleeing from a home (suggesting a lack of country or belonging). This attacks people based on nationality and is considered a statement of inferiority.,,
20437,img/20437.png,0,thanksgiving in china,0.01,0,non-hateful,"The image shows a traditional Thanksgiving feast (turkey, corn, green beans) with people eating, and the text says 'thanksgiving in china'. The content does not contain slurs, dehumanizing language, attacks on protected groups, or hate speech as defined. It is simply an image of a meal.",,
32981,img/32981.png,0,the latest and greatest. a truck that comes with a dishwasher!,0.0,0,non-hateful,"The meme features a moving truck in a suburban neighborhood with text describing it as 'the latest and greatest' because it 'comes with a dishwasher.' The image and text contain no language attacking individuals or groups based on protected characteristics such as race, religion, sexual orientation, or disability. There is no implicit bias, slur, or dehumanizing content present.",,
82301,img/82301.png,1,cooooooooooooon!!!!,0.0,0,non-hateful,"The meme features a dog howling in a snowy landscape with the text 'G00000000000000000on!!!!'. This appears to be an innocent expression of a dog's howl or a phonetic spelling of a sound. There is no text or imagery that targets any protected group, promotes violence, or conveys hate speech.",,
17963,img/17963.png,1,removes polish with chemicals nobody bats an eye removes polish with chemicals everybody loses his shit,0.01,0,non-hateful,"The meme features a woman using nail polish and uses a double standard format to make a joke about societal reactions to cosmetic procedures. It does not attack any protected group based on characteristics such as race, religion, gender, or sexual orientation, nor does it contain dehumanizing language or calls for violence.",,
80597,img/80597.png,1,look! it says it right here! we can fuck goats!,0.92,1,hateful,"The meme associates a specific group of men, identifiable by their clothing (pakol hats, shalwar kameez) and ethnicity as South Asian or Pashtun, with bestiality. By linking this protected group to sexual deviance and animalistic behavior, the content dehumanizes and attacks them based on race and nationality.",,
73526,img/73526.png,0,"if she's still making noises, you didn't hit her hard enough",0.98,1,hateful,"The meme text 'if she's still making noises, you didn't hit her hard enough' constitutes a direct call for violence against women. By using the pronoun 'she' and encouraging physical harm to the point of incapacitation ('making noises'), it attacks people based on gender through statements of inferiority and incitement to violence.",,
74908,img/74908.png,0,she is condemning shooting the gorilla,0.98,1,hateful,"The meme accuses a Black woman of 'condemning shooting the gorilla,' creating a direct visual and textual association between the subject and a non-human animal. This is a dehumanizing statement of inferiority based on race, utilizing a trope historically used to denigrate Black people by comparing them to apes.",,
65093,img/65093.png,0,cookie kunty seen in paris,0.01,0,non-hateful,"The image shows Cookie Kuntz, a drag queen, and the text simply states 'cookie kuntz seen in paris.' The content is a report of a celebrity sighting and contains no slurs, dehumanizing language, stereotypes, or calls for exclusion. It does not attack the individual or any group based on protected characteristics.",,
89362,img/89362.png,1,has extra chromosome probably stole it,0.95,1,hateful,The meme uses a stock photo of a person with a disability and overlays text referencing an extra chromosome (Down syndrome) to mockingly accuse them of theft. This attacks individuals based on disability by using a medical condition to imply criminality or moral inferiority.,,
43805,img/43805.png,1,the original scarecrow,0.85,1,hateful,The meme compares the crucifixion of Jesus Christ to a scarecrow. This trivializes a central and deeply sacred event in Christianity (the Passion of Christ) by reducing it to an object used for farming. This mocks a religious belief and can evoke pain for believers by treating a figure of worship as a mere decoy.,,
70953,img/70953.png,1,"""god's chosen people"" according to the book they wrote",0.85,1,hateful,"The meme targets Jewish people by depicting a crowd of Orthodox Jews and using the phrase 'god's chosen people' with quotation marks to imply it is a self-serving delusion or arrogance. The text 'according to the book they wrote' mocks the basis of their religious identity and implies their claim to special status is baseless. This functions as a statement of inferiority and attacks a group based on their religion and ethnicity, utilizing a common antisemitic trope to delegitimize their existence.",,
5316,img/05316.png,0,doing o's with the smoke,0.01,0,non-hateful,"The meme depicts a person blowing smoke rings and includes the text 'doing o's with the smoke.' 'Doing O's' is slang for swallowing smoke or vapor. The content is related to smoking or vaping culture and does not target any protected group based on ethnicity, race, religion, gender, or other characteristics. It contains no hateful symbols, language, or dehumanizing imagery.",,
95487,img/95487.png,0,watching vegetables grow,0.0,0,non-hateful,"The image displays a garden with tomato plants, and the text reads 'watching vegetables grow'. There is no content that attacks any protected group based on ethnicity, religion, gender, or other characteristics.",,
1456,img/01456.png,1,they see them rollin..... they hating..,0.95,1,hateful,"The meme juxtaposes a photo of Nazi officials with a photo of children from a concentration camp, using the text 'they see them rollin... they hating.' This trivializes the Holocaust and the suffering of victims by framing their persecution as a humorous 'hate' reaction to the Nazis, minimizing genocide and dehumanizing victims.",,
46082,img/46082.png,0,the future of the democratic party,0.0,0,non-hateful,"The image shows a press conference with Democratic representatives, and the caption labels the scene 'the future of the democratic party'. This is a political statement regarding the future direction of a political organization. It does not contain slurs, attacks on protected groups, or calls for exclusion or violence based on characteristics like race, religion, or gender.",,
3197,img/03197.png,1,i'm no bird expert but i'm guessing it's 4 females and 1 male,0.0,0,non-hateful,"The meme depicts a nest of baby birds with text joking that they are '4 females and 1 male.' The image contains no dehumanizing imagery or hate symbols, and the text makes no attacks based on protected characteristics such as race, religion, or gender identity. It is a standard humorous meme relying on a visual gag regarding gender identification of animals.",,
82945,img/82945.png,0,be careful who you call ugly in highschool,0.01,0,non-hateful,"The meme uses a 'glow-up' format to contrast a girl with glasses in high school with an attractive adult version, advising caution against calling someone ugly in the past. While it touches on appearance, it functions as a humorous trope about regret or 'karma' regarding bullying, rather than an attack based on protected characteristics like race, religion, or sexual orientation. It does not advocate for exclusion, violence, or dehumanization.",,
73021,img/73021.png,0,when mom asks where all the jews went,0.95,1,hateful,"The meme references the 'Where are the Jews?' trope (or 'Where's the rest?'), which is a historical antisemitic dog whistle. By associating the question of Jewish disappearance with an image of a person, it implicitly evokes the 'Final Solution' and the Holocaust, suggesting that Jews were removed or wiped out. This attacks Jewish people based on their religion and ethnicity by invoking a history of genocide and displacement.",,
38095,img/38095.png,0,haters will say it's photoshop,0.01,0,non-hateful,"The meme features a strange image of a hand with multiple fingers and text mocking 'haters' who would claim it is photoshopped. The content does not contain any attacks on people based on ethnicity, race, religion, gender, sexual orientation, or other protected characteristics, nor does it contain calls for violence, exclusion, or dehumanization.",,
49826,img/49826.png,1,white people on cinco de mayo vs. every other day,0.05,0,non-hateful,"The meme compares 'white people on cinco de mayo vs. every other day' using an image of a white man wearing a sombrero and poncho. While this depicts cultural appropriation or stereotyping associated with Cinco de Mayo celebrations, it does not contain hate speech. It lacks slurs, dehumanizing language, statements of inferiority, incitement to violence, or calls for exclusion against any protected group. The content is intended to be self-deprecating humor about cultural appropriation rather than an attack on a specific demographic.",,
27485,img/27485.png,1,thats the way allah allah i like it!!!,0.9,1,hateful,"The meme displays a person wearing a pig mask and text expressing approval of this imagery. In Islamic culture, pigs are considered ritually impure (haram), and depicting a Muslim as a pig (or having them wear a pig mask) is a recognized form of antisemitic or anti-Muslim mockery and dehumanization used to attack their religious beliefs. This constitutes implicit hate speech based on religion.",,
35497,img/35497.png,0,"old people at weddings always poke me and say ""you're next."" so, i started doing the same thing to them at funerals",0.0,0,non-hateful,"The meme uses a child's image to deliver a joke about pranking elderly people at funerals. While the humor is dark and involves mocking grief, it targets a situational behavior rather than a protected group based on race, religion, gender, disability, or other characteristics defined in the hate speech criteria. Therefore, it does not meet the definition of hate speech.",,
84036,img/84036.png,0,militant dressed as martyr,0.95,1,hateful,"The image depicts a militant wearing a suicide vest and a head covering with Palestinian script, and the text explicitly labels the individual a 'militant.' The content glorifies terrorism and suicide attacks. This falls under incitement to violence and mocking hate crime, as it presents an individual prepared to commit mass violence as a 'martyr'.",,
4621,img/04621.png,0,you are what you eat meanwhile in africa,0.95,1,hateful,"The meme juxtaposes people dressed as fruits with the text 'meanwhile in africa,' relying on the harmful stereotype that people in Africa are starving or subsisting on a diet of only raw fruits. This attacks people based on their geographic origin/race by dehumanizing them and reinforcing poverty stereotypes.",,
59170,img/59170.png,0,and just like that... this sandwich maker doubles as an ironing board,0.0,0,non-hateful,"The image shows a person making food on a griddle with a sandwich featuring a heart-shaped ketchup design. The text compares the person to a 'sandwich maker' who is also an 'ironing board,' which is a non-sexualized, observational joke about their physical shape. It does not target any protected group, use slurs, or promote hate.",,
93528,img/93528.png,1,portable dishwasher slash sandwich maker,0.0,0,non-hateful,"The image shows a happy couple moving into a new home, and the text jokes about a 'portable dishwasher slash sandwich maker'. There is no hate speech, slur, or attack on any protected characteristic in the visual or textual content.",,
64072,img/64072.png,1,trump said immigrants come here to steal your wife is a great example she stole my speech,0.05,0,non-hateful,"The meme depicts Michelle Obama and includes text referencing Donald Trump's rhetoric about immigrants 'stealing' wives, juxtaposed with a punchline 'she stole my speech'. While the meme references and mocks an anti-immigrant statement, the image itself and the caption do not contain slurs, calls for violence, dehumanizing language, or attacks on a protected group (immigrants) based on the provided definition. The 'steal your wife' phrase is contextualized as Trump's own rhetoric ('great example'), and the meme's punchline is a political jab at Michelle Obama regarding her public speaking skills. It does not incite hate or attack a protected class.",,
80426,img/80426.png,1,a talking ape,0.99,1,hateful,"The meme targets Michelle Obama by labeling her a 'talking ape,' a racial slur historically used to dehumanize Black people by equating them with primates. This constitutes a direct attack based on race and ethnicity.",,
14873,img/14873.png,1,human dna found in ancient goat carcass scientists believe this is first proof muhammad existed,0.85,1,hateful,"The meme uses the Prophet Muhammad as the subject of a satirical joke, claiming a goat carcass contains his DNA. This constitutes an attack based on religion by mocking a sacred figure and evoking pain associated with his legacy, violating the principle of respect for religious beliefs.",,
50261,img/50261.png,1,haters will say it's photoshop,0.85,1,hateful,"The meme depicts a Black female athlete (Lilly King) swimming and includes the text 'haters will say it's photoshop.' The phrase 'it's photoshop' is a well-documented racist dog whistle used to claim that Black people's physical attributes (specifically muscles or hair) are artificial or fake. By invoking this phrase, the meme attacks the athlete based on her race and physical appearance, dehumanizing her by suggesting her natural physique is impossible or fabricated.",,
16850,img/16850.png,0,okay okay okay here's my serious face do i look fuhrerious yet?,0.75,1,hateful,"The meme uses the image of Adolf Hitler, a figure associated with genocide and historical trauma, combined with a phonetic spelling of his title ('fuhrrious') to make light of his regime. This trivializes the atrocities committed under his rule, evoking pain associated with the Holocaust and fitting the definition of historical hate.",,
12973,img/12973.png,1,someone added to much soap to the dishwasher again,0.0,0,non-hateful,"The image features a person covered in soap suds, and the text makes a joke about putting too much soap in a dishwasher. There is no attack on people based on protected characteristics, no dehumanizing language, and no hateful subtext.",,
62948,img/62948.png,1,"black lives matter >""how"",""why""and ""to whom"" is unclear",0.9,1,hateful,"The meme features a stock photo of Black men in prison uniforms carrying large bundles (a common trope implying drug trafficking or criminality) and pairs it with text expressing skepticism and confusion about the 'Black Lives Matter' slogan. By juxtaposing the 'criminal' imagery with the civil rights slogan and questioning its validity, the meme implies that Black people are primarily criminals or undeserving of support, serving as an implicit dehumanization and attack based on race.",,
53769,img/53769.png,0,in 1979 jimmy carter created the department of education since then the u.s. has gone from 1st to 17th in education,0.01,0,non-hateful,"The meme makes a political claim about the Department of Education and educational rankings without attacking any group based on protected characteristics such as race, religion, or gender. It expresses a negative opinion on a government policy but does not meet the definition of hate speech.",,
46812,img/46812.png,0,goat meat is very popular in islamic countries,0.8,1,hateful,"The meme depicts Muslim men looking at a tablet while standing in front of a large number of goats. The text claims goat meat is popular in Islamic countries. The visual juxtaposition implies that men from these countries are breeding goats for meat in large quantities (referencing sexual innuendo) or reduces the people to the animals shown, which constitutes a dehumanizing attack based on religion and nationality.",,
83745,img/83745.png,1,it is time.. to send these parasites back to the desert,0.95,1,hateful,"The meme uses the Crusader imagery and the specific phrase 'send these parasites back to the desert' to attack and dehumanize Middle Eastern people (likely Muslims or Arabs). The use of 'parasites' is a dehumanizing slur, and 'back to the desert' implies these people do not belong in the current location and should be forcibly removed (exclusion/expulsion), targeting them based on religion, ethnicity, and nationality.",,
43275,img/43275.png,1,my husband is always pushing me around... and talking behind my back,0.1,0,non-hateful,"The meme uses a pun on the phrase 'pushing me around' and 'talking behind my back' by showing a woman in a wheelchair. While this relies on a person with a disability for the setup of the joke, it is a pun based on physical mechanics rather than an attack, dehumanization, or statement of inferiority. It does not fit the criteria for hate speech as defined.",,
30927,img/30927.png,0,doesnt let anything stop her have a great day,0.01,0,non-hateful,"The image depicts a woman in a wheelchair working on a laptop with the text 'doesnt let anything stop her have a great day.' The content is an inspirational message encouraging perseverance and offering a kind greeting. It does not contain any attacks, slurs, stereotypes, or dehumanizing language towards any group based on protected characteristics.",,
49650,img/49650.png,1,"and then i asked mom, what's for dinner?",0.0,0,non-hateful,"The meme depicts a young boy riding a bicycle with the text 'and then i asked mom, what's for dinner?'. The image and text describe a mundane, relatable domestic interaction between a child and a parent. There is no content that attacks or targets any group based on protected characteristics like race, religion, gender, or disability.",,
4538,img/04538.png,0,"bows here, bows there, bows everywhere",0.0,0,non-hateful,"The meme compares a cat wearing a large pink bow to a young girl wearing a similar pink bow. The text highlights the physical similarity between the two subjects. This content is lighthearted and humorous, focusing on a visual resemblance without attacking any protected group based on race, gender, religion, or other characteristics.",,
26453,img/26453.png,1,"a ww2 jewish prisoner trying to escape the auchschwitz showers (1943, colorized) wwii jew escaping hitler's rath",0.95,1,hateful,"The image depicts a figure running through fire with a caption referencing a 'WW2 Jewish prisoner' and 'Auschwitz showers,' which uses historical tragedy and antisemitic tropes to make a pun. The text below ('WWII Jew escaping Hitler's rath') relies on a racial slur for humor. This content trivializes the Holocaust and targets Jewish people based on ethnicity/religion, fitting the definition of historical hate and mockery of hate crimes.",,
54819,img/54819.png,0,beauty shot of girlfriends focusing on different thoughts and ideas,0.0,0,non-hateful,"The image depicts a diverse group of three women and the text describes them as girlfriends having different thoughts. There is no attack, slur, dehumanizing speech, or negative stereotyping directed at any protected characteristic. The content is a standard caption for a photograph.",,
49260,img/49260.png,0,it's the goat humper looks like a bunch of pigs just walked over your grave,0.01,0,non-hateful,"The meme depicts a dead animal with blood on the ground and includes text with crude profanity and a graphic insult regarding the animal's cause of death. While offensive and grotesque, it does not attack people based on protected characteristics such as race, religion, gender, or nationality, nor does it evoke pain from historical figures. It is general shock humor targeting an animal.",,
97453,img/97453.png,0,potato is my favorite color of the alphabet,0.0,0,non-hateful,"The meme features a Mr. Potato Head costume runner with absurd text claiming 'potato is my favorite color of the alphabet.' It contains no attacks, slurs, or dehumanizing language targeting any protected group.",,
32875,img/32875.png,0,if he wears number one he's most likely the fastes on the team,0.1,0,non-hateful,"The meme features an African American soccer player (likely Thierry Henry) with text making a stereotypical claim about his speed. While this relies on a racial stereotype regarding Black athletic ability, it frames the attribute as positive ('fastest') rather than attacking the individual or group with slurs, statements of inferiority, or calls for exclusion/violence. It falls short of the threshold for hateful content defined by the criteria.",,
50984,img/50984.png,0,a cat in a pot,0.0,0,non-hateful,"The image depicts a cat sitting inside a metal cooking pot in a kitchen. The text 'a cat in a pot' is a literal description of the visual scene. There are no slurs, attacks on protected characteristics, calls for violence, or dehumanizing elements targeting any group. The content is humorous and benign.",,
26397,img/26397.png,0,there are still parts of the world where people celebrate capital punishment,0.95,1,hateful,"The meme depicts a graphic scene of a man strangling another man, representing the execution of Jesus. The text 'there are still parts of the world where people celebrate capital punishment' frames the depiction of Jesus being put to death (which Christians celebrate as a foundational historical event) as an act of barbarism. This content mocks religious beliefs and attacks a specific religious group (Christians) by demonizing the central event of their faith, constituting hate speech based on religion.",,
17950,img/17950.png,0,"i was excoriated for a harmless ""tweet"" and ""my show"" was cancelled",0.0,0,non-hateful,"The meme uses photos of Daphne Rubin-Vega and Jussie Smollett alongside text about cancel culture consequences ('excoriated for a tweet', 'show cancelled'). The content discusses freedom of speech or social consequences but does not attack any protected group based on race, religion, gender, etc., nor does it use slurs or dehumanizing language.",,
38047,img/38047.png,0,"""stupid bitch"" is not a race",0.9,1,hateful,"The meme uses a racial slur combined with the phrase 'is not a race' overlaid on an image of Black women. This text functions as a direct statement of inferiority and denial of racial identity, which are hate speech criteria. It attacks the women depicted based on their race by asserting a dehumanizing or dismissive narrative about their racial status.",,
28017,img/28017.png,1,say it! say it ! islam is the religion of peace,0.95,1,hateful,"The meme juxtaposes an image of a violent, bloody riot with the text 'islam is the religion of peace' to create a derogatory and dehumanizing association. By pairing this religious slogan with imagery of extreme violence and chaos, the meme implies that Islam promotes or is intrinsically linked to violence, effectively mocking the faith and attacking people based on religion.",,
78462,img/78462.png,0,"in the last days there will be scoffers, ridiculers, deniers and mockers following after their own lusts",0.05,0,non-hateful,"The meme displays a mugshot of an older Black man, Bill Cosby, alongside a quote from the New Testament regarding 'scoffers' and 'mockers' following their own 'lusts'. While the text references biblical warnings and the image shows a convicted sex offender, the meme serves as a religious or moral commentary on his specific behavior. It does not attack Black people as a group based on race, nor does it use the image to dehumanize an entire racial or ethnic group. The association of the text with the individual is based on his personal criminal history rather than a protected characteristic.",,
69150,img/69150.png,1,"""white privilege the privilege of being called ""racist"" by other people who see nothing else about you except the color of your skin",0.9,1,hateful,"The meme targets White people by redefining 'privilege' to include being called racist. The text claims this label is the 'privilege' of being reduced to skin color by others. This constitutes a hateful message because it attacks individuals based on their race by framing their racial identity as the sole defining characteristic for their treatment by others, promoting racial essentialism and justifying hostility against White people.",,
3745,img/03745.png,1,your order comes to $37.50 and your white privilege discount brings the total to $37.50,0.95,1,hateful,"The meme uses a joke format to normalize white supremacy by suggesting 'white privilege' is a positive attribute or entitlement worth rewarding with a discount. This attacks non-white people by framing whiteness as an inherently superior or privileged status that deserves financial benefit, reinforcing racial hierarchy and statements of inferiority.",,
31570,img/31570.png,1,"busy, like a hive of bees, controlling what your family sees and edits all the news your hear so you'll know what to think and fear till all the truth there is, is gone that is unless you stand, en masse. """,0.9,1,hateful,"The meme features Orthodox Jewish men and accuses the community of controlling news and eliminating truth. This reinforces the antisemitic conspiracy theory regarding Jewish global control of media and information, attacking the group based on religion.",,
16923,img/16923.png,1,do you like goat anus? smell my finger,0.01,0,non-hateful,"The meme displays a man with sexually explicit text referencing a body part ('goat anus'). However, it does not target any protected group based on race, religion, gender, sexual orientation, or disability. It does not contain dehumanizing language directed at a specific community, nor does it call for violence or exclusion. Therefore, it does not meet the criteria for hate speech.",,
91468,img/91468.png,0,"you want a whore? buy one. you want a queen? earn her. you want a nickel bag? fifteen bucks, little man",0.85,1,hateful,"The meme utilizes a quote attributed to Cersei Lannister from Game of Thrones, combining the terms 'whore' and 'nickel bag' to demean and dehumanize women. By explicitly stating 'buy one' regarding a 'whore,' it equates women to purchasable commodities. This constitutes a statement of inferiority and objectification based on gender, fitting the criteria for hate speech as it attacks people based on sex.",,
34975,img/34975.png,0,what if the only reason mary got pregnant... is because god is gay and needed a surrogate,0.15,0,non-hateful,"The meme presents a 'what if' scenario mocking the Christian doctrine of the Virgin Birth by suggesting Mary became a surrogate for God because he is gay. This attacks religious beliefs by framing a sacred tenet of Christianity as absurd and uses the sexual orientation of a deity as the punchline. While it mocks religion, it does not target a protected group with hate speech, slurs, or dehumanization; instead, it expresses atheistic skepticism through sarcasm.",,
68530,img/68530.png,1,a fast sandwich maker,0.85,1,hateful,"The image shows a female track athlete running, and the text describes her as 'a fast sandwich maker.' This content reduces a woman's identity and athletic prowess to a stereotypical domestic role (cooking), which constitutes sexism by implying inferiority and that women belong in the kitchen.",,
47103,img/47103.png,0,maybe we weren't consistent sources of crime we'd be treated better,0.01,0,non-hateful,"The meme uses a pile of firearms and text implying that gun owners are persecuted ('treated better') due to crime, attempting to deflect the negative associations of gun violence. However, it does not attack a specific group based on ethnicity, race, religion, gender, or other protected characteristics, nor does it use dehumanizing slurs or call for exclusion.",,
42580,img/42580.png,1,jack and jill went up the hill so jack could lick her candy but jack got a shock and a mouthful of cock cause jills real name was randy,0.01,0,non-hateful,"The meme is a sexually explicit joke based on a pun involving the name 'Randy' (implying oral sex). While offensive and vulgar, it targets individuals named Jack, Jill, or Randy in a fictional context and does not attack anyone based on protected characteristics such as race, religion, gender, or sexual orientation.",,
73605,img/73605.png,0,no matter what smile,0.05,0,non-hateful,"The meme depicts the 'Experiment 1004' scene from The Twilight Zone, featuring a girl subjected to facial paralysis experiments to force a smile. The text 'no matter what / smile' references this trauma, depicting the physical and psychological torture of a human subject. While not directed at a protected group, it evokes pain from a historical figure and depicts violent/dehumanizing treatment of a person.",,
79603,img/79603.png,1,its friday cunts lets get on the gas,0.99,1,hateful,"The meme uses a historical image of people on a train car labeled 'Deutsche Reichsbahn' (evoking the Holocaust) and pairs it with the text 'lets get on the gas.' This is a direct reference to gas chambers used for mass extermination. It trivializes genocide and mocks the victims of the Holocaust, falling under the definition of hate speech involving mocking hate crimes and evoking pain from historical events.",,
68409,img/68409.png,1,for the last time im not michelle obama,0.05,0,non-hateful,"The meme features a person in a Bigfoot costume with the text 'for the last time im not michelle obama'. While this is a political meme likely implying criticism of the individual's appearance (comparing her to an ape), it does not cross the threshold into hate speech as defined. It does not use racial slurs, dehumanizing language based on protected characteristics like race or ethnicity, nor does it call for violence or exclusion based on identity groups. It is a crude insult targeting a specific public figure rather than a group-based attack.",,
87251,img/87251.png,0,i love apes they are both ugly and cute,0.98,1,hateful,"The meme juxtaposes an image of a young Black child with an image of a gorilla and explicitly labels both as 'ugly.' This constitutes a dehumanizing statement of inferiority based on race, drawing a parallel between the child and an animal to insult his appearance. This aligns with Example 6 (pseudoscientific racial stereotype/dehumanization) and the definition of hate speech as statements of inferiority.",,
49621,img/49621.png,0,"wait, mohammad come back i didn't mean to laugh, really size dosen't matter to me lol",0.05,0,non-hateful,"The meme depicts a woman laughing at a man named Mohammad with text implying she laughed at his physical attributes ('size') but is backtracking. While mocking physical attributes can be derogatory, it does not constitute hate speech under the provided definition as it does not attack a protected group based on ethnicity, religion, gender, disability, etc. It is a joke about interpersonal awkwardness or physical comedy rather than hate speech.",,
19523,img/19523.png,0,they see them rollin.... they hating..,0.01,0,non-hateful,"The meme features a cat wearing sunglasses sitting on a bicycle handlebars. The text 'they see them rollin... they hating...' is a popular internet catchphrase used humorously to express arrogance or a feeling of superiority, but it does not target any protected group based on race, religion, gender, or other characteristics defined in the hate speech policy. It contains no hateful imagery, slurs, or calls for exclusion.",,
98235,img/98235.png,0,fashion forward !,0.01,0,non-hateful,"The image shows a woman wearing a hijab and sunglasses posing with a confident expression. The text 'fashion forward !' praises the style. There are no attacks, slurs, calls for exclusion, or negative stereotypes targeting the subject's religion, gender, or ethnicity. The content is celebratory and positive.",,
62035,img/62035.png,1,thank god my ass needed a break,0.0,0,non-hateful,"The meme features a goat with a humorous caption about needing a break. It does not attack any group based on protected characteristics like race, religion, gender, or sexual orientation.",,
73945,img/73945.png,0,jamal is holding a gun,0.8,1,hateful,"The meme features a photograph of a child, identified by the text as 'Jamal' (a name often associated with Arab or Muslim heritage), holding a rifle in what appears to be a war-torn environment. This visual and textual combination relies on the harmful and racist stereotype that links Arabs or Muslims, including children, with violence and terrorism. By presenting an image of a child soldier with a specific ethnic identifier, the meme evokes a dehumanizing narrative of inherent criminality or violence associated with that group, fitting the definition of implicit hate through visual causation and stereotyping.",,
14026,img/14026.png,1,told girlfriend that mom is deaf so speak loud and slow told mom that girlfriend is retarded,0.98,1,hateful,"The text contains an explicit slur and derogatory label targeting people with intellectual disabilities, classifying them as inferior based on disability.",,
21643,img/21643.png,0,haha pig man is peeing standing up,0.85,1,hateful,"The meme utilizes the 'haha pig man is peeing' format. While the top panel depicts a man wearing a pig mask, the bottom panel features a specific real-world individual (an internet personality of South Asian descent). The juxtaposition implies that this person is the individual urinating on the pig man, a crude and dehumanizing comparison to a pig's behavior. This constitutes a derogatory attack on the individual based on race or ethnicity by associating them with animalistic actions.",,
83954,img/83954.png,1,head teachers given the power to ban the burqa in british schools share if you want a full ban in britain!,0.75,1,hateful,"The meme advocates for the banning of a religious garment (the burqa) based on the wearer's religion, which constitutes a call for exclusion and segregation of a religious group from public education institutions.",,
87034,img/87034.png,0,you don't need a parachute to go skydiving twice you need a parachute to go skydiving twice,0.01,0,non-hateful,"The meme features a skydiver and presents a joke about the necessity of a parachute. The text relies on wordplay regarding the act of dying (implied by not using a parachute) versus surviving to do it again. It does not target any specific individual or group based on protected characteristics such as race, religion, ethnicity, or gender identity.",,
54930,img/54930.png,1,not all muslims are isis! some are al-qaida the rest are taliban,0.92,1,hateful,"The meme employs a 'bait-and-switch' structure where the initial text appears to defend Muslims against association with ISIS, but the punchline equates the remainder of the Muslim population with other terrorist organizations (Al-Qaeda and the Taliban). This constitutes a statement of inferiority and a broad generalization that attacks people based on their religion by equating them with violent extremist groups.",,
18059,img/18059.png,1,"they are like sperm you get millions, but only one works",0.95,1,hateful,"The meme uses a photograph of a group of people, who appear to be migrants or refugees, and overlays text that explicitly compares them to sperm ('they are like sperm you get millions'). This comparison dehumanizes the group by reducing human beings to biological matter and implying they are interchangeable, disposable, or a nuisance to be filtered out. Under the definition, this constitutes dehumanizing speech based on immigration status and nationality.",,
2143,img/02143.png,1,"doesnt have food, water, electricity proud of nuclear weapons",0.01,0,non-hateful,"The meme uses the 'Third World Success Kid' template featuring an impoverished man to satirize North Korea (implied by the combination of severe poverty and pride in nuclear weapons). It critiques the government's prioritization of a military arsenal over the basic needs (food, water, electricity) of its citizens. This is political satire and criticism of a state entity, not hate speech, as it does not attack individuals based on protected characteristics like race, religion, or ethnicity.",,
7382,img/07382.png,1,wouldn't be the last time those people used the oven this way,0.01,0,non-hateful,"The meme features a historical illustration from a Hansel and Gretel trading card, depicting the classic fairy tale scene where the witch attempts to cook Gretel in the oven. The overlaid text provides a humorous caption referencing the image. The content targets a fictional character and a well-known story, without attacking any real-world individuals or groups based on protected characteristics such as race, religion, or gender. It does not fit the definition of hate speech.",,
16842,img/16842.png,0,every kitchen needs a sandwich maker just like this one,0.0,0,non-hateful,"The image displays a sandwich maker appliance, and the text 'every kitchen needs a sandwich maker just like this one' acts as a product recommendation. There is no hate speech, slur, dehumanizing language, or attack on any protected group based on the definition provided.",,
63280,img/63280.png,1,so you're never going to forgive the germans because of the holocaust? same,0.85,1,hateful,"The meme juxtaposes a photo of a Native American with text comparing the resentment caused by the Holocaust to that caused by colonization/genocide of Indigenous peoples. By equating the Holocaust (genocide of Jewish people) with the treatment of Native Americans to make a 'Same' joke, it trivializes the Holocaust, which is a hate crime against Jewish people. The definition explicitly includes 'mocking hate crime' as hate speech. The use of a Native American figure in this context also reinforces a 'noble savage' trope or trivializes Indigenous suffering.",,
51306,img/51306.png,0,eat some cookies you're not yourself when you're hungry,0.9,1,hateful,"The meme features an image of Adolf Hitler, a historical figure responsible for the Holocaust and genocide. The caption 'you're not yourself when you're hungry' evokes the popularized, though disputed, quote attributed to Hitler regarding the starvation of the Soviet Union during WWII. This constitutes hate speech as it trivializes the atrocities committed by a genocidal regime and evokes pain from a figure associated with the mass murder of Jews and other groups.",,
46518,img/46518.png,1,"it's the goat humper, looks like a bunch of pigs just walked over your grave",0.95,1,hateful,"The meme juxtaposes a photo of a Muslim man performing Salah (prayer) with the text 'it's the goat humper, looks like a bunch of pigs just walked over your grave.' The text utilizes a derogatory slur ('goat humper') to mock Islamic prayer by referencing the religious prohibition on eating pork (pigs), effectively dehumanizing the subject and attacking their religion through mockery and offensive stereotyping.",,
17265,img/17265.png,0,meanwhile in baltimore,0.0,0,non-hateful,"The image depicts baboons mating, and the text 'meanwhile in baltimore' creates a sexual innuendo (a 'Baltimore wedding') directed at the city. While this content is sexually suggestive and potentially offensive or rude, it does not constitute hate speech as it does not attack people based on protected characteristics like race, religion, or gender, nor does it dehumanize a specific group.",,
94813,img/94813.png,0,thats the way allah allah i like it!!!,0.05,0,non-hateful,"The text 'thats the way allah allah i like it!!!' is a phonetic play on words referencing the Islamic name for God. While the repetition might be perceived as trivializing or mockery depending on context, it does not contain slurs, calls for violence, statements of inferiority, or dehumanizing speech targeting people based on religion. It appears to be a lighthearted caption used for dancing or celebration, lacking the malicious intent or attack defined as hate speech.",,
60183,img/60183.png,1,nein danke i'm very happy with my gas supplier,0.95,1,hateful,"The meme depicts Adolf Hitler, a historical figure associated with genocide, with text referring to a 'gas supplier'. This is a dark joke referencing gas chambers and the Holocaust, which trivializes mass murder and invokes pain from historical atrocities.",,
47162,img/47162.png,1,what do these two have in common? they both are good at sucking they both come with a bag,0.1,0,non-hateful,"The meme utilizes a 'double entendre' format common in internet humor (referencing the 'Tiger Mom' joke) to make a sexual innuendo. It compares a woman to a vacuum cleaner using the words 'sucking' and 'bag'. While the content is vulgar, sexist, and sexually objectifying, it does not meet the specific definition of hate speech provided (which requires attacks on protected characteristics involving violence, dehumanization, inferiority, or exclusion). It is offensive humor rather than hate speech.",,
26547,img/26547.png,1,that's the way allah allah i like it,0.85,1,hateful,"The image depicts a goat being held by the horns, which is stereotypically associated with the Islamic practice of Qurbani (Eid al-Adha). The text 'allah allah' and 'i like it' mocks the religious ritual by juxtaposing it with a meme format that treats the sacrifice of a goat as a casual or absurd preference. This constitutes a derogatory mockery of a religious group and its practices.",,
89642,img/89642.png,1,i treat them like java treats its generic parameters at run time as objects,0.1,0,non-hateful,"The meme uses a programming concept ('Java generic type erasure') as a metaphor to describe how the creator treats the women shown. In Java, generic parameters are stripped away at runtime and treated as raw 'Objects', which is an object-oriented term for generic entities devoid of specific type information or nuance. By stating 'I treat them... as objects', the meme makes a pun where 'objects' implies treating the women as inanimate, dehumanized things (objectification) rather than people. While objectification is a negative sexist concept, in this context, it relies on a specific 'nerd' joke/analogy to describe a lack of engagement or interaction (treating people with indifference/ignoring their specific traits), rather than a direct attack, statement of inferiority, or call for exclusion/segregation. It does not meet the threshold of hate speech defined as dehumanizing speech attacking a protected group.",,
16749,img/16749.png,0,broken dishwasher,0.0,0,non-hateful,"The image displays a pile of discarded appliances in a junkyard with the caption 'broken dishwasher'. The content relates to waste and damaged objects, containing no attack on any protected group or individual based on ethnicity, race, religion, disability, or other characteristics.",,
68401,img/68401.png,0,when you date an asian boy and you trynna get his family to accept you,0.05,0,non-hateful,"The meme uses a common internet meme format to express relatable anxiety about gaining acceptance from a partner's family, specifically mentioning an 'Asian boy'. While it references a specific ethnicity, it does not contain slurs, dehumanizing language, or statements of inferiority. It does not promote exclusion or violence, nor does it rely on a harmful stereotype to mock the group. The focus is on the personal experience of relationship struggles rather than attacking the Asian community.",,
98720,img/98720.png,0,when your wife just died giving birth to your daughter and you're alone in the room with your naked just born daughter,0.0,0,non-hateful,"The meme uses a photo of a grieving man to set up a joke about the difficult task of cleaning a newborn baby after the mother's death. While the scenario is macabre and insensitive regarding a tragic event, it does not attack any group based on protected characteristics like race, religion, or gender, nor does it express statements of inferiority or calls for exclusion.",,
96180,img/96180.png,1,putting bows on your pet,0.0,0,non-hateful,"The meme features a cat and a child both wearing matching pink bows with text 'putting bows on your pet'. The image and text depict a harmless, cute comparison and contain no slurs, attacks on protected groups, or dehumanizing elements.",,
2518,img/02518.png,0,when the dog bites you and you bite back to assert dominance,0.0,0,non-hateful,"The image depicts a woman playfully biting a dog she is hugging, with text describing the action as a humorous reaction to being bitten. The content targets an animal and references physical interaction, but contains no attacks on humans based on race, religion, gender, or other protected characteristics. It does not fit the definition of hate speech.",,
10785,img/10785.png,1,"time to put the ""panic"" back in hispanic",0.9,1,hateful,"The meme uses a pun combining the words 'panic' and 'Hispanic' to make a derogatory joke targeting Hispanic people. The phrase 'panic back in Hispanic' relies on a phonetic similarity to mock the ethnicity, constituting an attack based on ethnicity and national origin.",,
73601,img/73601.png,1,when you are white and stole your first bike,0.95,1,hateful,"The meme uses the 'black hands' visual trope, which is widely recognized as white supremacist iconography representing white people who have benefited from systemic racism or slavery. By combining this symbol with the text about stealing, it frames the existence of white people and their societal advantages as theft, reinforcing white nationalist ideology.",,
96472,img/96472.png,1,white power!,1.0,1,hateful,"The image features a person wearing a Ku Klux Klan robe and hood, a recognized hate symbol associated with white supremacist ideology. The text 'white power!' is an explicit white supremacist slogan advocating for racial supremacy. This constitutes direct hate speech based on race.",,
39018,img/39018.png,0,"she said ""i want a ring"" i said ""bitch take your phone off silent!""",0.05,0,non-hateful,"The meme uses the profanity 'bitch' in the punchline 'bitch take your phone off silent!'. While the word is vulgar and derogatory, in this context it is used as a general insult or expression of frustration towards an unnamed partner rather than a direct attack on a protected group based on race, religion, gender identity, or other characteristics listed in the definition. It does not convey a message of inferiority or exclusion of a specific demographic group.",,
62319,img/62319.png,1,"america in 2045 ""grandpa...why didn't you stop them?!""",0.95,1,hateful,"The meme depicts a dystopian future where American women are forced to wear burqas, implying a loss of national identity and freedom to an 'invasion'. The text quotes a fictional future scenario blaming the older generation ('grandpa') for not stopping this religious imposition. This attacks people based on religion (Islam) and ethnicity/national origin by promoting the xenophobic 'Great Replacement' conspiracy theory, suggesting that the adoption of Islamic dress equates to the destruction of America, thereby dehumanizing Muslims and framing their religious presence as a violent threat.",,
54108,img/54108.png,1,does nike also sell stones in case they take it off?,0.95,1,hateful,"The meme uses the visual of a woman wearing a hijab (religious attire) combined with text asking if Nike sells 'stones' in case 'they take it off.' This relies on a derogatory stereotype and conspiracy theory that Muslim women use their headscarves to hide facial markings or tattoos (implied by the 'stone'), rather than for religious reasons. It attacks the woman based on her religion through mockery and dehumanizing stereotypes.",,
8451,img/08451.png,0,when you ask a jewish girl for her number and she starts rolling her sleeve,0.98,1,hateful,"The meme utilizes a photograph of emaciated Jewish survivors of the Holocaust to make a 'joke' about obtaining a phone number. This creates an implicit hate speech element by mocking the tattooed serial numbers used to dehumanize and identify victims in concentration camps, effectively trivializing the genocide and exploiting the suffering of Jewish people for a punchline.",,
56207,img/56207.png,1,we broke up but she said we could still be cousins,0.01,0,non-hateful,"The meme depicts a man holding a beer with the text 'we broke up but she said we could still be cousins.' This is a dark humor joke implying that the man was sexually assaulted by or raped his partner, as 'cousins' is used as a euphemism for being related by blood (childhood). The joke derives humor from the victim's trauma of sexual violence. While it makes light of a serious crime (rape), it does not target a protected group based on characteristics like race, religion, gender identity, or nationality. It does not meet the specific criteria for hate speech defined in the prompt (direct/indirect attack on people based on protected characteristics, calls for exclusion, etc.).",,
37692,img/37692.png,0,"""islam is a religion of peace stop criticizing my religion""",0.01,0,non-hateful,"The meme depicts a Muslim man laughing with text stating 'Islam is a religion of peace' and 'stop criticizing my religion'. The image and text are not hateful on their own; they depict a religious figure and a statement defending the religion. There is no visual or textual implication of superiority, violence, dehumanization, or exclusion. The combination of text and image does not convey a hateful message or attack on a protected group.",,
21075,img/21075.png,0,size of a shuttle bus legroom of a pinto,0.01,0,non-hateful,"The meme uses a military Humvee to make a humorous comparison about the exterior size versus the interior legroom. The text references 'a shuttle bus' and 'a pinto,' where pinto refers to a horse or a small car, neither of which targets a protected group. There is no hate speech, slur, or attack on characteristics like race, religion, or gender.",,
9152,img/09152.png,0,"i don't have ex's. i have y's. like, ""y the hell did i date you?!?""",0.0,0,non-hateful,"The meme features comedian Kevin Hart delivering a joke about regretting past relationships. The text 'I don't have ex's. I have y's' and the punchline 'y the hell did i date you?!' are expressions of personal self-deprecation and regret regarding romantic choices. This content does not target any protected group based on ethnicity, race, religion, gender, sexual orientation, or disability, nor does it use slurs or dehumanizing language. It falls outside the definition of hate speech.",,
87130,img/87130.png,1,finally finding the right tutorial you need indian accent,0.1,0,non-hateful,"The meme makes a generalized stereotype that people with Indian accents are difficult to understand or annoying. While potentially offensive or insensitive, it does not employ violent dehumanizing language, call for exclusion, or attack based on ethnicity in a way that meets the provided definition of hate speech (e.g., statements of inferiority or incitement). It targets a linguistic accent rather than attacking the protected group as a whole with intent to dehumanize.",,
34209,img/34209.png,0,how about a nice 12 yr old? bartender: him: boy i would love that,0.95,1,hateful,"The meme depicts a Catholic priest making a suggestive comment in response to an offer of a '12 yr old'. This constitutes hateful content as it mocks a hate crime (pedophilia) and normalizes the sexual abuse of children, which aligns with the definition of hateful speech that includes 'mocking hate crime' and 'dehumanizing speech'.",,
42058,img/42058.png,0,for lunch vlad the impaler loved turkey,0.05,0,non-hateful,"The meme contains a typo ('vlad' instead of 'had') but is clearly a dark humor joke comparing the roasted turkey to Vlad the Impaler (who ruled the region of Wallachia, historically part of modern-day Romania and the Balkans). The phrase 'loved turkey' creates a pun between the bird and the country. While it references a historical figure known for violence, the intent is a wordplay on food and geography, not an attack on the people of Romania or the Balkans based on ethnicity or nationality.",,
76092,img/76092.png,0,everybody is afraid of gangs,0.85,1,hateful,"The meme uses a stereotypical image of Black men in a car combined with the text 'everybody is afraid of gangs.' This reinforces the negative stereotype that Black men are inherently criminals or gang members, implying that their identity is synonymous with criminality. This constitutes an attack based on race through stereotyping and association with illegal activity.",,
76295,img/76295.png,0,islamic extremist planning new project,0.95,1,hateful,"The meme equates 'Islamic extremist' with 'planning new project,' implying that any planning activity by a Muslim is a precursor to terrorism. This relies on an anti-Muslim racial and religious stereotype to dehumanize the group and promote a discriminatory narrative.",,
57208,img/57208.png,0,i had potato for lunch,0.0,0,non-hateful,"The image shows a man smiling and the text states 'i had potato for lunch'. There are no attacks, slurs, dehumanizing language, or references to protected characteristics. The content is a simple, benign statement.",,
87169,img/87169.png,1,albanians talking photo with a porn star,0.9,1,hateful,"The meme targets Albanians, linking their ethnicity to pornography through the text 'Albanians talking photo with a porn star.' This reinforces a racialized stereotype associating Albanian people with sexual deviance or criminality, constituting a hateful attack based on ethnicity/nationality.",,
64125,img/64125.png,0,ooof. that's gotta hurt,0.0,0,non-hateful,"The image depicts a boxing match where one fighter is punching another in the face. The text 'ooof. that's gotta hurt' expresses a reaction to the physical impact of the punch. The content does not attack people based on race, religion, gender, or other protected characteristics, nor does it promote violence against a specific group.",,
68459,img/68459.png,1,family trip in mexico,0.85,1,hateful,"The meme juxtaposes a photo of detained migrants with a US Border Patrol agent against the caption 'family trip in mexico.' By framing the traumatic experience of border crossing and detention as a 'family trip,' the content trivializes the human suffering of immigrants. This normalizes exclusion and mocks the plight of a protected group based on nationality and immigration status, fitting the definition of implicit hate.",,
28905,img/28905.png,1,"hey, i just met you and this is crazy but here's your number.. so camping, maybe?",0.95,1,hateful,"The image depicts Adolf Hitler, a historical figure responsible for the Holocaust and systematic genocide. According to the provided definition, evoking pain from historical figures associated with hate crimes or genocide is considered hateful.",,
48236,img/48236.png,0,that blood you donated could be in someone's boner right now,0.0,0,non-hateful,"The meme depicts a blood donation scene and uses text to make a crude joke about blood being used for male sexual arousal. It targets a medical procedure and makes a physiological joke, but it does not attack, dehumanize, or incite violence against any group based on protected characteristics like race, religion, gender, or disability.",,
32568,img/32568.png,1,america taught us how to be happy slaves the same way school teach us how to be happy employees,0.1,0,non-hateful,"The meme contains the phrase 'happy slaves' and compares this to being employees. While it references the historical institution of slavery and uses dehumanizing language, it does so as a hyperbolic metaphor for modern economic exploitation and systemic oppression (criticizing how education prepares people for corporate subservience). It does not attack a protected group based on race, ethnicity, or nationality, but rather critiques a socio-economic system. This aligns with political dissent or satire rather than the definition of hate speech provided, which requires an attack on people based on specific characteristics like race or religion.",,
10749,img/10749.png,1,my sense of humor is so dark it picks cotton,0.95,1,hateful,"The meme utilizes a historical photograph of enslaved people picking cotton as a punchline for a dark humor joke. It invokes pain from historical figures and makes light of the institution of slavery, evoking the suffering of people based on their race and history.",,
29174,img/29174.png,0,the crimes against humanity should not be swiftly forgotten,0.01,0,non-hateful,"The image displays survivors and victims of the Holocaust, and the text explicitly states that 'crimes against humanity should not be swiftly forgotten.' This content condemns genocide and promotes the remembrance of atrocities rather than attacking any group based on protected characteristics.",,
64510,img/64510.png,0,mohammad won the contest in putting underwear on goats,0.95,1,hateful,"The meme features goats with their pants pulled down in a mocking, lewd manner. The text explicitly names 'Mohammad' in the context of a 'contest in putting underwear on goats.' This targets a religious figure based on his name, likely relying on derogatory stereotypes associating the name with bestiality or the Prophet Muhammad, constituting an attack based on religion and ethnicity.",,
95086,img/95086.png,1,novaky concentration camp these jews can claim holocaust pensions,0.99,1,hateful,"The meme uses a satirical image of a person floating in water labeled 'Novaky concentration camp' (referencing the Holocaust) to mock Jewish people by claiming they 'can claim holocaust pensions.' This is hateful because it trivializes the genocide of Jewish people and mocks victims and their descendants, evoking pain from historical figures and attacks based on ethnicity and religion.",,
4857,img/04857.png,1,...even the dumb jews know that! trump is a racist.,0.95,1,hateful,"The meme contains a direct antisemitic attack by referring to Jewish people as 'dumb', which constitutes a statement of inferiority and insults them based on ethnicity and religion, in violation of the hate speech definition.",,
84510,img/84510.png,1,bartender: how about a nice 12 yr old? him: boy or girl?,0.95,1,hateful,"The meme depicts a priest reacting to a request for a 12-year-old, asking 'boy or girl?'. This content sexualizes a minor and depicts a religious figure as a potential pedophile, contributing to the sexualization of children.",,
5126,img/05126.png,1,can you smell what the reich is cooking,0.85,1,hateful,"The meme utilizes a dark humor pun referencing the Holocaust (specifically crematoriums and dehumanization of victims) to mock the Nazi regime. By using the phrase 'the Reich is cooking' alongside imagery of mass death, it trivializes genocide and evokes pain from historical atrocities, which falls under the definition of hate speech.",,
1796,img/01796.png,1,life hack #23 how to get stoned with no weed,0.01,0,non-hateful,"The meme depicts two women in hijabs with text suggesting that being kissed by a loved one makes one 'stoned' without drugs. This is a humorous expression of affection and does not contain hate speech, slurs, dehumanization, or attacks based on protected characteristics.",,
48670,img/48670.png,0,look at this sandwich maker club i found on wish on clearance,0.0,0,non-hateful,"The meme displays a grilled sandwich on a contact grill with text expressing excitement about finding the item on sale at the website 'Wish'. There are no attacks on protected groups, no slurs, and no hateful imagery or implications.",,
90267,img/90267.png,0,i've been driving this baby for years the mileage isn't great but still gets the job done,0.0,0,non-hateful,"The image features a woman driving a vintage truck with text making a pun about the vehicle's age and fuel efficiency. It contains no attacks on protected characteristics, slurs, dehumanizing language, or calls for exclusion.",,
93172,img/93172.png,0,this is a terrorist,0.85,1,hateful,"The meme features an image of Donald Trump with the overlaid text 'this is a terrorist'. This constitutes hateful speech because it labels a public figure as a 'terrorist,' a term that historically and legally implies association with violent extremism and dehumanizes the individual. By equating a political leader with a terrorist, the meme employs violent and dehumanizing rhetoric. While it targets an individual rather than a protected group based on characteristics like race or religion, the specific label of 'terrorist' falls under the definition of violent/dehumanizing speech that incites fear and hostility, aligning with the criteria for hateful content that relies on dehumanization.",,
17682,img/17682.png,1,give them what they deserve kill them all,0.05,0,non-hateful,"The text uses a violent 'kill them all' catchphrase. However, the image features a man with soccer balls, and the word 'them' is placed near the balls. The meme is a visual pun suggesting violence against inanimate objects (soccer balls) rather than a group of people based on protected characteristics. It does not fit the definition of hate speech.",,
27635,img/27635.png,1,dat ass ahmarbkrich*d,0.98,1,hateful,"The meme uses the image of sheep, historically a dehumanizing antisemitic trope, to represent Jewish people. It pairs this imagery with a misspelling of 'Ahmar b'Krich' (a derogatory term meaning 'Red-haired bastard' used against Jews) and the vulgar phrase 'dat ass,' creating a dehumanizing and mocking attack on Jews based on ethnicity and religion.",,
1268,img/01268.png,0,father and daughter bonding time is the best like and share if you agree,0.01,0,non-hateful,"The meme features an image of an elderly Muslim man and a woman hugging, which is a depiction of a loving family bond. The text 'father and daughter bonding time is the best' and 'like and share if you agree' reinforces the positive sentiment. There are no attacks, slurs, stereotypes, or calls for exclusion against any protected group.",,
59738,img/59738.png,1,what's the difference between a refugee and e.t e.t learned english and wanted to go home,0.85,1,hateful,"The meme juxtaposes images of Indian-American comedian Vir Das and American celebrity Wayne Newton under the text 'e.i learned english and wanted to go home.' This is a racist microaggression and stereotype suggesting that immigrants (implied by the context of the top image) are ungrateful, lack belonging, or are perpetual foreigners. By mocking someone for wanting to return to their home country or highlighting their foreignness, it attacks based on nationality and immigration status.",,
47950,img/47950.png,0,"democrats ilhan omar alexandria ocasio-cortez ayanna pressley rashida tlais we're new, bold, and we hate you! we hate whites, jews, christians, conservatives, republicans,",0.99,1,hateful,"The text explicitly claims that specific political figures and groups 'hate whites, jews, christians,' directly attacking people based on race, religion, and ethnicity. This falls under statements of inferiority and dehumanization.",,
86195,img/86195.png,0,dolled up and rolling with the gang like,0.05,0,non-hateful,"The meme depicts Benito Mussolini and Adolf Hitler. While they are historical figures associated with genocide and hate speech, the image itself is a historical photograph. The caption 'dolled up and rolling with the gang like' uses slang to describe them as friends. However, it does not contain hate speech itself; it does not attack a protected group, use slurs, or call for violence or exclusion. Instead of propagating the hateful ideology of the figures, the meme mocks the historical context or the figures themselves. Therefore, it does not meet the definition of hate speech.",,
95613,img/95613.png,1,what a weird way to spell fat and single,0.75,1,hateful,"The meme uses an anagram joke to mock a woman who identifies as a feminist by implying she is 'fat' and 'single'. This constitutes hateful speech as it attacks the individual based on gender, specifically targeting her feminist identity with an implication of inferiority and personal failure.",,
42538,img/42538.png,0,and at that moment everything else in the world just melted away,0.0,0,non-hateful,"The image displays a romantic embrace between a man and a woman, and the text expresses a sentiment of emotional focus on the partner. There is no content attacking any protected group based on characteristics such as race, gender, or religion.",,
84273,img/84273.png,0,when you're the reason for the company safety video,0.0,0,non-hateful,"The meme depicts Richard Branson giving a thumbs up with the caption 'when you're the reason for the company safety video.' This is a humorous observation referencing the individual's role in corporate safety protocols. It does not contain any slurs, stereotypes, or attacks on people based on protected characteristics such as race, religion, gender, or disability.",,
71680,img/71680.png,1,muslim strip club,0.95,1,hateful,"The meme features the text 'muslim strip club' overlaid on an image of goats. By associating Muslims with goats, the meme employs a historical antisemitic slur (often extended to Muslims as 'Goyim' or 'sheep/goats') to dehumanize and demean individuals based on their religion. This constitutes a direct attack based on religion using dehumanizing imagery.",,
31208,img/31208.png,1,maybe if we weren't consistent sources of crime we'd be treated better,0.95,1,hateful,"The meme features a Black man and uses text that relies on the racial stereotype linking Black people to criminality to make a claim about systemic mistreatment. This implies that an entire racial group is defined by their contribution to crime, which is a statement of inferiority and dehumanization based on race.",,
46971,img/46971.png,1,bravery at its finest,0.92,1,hateful,"The meme juxtaposes a white person eating with text claiming 'bravery at its finest' above an image of Black people, implying that simply sharing the environment with or looking at Black people requires bravery. This relies on racial prejudice and dehumanization, portraying the presence of Black individuals as a threat or challenge, which constitutes hate speech based on race.",,
64071,img/64071.png,0,when you have someone to help and take care of you what could happen if you didn't,0.01,0,non-hateful,"The meme depicts a contrast between receiving care and a disastrous outcome of self-neglect involving a wheelchair. It uses a tragic accident for comedic effect to highlight the importance of having a caregiver, but it does not attack a person or group based on protected characteristics such as race, religion, disability, or gender. It does not dehumanize people with disabilities or advocate for their exclusion.",,
31752,img/31752.png,1,when you get to choose your own mental illness,0.85,1,hateful,"The meme combines a rainbow-colored hand (a symbol associated with the LGBTQ+ community) with text about choosing a 'mental illness.' This juxtaposition creates a hateful message by mocking LGBTQ+ identities and implying that being gay or transgender is a mental illness, which constitutes hate speech based on sexual orientation and gender identity.",,
3524,img/03524.png,1,terrorist can come to this country way to easy,0.98,1,hateful,"The meme displays a group of people, predominantly Muslim, gathered outdoors for prayer or a community event. The text 'terrorist can come to this country way to easy' links the presence of these individuals to terrorism. This constitutes hate speech by attacking people based on their religion and likely national/immigration status through a dehumanizing generalization that equates their religious practice with criminal behavior and danger.",,
90256,img/90256.png,1,"whenever you feel stupid, remember there are people who throw stones at a wall! aiming for an invisible devil, told by an invisible god for an invisible heaven!",0.95,1,hateful,"The meme depicts the Hajj pilgrimage in Mecca and uses text to mock the religious practices of Muslims. It characterizes their worship as 'stupid' by comparing it to 'throwing stones at a wall' aimed at an 'invisible devil' and 'invisible god'. This constitutes an attack on a religious group by dehumanizing their faith, denying the validity of their deity, and portraying their spiritual obligations as absurd.",,
68043,img/68043.png,1,plays uno steals all the green cards,0.1,0,non-hateful,"The meme relies on a pun conflating the green color of the Mexican flag (a national symbol) with 'green cards' (immigration documents). While the text 'steals all the green cards' contains anti-immigrant sentiment, it is framed as a wordplay joke about a card game ('Uno') rather than a dehumanizing statement or a direct call for exclusion/violence. It does not meet the threshold of hate speech defined by attacks, violence, or dehumanization.",,
48370,img/48370.png,1,72 virgins are ready to get fucked up,0.95,1,hateful,"The meme uses the visual of camels as a crude metaphor for female genitalia and explicitly associates Muslim men (depicted with keffiyehs and turbans) with a 'harem' fantasy. The text '72 virgins are ready to get fucked up' weaponizes the Islamic religious concept of '72 virgins' and sexualizes it through degrading language ('fucked up'). This reinforces harmful stereotypes regarding Muslim men's sexuality and reduces women (specifically 'virgins' in a religious context) to objects of sexual conquest, constituting an attack based on religion and gender.",,
53968,img/53968.png,1,when you have an 80 point iq but it's the highest in your village,0.8,1,hateful,"The meme uses a person with a disability (Down syndrome) to mock individuals with lower IQs, utilizing the image to dehumanize and present a statement of inferiority based on intellectual disability.",,
42631,img/42631.png,1,i believe they are like racism just shouldn't exist,0.01,0,non-hateful,"The meme features text stating 'i believe they are like racism just shouldn't exist.' This expresses a general sentiment that racism is negative and should be eradicated. It does not attack any protected group, nor does it use dehumanizing language or call for exclusion. The sentiment is anti-discriminatory rather than hateful.",,
29843,img/29843.png,0,the world's most wanted terrorist obama bin lying,0.9,1,hateful,"The meme equates former US President Barack Obama with the founder of Al-Qaeda, labeling Obama as a 'terrorist' and using a derogatory pun on Osama bin Laden's name. This constitutes a hateful attack based on race and nationality, as it dehumanizes a Black political figure by associating him with a terrorist archetypal figure, reinforcing racist tropes used to vilify Black men.",,
5213,img/05213.png,0,the families of the hillsborough tragedy were denied legal aid.... but shamima begum gets it to fight for her uk citizenship our system is a sick joke! - martin costello,0.75,1,hateful,"The meme attacks a specific individual (Shamima Begum), a British convert to Islam, based on her religion and legal status as a British national. By contrasting her receipt of legal aid with the families of the Hillsborough disaster to assert the legal system is a 'sick joke,' it promotes a narrative of inequality based on religious and cultural identity, fostering resentment against Muslim citizens and suggesting they are favored over 'native' Britons.",,
56098,img/56098.png,1,"i said ""a glass of juice"".",0.05,0,non-hateful,"The meme features an image of Adolf Hitler with the text 'i said a glass of juice'. While the image depicts a historical figure associated with genocide and hate, the text is a benign, humorous complaint about a misunderstanding. The combination does not promote Nazi ideology, attack a protected group, or evoke historical pain; rather, it creates a comedic juxtaposition between the figure's intensity and a trivial statement.",,
50841,img/50841.png,0,give them what they deserve kill them all,0.0,0,non-hateful,"The meme uses the text 'kill them all' in reference to a rat in the image. This constitutes a call for extermination of animals, not an attack on humans based on protected characteristics such as race, religion, nationality, or sexual orientation.",,
19536,img/19536.png,1,when your jewish friend smells a stash of coins in public,0.85,1,hateful,"The meme targets Jewish people based on religion/ethnicity by invoking the long-standing antisemitic stereotype of greed and hoarding money. It characterizes the group as obsessive about coins even in public, reinforcing a dehumanizing negative generalization.",,
73914,img/73914.png,1,be careful who you call ugly in highschool,0.85,1,hateful,"The meme depicts a Black child with an exaggeratedly large head, utilizing a physical distortion that echoes historical racist caricatures of Black people. Combined with the text 'be careful who you call ugly in highschool' and the juxtaposition with a gorilla (a common racist trope associating Black people with primates), the meme relies on anti-Black stereotypes and dehumanization to deliver its punchline.",,
78156,img/78156.png,0,you mean i don't have to pick it?!?,0.01,0,non-hateful,"The meme depicts a woman expressing relief at the statement 'you mean i don't have to pick it?!?'. While the image of picking the face can be interpreted as self-harming behavior, the text and context do not contain slurs, dehumanizing language, or attacks on protected groups. It does not attack people based on race, gender, disability, or other characteristics defined in the hatefulness policy.",,
17908,img/17908.png,0,making a quick 3pm snack,0.0,0,non-hateful,"The image depicts a woman making a sandwich with text stating 'making a quick 3pm snack'. The content is benign and focuses on food preparation. There is no hate speech, dehumanizing language, or attack on any protected group.",,
84162,img/84162.png,0,i could have killed all of them. but i let some of them survive so you know why i killed them,0.01,0,non-hateful,"The meme features images of mosquitoes and text stating that the creator spared some so people could see 'why' others were killed. This references the biological fact that female mosquitoes bite humans. The content expresses annoyance with pests but does not attack humans based on ethnicity, race, religion, gender, disability, or other protected characteristics. It does not meet the definition of hate speech.",,
53418,img/53418.png,0,a real man loads the dishwasher every night,0.85,1,hateful,"The meme depicts a man performing a domestic chore (loading the dishwasher) while a woman sits and looks at her phone, captioned 'a real man loads the dishwasher every night.' This promotes gender stereotypes by suggesting that performing household chores defines masculinity ('real man') and implies that women do not contribute to such labor or are entitled to leisure. It fits the definition of implicit hate/harmful stereotype as it reinforces rigid and inferiority-based gender roles, similar to Example 4.",,
29054,img/29054.png,1,broken dishwasher,0.9,1,hateful,"The meme compares a woman with a prosthetic limb to a 'broken dishwasher,' which constitutes mockery and dehumanization based on her disability. This falls under the definition of attacking people based on disability.",,
91836,img/91836.png,1,one of my 5 boyfriends slept with another girl i'll never trust men again!,0.05,0,non-hateful,"The meme depicts a woman expressing extreme distrust of all men based on the actions of one of her boyfriends. While the text contains a generalization ('I'll never trust men again'), it functions as a humorous expression of personal frustration or relationship fatigue (hyperbole) rather than a hateful attack on men as a protected class. It lacks dehumanizing language, statements of inferiority, or calls for exclusion/violence based on gender.",,
30579,img/30579.png,0,white power!,0.99,1,hateful,"The image features an elderly white man lifting a barbell with the caption 'white power!'. The phrase 'White Power' is a prominent white supremacist slogan used to advocate for racial supremacy and the exclusion of non-white groups. By pairing this slogan with an image of an elderly white man (often used in internet culture to represent 'strong white grandfather' or elderly resilience), the meme promotes white nationalist ideology, constituting an attack based on race.",,
91058,img/91058.png,1,get in loser we're invading poland,0.1,0,non-hateful,"The meme depicts Adolf Hitler and Nazi officials and references the invasion of Poland to mock them ('get in loser'). While it utilizes Nazi iconography and depicts an aggressive war, the text clearly ridicules the perpetrators of the hate speech and genocide rather than endorsing them. Unlike the calibration examples which celebrate, normalize, or incite hatred, this meme uses humor to belittle the Nazi regime. It does not attack protected groups but instead mocks historical figures associated with hate.",,
56124,img/56124.png,0,how to cook turkey in usa how to cook turkey in romania,0.75,1,hateful,"The meme contrasts a traditional whole roasted turkey in the USA with a plated, sliced meal in Romania, implying that Romanians are incapable of preparing a whole turkey, potentially due to poverty or lack of culinary skill. This attacks people based on nationality by reinforcing stereotypes of inferiority regarding wealth and cultural competence.",,
12834,img/12834.png,1,"in west philadelphia, born and raised in the anus is where i got most of my aids",0.95,1,hateful,"The meme uses a parody of the 'Philadelphia' music video lyrics to associate the city with the contraction of AIDS, explicitly linking the location to a sexually transmitted disease. This content targets people with AIDS (disease) through dehumanization and mockery, evoking pain related to the stigma of the disease, which fits the definition of hate speech.",,
36058,img/36058.png,0,love is love,0.01,0,non-hateful,"The meme combines a picture of men kissing with the phrase 'love is love' and a picture of a lesbian couple kissing with the same phrase. This content celebrates same-sex relationships and supports LGBTQ+ inclusivity. It does not contain any attacks, dehumanization, slurs, or calls for exclusion based on protected characteristics.",,
34018,img/34018.png,1,fuck the catholics fuck the catholic church fuck the pope,0.9,1,hateful,"The text explicitly uses the profanity 'fuck' to attack and express contempt towards Catholics, the Catholic Church, and the Pope. This constitutes a direct verbal attack on a group based on their religion, which falls under the definition of hate speech.",,
41035,img/41035.png,0,my new muslim girlfriend not much to look at,0.85,1,hateful,"The meme uses the 'not much to look at' format, typically reserved for depicting things or people as ugly or undesirable. By applying this caption to an image of a woman wearing a hijab and labeling her a 'Muslim girlfriend,' the meme attacks her based on her religion and appearance, reinforcing the stereotype that Muslim women or those wearing religious attire are unattractive. This constitutes a statement of inferiority based on religion.",,
20984,img/20984.png,0,when you are white and stole your first bike,0.75,1,hateful,"The meme targets individuals based on race ('white') and associates them with criminal behavior ('stole your first bike') using a 'guilty look' visual trope. It promotes a racial stereotype implying that people of this race are predisposed to theft, which constitutes a statement of inferiority and negative characterization based on race.",,
92058,img/92058.png,1,how black people became christians,0.95,1,hateful,"The meme uses a historical illustration of the transatlantic slave trade to mock the origins of Christianity among Black people. The text 'how black people became christians' combined with the image implies that Black people converted only as a desperate act while dying in slavery, rather than through genuine belief. This reinforces racist stereotypes of Black people as intellectually inferior, desperate, or incapable of independent spiritual thought, attacking them based on race and religion through dehumanization and mockery of their history.",,
52603,img/52603.png,1,feeling kinda cute might steal your shit later.. idk,0.0,0,non-hateful,"The meme features a smiling man with text that makes a humorous claim about his appearance and behavior ('might steal your shit'). It does not contain any slurs, calls for violence, dehumanizing language, or attacks on protected characteristics.",,
64312,img/64312.png,1,"no, that's not his daughter.. that's his wife! yet the world is silent..",0.01,0,non-hateful,"The meme features an elderly Muslim man embracing a younger woman, accompanied by text clarifying their relationship as husband and wife while noting that the 'world is silent.' The image portrays a wholesome, affectionate moment, and the text addresses the social stigma or controversy surrounding mixed-age marriages within the Muslim community. Neither the image nor the text contains attacks, slurs, dehumanization, or calls for exclusion based on protected characteristics.",,
16704,img/16704.png,0,"last summer camp was so ""lit""",0.0,0,non-hateful,"The meme features children climbing a wooden structure at camp with the text 'last summer camp was so ""lit""'. This is a standard internet slang expression describing a positive experience or fun time. There is no attack, slur, dehumanization, or targeting of any protected group based on the definitions provided.",,
53491,img/53491.png,0,and in 3 days he came back to life bringing salvation,0.0,0,non-hateful,"The image depicts the crucifixion of Jesus, and the text describes the resurrection. This is a statement of religious belief regarding Christianity and does not contain hate speech, slurs, incitement to violence, or attacks on any protected group.",,
83497,img/83497.png,0,different types of radicalization,0.85,1,hateful,"The meme presents a violent extremist alongside a mass shooter under the label 'different types of radicalization.' By equating political/religious protest with lethal terrorism, the meme dehumanizes individuals involved in the protest (likely based on religion or nationality) and trivializes the horror of a mass shooting by treating it as a mere sub-category of ideology rather than a crime. This fits the criteria of implicit hate through trivialization of violence and stereotyping.",,
32415,img/32415.png,0,when finishing a race is your passion,0.0,0,non-hateful,"The meme depicts a runner crossing a finish line with a celebratory caption about passion for finishing races. There is no text or imagery attacking any protected group based on characteristics such as race, gender, religion, or sexual orientation. The content is wholesome and celebratory.",,
37814,img/37814.png,0,this is el paso shooter's father every. single. time,0.85,1,hateful,"The meme features an image of a clown and text referencing the 'El Paso shooter,' a perpetrator of a mass shooting motivated by white supremacist and xenophobic ideology. By labeling the shooter's father as a clown, the meme mocks a hate crime and trivializes the tragedy, which falls under the definition of hate speech as it involves 'mocking hate crime or evoking pain.'",,
25149,img/25149.png,1,if this offends you you might be lack toes intolerant,0.7,1,hateful,"The meme uses a pun on 'lactose intolerant' combined with an image of a person with missing toes to make a joke about people with physical disabilities. This attacks people based on disability, which is a protected characteristic, by trivializing and mocking their condition.",,
26187,img/26187.png,1,i love my slow cooker,0.01,0,non-hateful,"The image shows a man holding a tray of food in a kitchen, and the text expresses personal affection for a kitchen appliance ('slow cooker'). There are no attacks, slurs, or dehumanizing statements targeting any protected group.",,
24098,img/24098.png,1,thanksgiving in china,0.01,0,non-hateful,"The meme depicts a cat inside a cooking pot with vegetables, accompanied by the text 'thanksgiving in china'. This is a visual pun or dark humor joke implying that the cat is the meal for Thanksgiving. While potentially morbid regarding the animal, it does not attack humans based on ethnicity, nationality, religion, or any other protected characteristic defined in the hate speech policy.",,
46085,img/46085.png,0,city workers repair statue cover it up with black sheet,0.0,0,non-hateful,"The meme depicts city workers covering a statue with a black sheet, described by the text. There is no attack on any protected group based on ethnicity, race, religion, gender, or other characteristics. The content is descriptive and humorous regarding municipal maintenance.",,
36201,img/36201.png,0,look at me bling up my prosthetic,0.01,0,non-hateful,"The image shows a person with a prosthetic limb and the text 'look at me bling up my prosthetic.' The text refers to customizing or accessorizing the prosthetic limb in a positive manner. This does not attack, dehumanize, or express inferiority towards people with disabilities; rather, it celebrates personal style and adaptive ability. There is no hateful content in the image or text.",,
61872,img/61872.png,1,don't be a fool it is a bomb,0.95,1,hateful,"The image depicts a pregnant Muslim woman in a hijab. The text 'don't be a fool it is a bomb' uses a terrorist trope (the bomb) to associate her pregnancy and her religion/ethnicity with violence and danger. This dehumanizes the subject and promotes a harmful stereotype linking Muslims and pregnancy with terrorism, constituting hate speech based on religion and gender.",,
43810,img/43810.png,1,how to cook turkey in usa how to cook turkey in romania,0.85,1,hateful,"The meme juxtaposes a cooked turkey with a portrait of Michael the Brave (a famous Romanian historical ruler). The wordplay on 'Turkey' (the bird) and 'Turkey' (the country/nationality) is used as a linguistic joke to imply that in Romania, one would 'cook' the historical figure Michael the Brave instead. This falls under historical hate as it uses a popular meme format to trivialize and trivialize the killing of a national icon, evoking pain from historical figures.",,
56149,img/56149.png,0,the original scarecrow,0.0,0,non-hateful,"The image depicts a standard scarecrow in a field with the caption 'the original scarecrow.' The content is agricultural and descriptive, containing no slurs, stereotypes, or attacks on any protected group.",,
58093,img/58093.png,0,i treat them like java treats its generic parameters at run time as objects,0.0,0,non-hateful,"The meme displays a snippet of Java code overlaid with text comparing technical handling of generic parameters to objects. It is a programming joke that does not target any protected group, nor does it contain slurs, incitement to violence, or dehumanizing language.",,
89071,img/89071.png,1,they don't wash their ass with water and they eat their daughters' ass,0.85,1,hateful,The meme uses sexually violent and degrading language ('eat their daughters' ass') to mock individuals based on their nationality or cultural habits (implying non-Western cultures). This constitutes dehumanizing speech and attacks a group based on nationality/ethnicity.,,
84302,img/84302.png,0,why do we share more when these people are hurt but not these people,0.9,1,hateful,"The meme contrasts a group of diverse, smiling individuals (some wearing headscarves) labeled as people who are 'hurt' with a group of women wearing black niqabs labeled as people who are not. By juxtaposing these images with text implying a lack of empathy or concern for the latter group, the meme dehumanizes Muslim women wearing niqabs, suggesting they are less worthy of support or compassion compared to other groups. This constitutes an attack based on religion and gender through implied exclusion and statements of inferiority.",,
5439,img/05439.png,0,portable dishwasher slash sandwich maker,0.01,0,non-hateful,"The image displays human hands and the text references kitchen appliances. There is no attack on any protected group, no slurs, and no hateful imagery or message.",,
6491,img/06491.png,1,tranny for sale,0.99,1,hateful,"The meme uses a highly offensive slur against transgender people combined with the phrase 'for sale,' which dehumanizes the subject by treating them as a commodity rather than a human being.",,
18726,img/18726.png,0,when your bed is short and your feed stick out,0.01,0,non-hateful,"The image shows a person sleeping in a bed with their feet hanging off the edge, accompanied by the text 'when your bed is short and your feed stick out'. This is a relatable scenario involving a typo where 'feed' likely means 'feet'. There is no attack on protected groups, no dehumanization, and no hateful content.",,
34528,img/34528.png,1,every kitchen needs a sandwich maker just like this one,0.0,0,non-hateful,"The image features a celebrity in a standard beauty shot, and the text is a generic advertising-style claim suggesting that every kitchen needs a sandwich maker. There is no text or imagery attacking any protected group based on characteristics like race, religion, or gender.",,
1765,img/01765.png,1,"after a girl dies, what organ in her body stays warm? my dick",0.85,1,hateful,"The meme presents a sexually harassing joke that targets women. It depicts a man making a predatory sexual comment about deceased females, trivializing death and treating women as objects for sexual gratification. This constitutes a statement of inferiority and dehumanization based on sex/gender.",,
83946,img/83946.png,1,when a white kid shoots up the school the same day you planned to bomb it,0.95,1,hateful,"The meme depicts a Muslim woman (identifiable by the hijab) and textually asserts that she 'planned to bomb' a school, linking her to terrorism on the same day a white student committed violence. This relies on the hateful stereotype of Muslims as terrorists, attacking a religious group by associating them with violence and extremism.",,
16420,img/16420.png,0,abnormal vs normal,0.9,1,hateful,The meme juxtaposes a historical photograph of individuals with physical differences (a tall man and a person with a smaller stature) with the text 'abnormal vs normal.' This labels people with physical conditions or disabilities as 'abnormal' and implies they are inherently inferior or deviant compared to a 'normal' standard. This constitutes an attack and statement of inferiority based on physical disability or difference.,,
72864,img/72864.png,1,traveling through chimney,0.95,1,hateful,"The meme uses a 'traveling through chimney' joke to make a derogatory comparison between Santa Claus and three men in traditional Hasidic Jewish attire. It relies on the racist and antisemitic stereotype implying that Jewish people (specifically Hasidic men) are physically unappealing or monstrous, suggesting they would be rejected or cause fear in a way similar to a 'bogeyman' or creature coming down a chimney. This constitutes hate speech based on religion and ethnicity by mocking a specific group using dehumanizing caricatures.",,
61038,img/61038.png,0,no wonder why the pipes are not working,0.0,0,non-hateful,"The image displays a clogged pipe and the text jokes about why the pipes are not working. There is no content attacking any protected group based on ethnicity, race, religion, or other characteristics defined in the hate speech policy.",,
47056,img/47056.png,1,illegal aliens are not welcome,0.95,1,hateful,"The meme displays a call for exclusion based on immigration status by stating 'illegal aliens are not welcome' over an image of Border Patrol detaining individuals. The term 'aliens' is a dehumanizing slur often used to alienate immigrants, and the text explicitly advocates for their exclusion from society.",,
82437,img/82437.png,1,we should learn from ocean how to treat refugees,0.8,1,hateful,"The meme juxtaposes an image of a shoe on a beach with text suggesting we treat refugees like the ocean washes away trash. This is dehumanizing speech that compares refugees to discarded objects or pollution, attacking them based on their immigration status by implying they should be swept away or excluded.",,
41890,img/41890.png,1,house of pedophile,0.95,1,hateful,"The image depicts St. Peter's Square in Vatican City, a center of the Catholic Church. The overlaid text calls it a 'house of pedophile,' directly attacking a religious institution and its clergy by making defamatory accusations about sexual misconduct, which constitutes a hateful attack on people based on religion.",,
90236,img/90236.png,0,voila! fresh batch of baked goods !,0.0,0,non-hateful,"The image depicts a man in a kitchen setting presenting baked goods with the text 'voila! fresh batch of baked goods!'. There is no language, imagery, or context that attacks, dehumanizes, or excludes individuals based on protected characteristics such as race, religion, or gender.",,
93620,img/93620.png,1,in other countries in pakistan,0.85,1,hateful,"The meme presents a stereotypical and derogatory comparison between Western relationships and those in Pakistan. It dehumanizes people from Pakistan by implying that their social norms are so bizarre that they involve kissing goats, attacking a group based on nationality and culture through ridicule and dehumanizing imagery.",,
41382,img/41382.png,0,"they want to be accepted for who they are, yet theren't able to accept themselves for who they are",0.0,0,non-hateful,"The image depicts a wasp and the text discusses self-acceptance. Neither the insect nor the commentary contains slurs, stereotypes, or attacks on protected groups. There is no hateful message conveyed.",,
95640,img/95640.png,1,syrian rape survivor speaks out,0.85,1,hateful,"The meme uses the 'Goat (Goat Scream)' format, where an animal screaming is associated with a text caption. By pairing the screaming goat with the text 'syrian rape survivor speaks out', the meme mocks the trauma of sexual assault and trivializes the suffering of Syrian refugees. It attacks people based on their nationality and victimization, creating a hateful message through the juxtaposition of the visual and text.",,
62504,img/62504.png,0,we've taken this country! now fuck off! we're taking it back!,0.0,0,non-hateful,"The meme features Daleks, antagonists from the TV show Doctor Who, and the Eighth Doctor. The text 'we've taken this' and 'we're taking it back!' is a reference to the Doctor Who episode 'Dalek,' where the Dalek monologue begins with 'We've taken this planet' and the Doctor retorts 'You're taking it back.' This is a direct quote from science fiction pop culture and does not target any protected group, contain slurs, or convey hateful ideology.",,
72048,img/72048.png,1,hurry up barack will be home soon,0.98,1,hateful,The meme juxtaposes an image of chimpanzees with text mentioning 'barack' (referring to Barack Obama) above a photo of Michelle Obama. This combines a racial slur/stereotype associating Black people with apes with the context of the former First Family. It constitutes dehumanizing speech based on race.,,
41796,img/41796.png,0,nein danke i'm very happy with my gas supplier,0.0,0,non-hateful,"The meme depicts a business interaction where a couple refuses a sales pitch from a representative, stating they are happy with their current gas supplier. The content involves consumer preference and does not contain any attacks, slurs, or derogatory implications based on protected characteristics such as race, gender, religion, or sexual orientation.",,
42903,img/42903.png,0,those stupid basterds thought it was a real shower,0.01,0,non-hateful,"The meme depicts an elderly man relieving himself in a canal, accompanied by text mocking his intelligence ('stupid basterds'). While the language is crude and the subject is a human being, the humor is directed at the individual's specific mistake of mistaking the water for a shower. It does not attack the subject based on protected characteristics such as race, religion, nationality, sexual orientation, or disability. Therefore, it does not meet the definition of hate speech.",,
57369,img/57369.png,0,lose 15 lbs with this 1 simple trick photoshop,0.0,0,non-hateful,"The meme features a person lifting their shirt to reveal a gap where their midsection has been digitally removed, with the text 'lose 15 lbs with this 1 simple trick photoshop'. This is a self-deprecating joke about photo editing and weight loss expectations, containing no attacks on protected groups or dehumanizing language.",,
56980,img/56980.png,0,coffee isn't helping get the jumper cables,0.0,0,non-hateful,"The meme features a Corgi lying on the floor with legs splayed in a 'sploot' position. The text humorously compares the dog's tiredness to a dead battery requiring 'jumper cables.' There is no attack on any group, no slurs, and no hateful imagery.",,
96284,img/96284.png,1,welcome to melbourne,0.85,1,hateful,"The meme juxtaposes an image of armed Palestinian militants (likely Hamas) with the caption 'welcome to melbourne.' This constitutes hateful content as it uses a violent, armed militant group to attack the city of Melbourne, implying it is a hostile, dangerous territory or promoting a narrative of 'white genocide' and exclusion based on the city's national origin and demographic. It creates a hateful message by associating a specific location with armed insurrection.",,
75918,img/75918.png,0,a picture of my great great great grand grandfather's tractors they don't make them like they used to,0.0,0,non-hateful,The image depicts a vintage tractor in a historical farming setting with text expressing nostalgia about the quality of old machinery. The content focuses entirely on agricultural equipment and does not target any group based on protected characteristics.,,
10386,img/10386.png,1,the book about terrorism,0.95,1,hateful,"The meme labels a copy of the Quran as 'the book about terrorism.' This constitutes hate speech because it attacks people based on their religion (Islam) by falsely equating their holy scripture exclusively with violence and terrorism, promoting a dehumanizing stereotype that defines the entire faith by acts of extremism.",,
74906,img/74906.png,1,are you a boy or a girl i'm non binary,0.75,1,hateful,"The meme uses a visual pun to mock the non-binary identity. The top panel presents the question 'are you a boy or a girl,' and the bottom panel shows a person 'flipping' a wheelchair with the text 'i'm non binary.' This creates a harmful association between non-binary gender identity and physical disability (implying the person is 'broken' or 'upside down') and frames their identity as a punchline for being 'unbalanced' or 'flipped.' This constitutes dehumanizing speech based on gender identity.",,
63745,img/63745.png,1,we could destroy all of them but we let some of them survive so you know why we did it,0.99,1,hateful,"The meme uses a historical image of a Nazi government meeting, a symbol of white supremacist and genocidal ideology, combined with text referencing the Holocaust ('destroy all of them' vs 'let some survive'). This recirculates genocide-era propaganda and glorifies the ideology of the Holocaust, falling under historically-coded hate and celebrating mass murder.",,
19730,img/19730.png,1,jamal is practicing for class sport,0.01,0,non-hateful,"The meme depicts a young child holding a firearm in a setting with UNICEF branding, juxtaposed with text claiming he is 'practicing for class sport'. This uses dark humor to trivialize the militarization of children and the normalization of violence in conflict zones. While it highlights a disturbing reality, it does not contain hate speech as defined (no attacks based on protected characteristics like race, religion, or sexual orientation, nor calls for violence or exclusion).",,
37160,img/37160.png,0,"best gamer ever 6 million kills, 1 death""",0.01,0,non-hateful,"The meme depicts a person playing a video game with text boasting about high kill counts. It targets the activity of gaming and uses hyperbole regarding in-game statistics. There are no attacks based on protected characteristics such as race, religion, gender, or sexual orientation, nor does it convey dehumanizing or exclusionary messages.",,
93541,img/93541.png,0,the jihad squad,0.95,1,hateful,"The meme depicts armed individuals holding a black flag with Arabic calligraphy and a white circle containing a logo, commonly recognized as the flag used by ISIS, standing over the bodies of deceased people. The text 'the jihad squad' identifies them as jihadist militants. This content glorifies a violent extremist organization and trivializes war crimes and terrorism, which fits the definition of evoking pain and celebrating violence.",,
30642,img/30642.png,0,rabbi sitting in synagogue chillin and doing his thing,0.01,0,non-hateful,"The image depicts a man in religious attire with a neutral or humorous expression, and the text describes him as a 'rabbi sitting in synagogue chillin and doing his thing.' The content contains no slurs, conspiracy theories, calls for violence, or dehumanizing statements. It does not attack Jewish people or any protected group based on the provided definition.",,
35470,img/35470.png,0,can you smell what the reigh is cooking,0.9,1,hateful,"The meme contains a pun in the text 'can you smell what the reigh is cooking', referring to a Jewish person or ethnic group (the reigh). This constitutes a derogatory ethnic slur used to attack or demean people based on their nationality, ethnicity, or religion.",,
12067,img/12067.png,0,pre-heat to 350 degrees,0.01,0,non-hateful,"The image shows two children looking into an oven at a tray of cookies. The text instructs to 'pre-heat to 350 degrees,' which is a standard baking instruction. The content is a wholesome scene about baking cookies and contains no hateful imagery, slurs, stereotypes, or calls for exclusion or violence.",,
95176,img/95176.png,0,notice how the kenyan skidmark has been silent about the mueller report?,0.92,1,hateful,"The meme uses the derogatory slur 'Kenyan' to mock Barack Obama's birthplace (referencing the 'birther' conspiracy theory) and attacks his ethnicity/nationality, while also questioning his integrity regarding a political report.",,
48792,img/48792.png,0,leaving a trail of death and destruction,0.8,1,hateful,"The meme features an image of Adolf Hitler, a historical figure associated with genocide and hate speech, combined with the text 'leaving a trail of death and destruction'. This pairing evokes the pain and suffering caused by historical atrocities and antisemitism, fitting the criteria for historical hate.",,
95173,img/95173.png,0,take the third reich and then the first left?,0.65,1,hateful,"The meme uses a picture of Adolf Hitler to make a pun suggesting he should 'take the first left'. This trivializes the atrocities of the Third Reich and the Holocaust by treating the historical figure as the subject of a trivial navigational joke, which evokes pain related to historical figures and genocide.",,
56413,img/56413.png,1,feeling cute might shoot a darkie later idk,1.0,1,hateful,The meme uses the racial slur 'darkie' to attack people based on race and includes a threat of lethal violence ('shoot') directed at this group. This constitutes a direct incitement to violence and racial hatred.,,
52104,img/52104.png,0,"lebanon: before islam after islam but don't worry! after islam takes over, there'll be a golden age... apparently",0.85,1,hateful,"The meme juxtaposes images of Lebanon with religious labels ('before islam' vs 'after islam') and uses sarcasm to attack the religion of Islam. The text implies that Islam has a history of destroying civilizations and that any future success ('golden age') is a lie or illusion. This constitutes an attack on people based on religion, framing the religion as inherently destructive and deceptive, which fits the definition of hate speech through statements of inferiority and attacking religious groups.",,
75142,img/75142.png,0,"you should treat that the way you treat your vacuum cleaner, when it stops sucking change the bag",0.0,0,non-hateful,"The meme depicts a Roomba vacuum cleaner unable to clean up popcorn on the floor, with text advising to treat the subject like a vacuum cleaner that needs a bag change when it 'stops sucking.' While the text contains a sexual double entendre, it does not attack any protected group based on characteristics such as race, religion, gender, or disability. It does not promote violence, dehumanization, or exclusion against people.",,
82590,img/82590.png,1,burning them was a great public service,1.0,1,hateful,"The image depicts emaciated survivors of Nazi concentration camps, representing victims of the Holocaust and antisemitic genocide. The text 'burning them was a great public service' explicitly endorses the mass murder and extermination of these individuals (Jewish people and other persecuted groups) as a beneficial act. This constitutes hate speech by directly celebrating genocide and expressing support for the killing of people based on their ethnicity and religion.",,
83045,img/83045.png,1,"so much trash, we need a garbage collector",0.95,1,hateful,"The meme targets women (a protected characteristic based on sex/gender) using the dehumanizing term 'trash' and referring to them collectively as garbage, constituting hate speech that attacks people based on their gender.",,
29873,img/29873.png,1,who knew that this country is full of white trash,0.95,1,hateful,"The meme uses the racial slur and dehumanizing term 'white trash' in the text to attack a group based on race and class. By applying this term to the crowd shown in the image (predominantly white supporters), the text explicitly degrades them, fitting the definition of a statement of inferiority and dehumanizing speech.",,
13750,img/13750.png,0,wouldn't be the last time those people used the oven this way,0.15,0,non-hateful,"The meme depicts a woman struggling with a kitchen fire and uses the text 'wouldn't be the last time those people used the oven this way'. The phrase 'those people' acts as an exothermic distancing device, often implying a derogatory stereotype about a specific group's incompetence or dangerous nature (commonly applied to women or immigrants). While it leans on stereotypes to mock a group's behavior (implied inferiority/incompetence), it does not meet the threshold of the calibration examples which involve direct slurs, incitement to violence, or severe dehumanization. It represents a lower-tier stereotype or sexist implication rather than explicit hate speech defined in the prompt.",,
68257,img/68257.png,0,everyone is afraid of dark,0.0,0,non-hateful,"The image depicts a dark street scene with a hotel sign, and the text states 'everyone is afraid of dark'. The content expresses a general observation or sentiment about darkness and fear, with no attack on any protected group based on characteristics like race, religion, or gender.",,
85761,img/85761.png,1,no wonder why the pipes are not working,0.0,0,non-hateful,"The image displays a beach scene with a pipe, and the text 'no wonder why the pipes are not working' is a comment on infrastructure or construction issues. There is no attack on any protected group, nor does it contain dehumanizing language or hate speech.",,
68253,img/68253.png,1,free blanket maybe white man not so bad after all,0.75,1,hateful,"The meme depicts a dog wearing an Native American headdress, appropriating Indigenous cultural symbols for comedic effect. The text 'maybe white man not so bad after all' employs the 'noble savage' trope and reinforces the 'white man as savior' narrative, which trivializes the colonial history of oppression and genocide against Indigenous peoples. This aligns with culturally-coded and historical hate by mocking Indigenous identity and celebrating colonial dynamics.",,
69512,img/69512.png,0,happy birthday you sexy beast,0.01,0,non-hateful,"The image features musician Weird Al Yankovic in a costume with birthday wishes. The text and image together create a humorous meme without targeting any protected group based on ethnicity, race, gender, or other characteristics defined in the hate speech policy.",,
93051,img/93051.png,0,and for my next class project!,0.0,0,non-hateful,"The meme features four children looking at a solar system model with the text 'and for my next class project!'. The content is educational and positive, focusing on children's learning. It contains no hate speech, slurs, or attacks based on any protected characteristics.",,
19530,img/19530.png,1,they shot the wrong gorilla,0.98,1,hateful,"The meme compares Michelle Obama to a gorilla. Associating Black people with apes or gorillas is a dehumanizing historical racial slur used to attack Black people based on race, implying inferiority and non-human status.",,
85679,img/85679.png,1,mr obama it is an honor,0.99,1,hateful,"The meme features a monkey kissing a woman's cheek, with text labeling the monkey 'mr obama' and the woman saying 'it is an honor.' This is a direct attack based on race, using dehumanizing imagery to imply racial inferiority (likening an African American person to an ape). It falls under the category of explicit hate speech defined as violent or dehumanizing speech.",,
51807,img/51807.png,0,are you a boy or a girl i'm non binary,0.01,0,non-hateful,"The meme features a person with short hair who appears gender-neutral, with text stating 'i'm non binary'. This is a straightforward self-identification of gender identity. It does not attack, dehumanize, or express inferiority towards any group. It is not hateful.",,
18742,img/18742.png,0,i'm proud of it! come at me!,0.01,0,non-hateful,"The image depicts a person wearing a t-shirt identifying as a feminist, with text expressing pride in that identity and challenging critics. This is an expression of support for a social movement advocating for gender equality, not an attack on any protected group based on characteristics like race, religion, or gender identity. It does not contain slurs, calls for violence, or dehumanizing language.",,
76921,img/76921.png,1,she probably asked a wrong question,0.02,0,non-hateful,"The meme depicts a common 'domestic violence' or 'anger issues' trope. While the image shows a physical altercation, the text attributes the cause to 'asking a wrong question' rather than attacking the woman based on protected characteristics like gender, race, or religion. It does not contain slurs, stereotypes, or dehumanizing language defined in the hate speech criteria; it is a general joke about relationship conflict.",,
51607,img/51607.png,1,49 people were killed at christchurch muslim 49 people were killed at christchurch mosques muslim,0.8,1,hateful,"The meme juxtaposes two reactions to the same event (the Christchurch mosque shootings) with contradictory wording: the top panel omits 'mosques' to portray the Muslim as happy about the death toll, while the bottom panel includes 'mosques' to portray the Muslim as sad. This implies that the Muslim identity is solely defined by the tragedy affecting that specific group, trivializing the mass murder of 49 people into a reaction test based on religious identity. It attacks Muslims by dehumanizing their grief and implies that their happiness is predicated on whether the victims share their religion, effectively mocking the victims of a hate crime.",,
26439,img/26439.png,0,parental opioid use has negative effect on children's intelligence,0.85,1,hateful,"The meme uses a visual of white powder (strongly implied to be heroin/opioids) combined with text claiming parental opioid use negatively affects children's intelligence. The punchline relies on the trope that children of drug users are 'stupid' or have cognitive impairments. This promotes the dehumanization and stigmatization of individuals with substance use disorders and their children, implying inferiority based on disease/condition.",,
97305,img/97305.png,1,when your wife just died giving birth to your daughter and you're alone in the room with your naked just born daughter,0.6,1,hateful,"The meme depicts a man in Arab attire celebrating (implied to be about the gender of the baby) while the text claims his wife died giving birth to the daughter. This uses a stereotypical trope mocking Arab men's preference for sons (son preference). By trivializing the death of a woman to punch a joke about misogyny within a specific culture, it attacks a group based on ethnicity and nationality, reinforcing sexist and racial stereotypes.",,
12650,img/12650.png,1,which one has tranny problems?,0.98,1,hateful,"The meme contains text asking 'which one has tranny problems?' using a derogatory slur ('tranny') targeting transgender people. By asking which person in the image has 'problems' related to being transgender, it implies that gender identity is a pathology or deficiency. This attacks individuals based on gender identity, fitting the definition of hate speech.",,
50241,img/50241.png,1,"bitches be like no weave, no makeup, no lashes, no eyebrows",0.85,1,hateful,"The meme uses a 'bitches' caption to mock women's cosmetic habits (wigs, makeup, lashes), relying on gendered stereotypes and derogatory slurs to express contempt for women. This aligns with implicit hate through humor format normalizing sexism.",,
82509,img/82509.png,0,72 virgins are ready to get fucked up,0.92,1,hateful,"The image depicts women at a fashion event. The text '72 virgins are ready to get fucked up' employs sexually aggressive language ('fucked up') and the term 'virgins' in a context that sexualizes and objectifies the women. This constitutes dehumanizing speech based on sex, reducing the women to sexual objects available for assault or degradation.",,
74350,img/74350.png,1,a head diaper is required when you have shit for brains,0.95,1,hateful,"The meme uses a dehumanizing insult ('shit for brains') and mocks a woman's headwrap by calling it a 'head diaper,' attacking her based on race or religion through derogatory language and humiliation.",,
91763,img/91763.png,1,imagine being so disgusting there have to be laws to try to stop normal people from hating you,0.95,1,hateful,"The meme features an image of a Jewish man, indicated by the kippah (yarmulke) on his head. The text expresses a desire for laws to stop people from 'hating' him. This is a reference to antisemitic conspiracy theories, specifically the trope of 'Jewish control of the law' or 'legislating morality,' and ironically complains of being hated while embodying the stereotype of a group that is often the target of antisemitic hatred. It reinforces the stereotype that Jewish people are disliked or 'disgusting' and implies they manipulate legal systems to protect themselves, attacking people based on their religion and ethnicity.",,
6352,img/06352.png,0,"and then i asked mom, can we go play?",0.0,0,non-hateful,"The meme shows a young boy asking to go play. The text and image express a common childhood desire to play outside and do not target any individual or group based on protected characteristics such as race, religion, or gender. It contains no hateful language or imagery.",,
