id,img,label_true,text,prob_pred,label_pred,classification,description,modality_type,error
57823,img/57823.png,0,"bitches be like no weave, no makeup, no lashes, no eyebrows & no filter. all natural",0.1,0,non-hateful,"The meme uses the term 'bitches' and critiques the behavior of women claiming to be 'all natural' while likely using beauty enhancements. While the language is vulgar and the sentiment is derogatory towards a gender group, it functions as a critique of perceived hypocrisy and vanity rather than an attack on women as a protected class. It does not dehumanize, threaten, or call for exclusion, nor does it attack based on intrinsic characteristics.",,
80947,img/80947.png,1,my new muslim girlfriend not much to look at,0.9,1,hateful,"The meme compares a 'Muslim girlfriend' to a large black plastic bag covered in an opaque tarp. This relies on and reinforces the harmful stereotype that Muslim women are entirely covered or faceless, dehumanizing the subject by reducing her to a shapeless object. The phrase 'not much to look at' disparages the individual based on their religious dress or identity.",,
30145,img/30145.png,0,"before my presidency, there was no isis. there was no caliphate there was no blm. there was no antifa. there was no war on police i built that",0.15,0,non-hateful,"The meme uses the 'I built that' format to satirically accuse a political figure of creating various geopolitical organizations and domestic social movements. While the text mentions groups like BLM and Antifa, the content consists of political commentary and satire rather than direct attacks, dehumanizing speech, or calls for violence or segregation against a protected group based on identity.",,
80243,img/80243.png,1,mississippi wind chime,1.0,1,hateful,"The meme juxtaposes a historical image of a lynching with the phrase 'mississippi wind chime,' which is a known antisemitic dog whistle used to equate Jewish people with lynching victims. This content trivializes racial terror and uses dehumanizing language to attack Jewish people.",,
3217,img/03217.png,0,"they are like sperm you get millions, but only one works",0.02,0,non-hateful,"The meme uses a crude biological comparison involving sperm to describe the abundance of ideas versus the scarcity of success. While the content is vulgar and the system labeled it as offensive, it does not attack, dehumanize, or threaten any individual or group based on protected characteristics such as race, religion, or sexual orientation. The humor targets the abstract concept of brainstorming rather than a specific person or demographic.",,
9715,img/09715.png,1,i started a business that sells landmines disguised as prayer mats.. ..prophets are going through the roof,1.0,1,hateful,"The meme contains text that explicitly describes selling landmines disguised as prayer mats, a practice associated with Muslim religious rituals. This constitutes a direct call for violence and physical harm against adherents of a specific religion. It attacks a protected group based on religion by framing their worship tools as delivery mechanisms for lethal weapons.",,
52079,img/52079.png,0,just bought a house! now we're house-poor,0.01,0,non-hateful,"The meme is a humorous commentary on the financial consequences of buying a home, depicting a happy couple. It does not attack or target any protected groups based on the definition of hate speech.",,
9467,img/09467.png,1,when mom asks where all the jews went,0.99,1,hateful,"The meme features Adolf Hitler and Benito Mussolini and poses the question 'where all the jews went', making light of the Holocaust. By using the leaders responsible for the genocide and asking where the victims went, the content trivializes and mocks the systematic extermination of Jewish people, constituting a hateful attack based on religion and ethnicity.",,
84756,img/84756.png,1,when you ask the kid that misses class a lot why he is bald and he starts crying all right. then keep vour secrets,0.01,0,non-hateful,"The meme uses sarcasm to make a joke about a student who misses class and is bald, utilizing a popular pop culture image. While it is slightly mocking regarding school attendance and physical appearance, it does not target a protected group based on race, religion, disability, or other protected characteristics defined in the hatefulness policy.",,
38914,img/38914.png,0,cotton candy is what makes the theme park wonderful,0.01,0,non-hateful,"The meme features a positive image of a child enjoying cotton candy at a theme park with text expressing a joyful opinion about theme parks. There is no language or imagery that attacks, dehumanizes, or targets any protected group.",,
50198,img/50198.png,0,you don't need cocaine to be happy,0.98,1,hateful,"The meme juxtaposes an image of drug lines with a person with Down syndrome to deliver a message about happiness. This association implies that the individual with Down syndrome is a substitute for the drug or is in an altered state, effectively dehumanizing them and equating their disability with substance abuse. This attacks a protected group based on disability.",,
78612,img/78612.png,0,go see fifty shades darker in theaters alone and throw mayonnaise at couples in the dark,0.01,0,non-hateful,"The meme suggests a disruptive prank (throwing mayonnaise) at couples in a movie theater. While the text implies antagonism toward couples, 'couples' do not constitute a protected group based on characteristics like race, religion, or sexual orientation. The content is vulgar and promotes harassment, but it does not meet the definition of hate speech provided.",,
54206,img/54206.png,0,you can smell disgust and hate from this photo,0.01,0,non-hateful,"The meme uses an image depicting the historical torture and execution of prisoners in a concentration camp. The text 'you can smell disgust and hate' expresses a visceral reaction of revulsion to the scene. This content serves as a condemnation of the violence and inhumanity shown, rather than an attack on or promotion of hatred toward any specific group. It falls under educational or empathetic historical reflection.",,
65403,img/65403.png,1,money is evil give it to us,0.05,0,non-hateful,"The meme utilizes sarcasm and irony to criticize the hypocrisy of religious institutions regarding wealth. While the sentiment is negative and mocking towards the subjects, it constitutes political or social commentary rather than a direct attack, dehumanization, or call for exclusion based on the protected characteristic of religion.",,
86170,img/86170.png,1,how to keep the thefts out,0.98,1,hateful,"The meme features Ku Klux Klan imagery, a group defined by white supremacy and racial terror, combined with the phrase 'how to keep the thefts out.' This phrasing utilizes a common white supremacist euphemism (conflating 'theft' with 'theft of white space' or misdirecting blame for crime onto minorities) to imply that racial exclusion is a form of security or justice. It promotes segregation and attacks marginalized groups based on race.",,
37420,img/37420.png,0,like lebanon terrorism can destroy a beautiful country,0.95,1,hateful,"The meme explicitly links the nationality of Lebanon to 'terrorism' and depicts scenes of violence and destruction, effectively demonizing the identity group by reducing the country's existence to the label of terrorism.",,
85237,img/85237.png,0,these are all the weapons that were seized from isis,0.01,0,non-hateful,"The meme depicts seized weapons from a terrorist organization (ISIS). The text and image describe a military counter-terrorism operation. It does not attack, dehumanize, or promote harm against any group based on protected characteristics such as race, religion, or nationality.",,
83264,img/83264.png,1,randomly deciding to bake something,0.1,0,non-hateful,"The meme juxtaposes a photo of Adolf Hitler with text about baking. The humor is derived from the historical stereotype of Hitler as a failed artist, which is then subverted by the absurdity of applying that skill deficit to cooking. It does not express support for Nazism, nor does it target or dehumanize any ethnic, religious, or marginalized group. Unlike the provided hateful examples which actively promote hate speech or dehumanization, this meme uses historical imagery solely for self-referential humor regarding Hitler himself.",,
6582,img/06582.png,1,they are terrorists anyone who doesn't agree is an idiot,0.98,1,hateful,"The meme contains text that labels the group of men praying in the image as 'terrorists' and insults those who disagree as 'idiots'. This attacks the group based on their religion by making a sweeping, dehumanizing generalization associating their religious practice with terrorism.",,
13026,img/13026.png,1,under the name of multiculturalism we let terrorist into this country,1.0,1,hateful,"The meme uses the image of a woman wearing a hijab to make a generalized attack on immigrants and religious minorities. By linking the concept of 'multiculturalism' directly to allowing 'terrorists' into the country, it promotes the harmful and discriminatory stereotype that people of this faith and ethnic background are inherently dangerous or criminal.",,
59206,img/59206.png,0,traveling through chimney,0.0,0,non-hateful,The meme is a visual pun labeling a Santa Claus parade float as a 'chimney'. It contains no attacks on protected groups and relies on playful humor.,,
63827,img/63827.png,1,teacher of the year for black community,1.0,1,hateful,"The meme depicts a hangman's noose hanging from a tree, accompanied by text referencing the Black community. This constitutes a direct violent attack on a racial group by invoking the historical imagery of lynching and racial terror.",,
13809,img/13809.png,1,doing o's with the smoke,0.98,1,hateful,"The meme uses an image of the crematoria at Auschwitz-Birkenau combined with the phrase 'doing o's with the smoke'. 'Doing O's' is slang for performing oral sex, so the text implies a sexual act with the smoke (human ashes) from the gas chambers. This trivializes the Holocaust and sexualizes the genocide of Jews and other groups, constituting severe disrespect and evoking pain from historical figures of the genocide.",,
98543,img/98543.png,1,upper downer,0.98,1,hateful,"The meme makes a pun using the word 'downer' labeled on a man with Down syndrome, targeting a person based on their disability. This constitutes an attack based on a protected characteristic (disability).",,
17028,img/17028.png,1,"feeling bored, let's go to a mosque",0.95,1,hateful,"The meme utilizes a visual pun to convey a message of violence against Muslims. While the text reads 'let's go to a mosque', the image features a character loading a shotgun, which phonetically suggests the phrase 'let's go shoot some Muslims'. This combines with the affective label 'very offensive' to indicate a hate speech intent targeting a religious protected group through a threat of violence.",,
91756,img/91756.png,1,abnormal vs normal,0.98,1,hateful,"The meme uses the text 'abnormal vs normal' to label the woman wearing a hijab as 'abnormal' while designating the other woman as 'normal.' This framing creates a binary that stigmatizes and marginalizes a specific religious group, implying their appearance or practice deviates from the acceptable standard, which constitutes hate speech.",,
3567,img/03567.png,1,potato is my favorite color of the alphabet,0.0,0,non-hateful,"The meme features the 'Good Guy Greg' template with text expressing a silly, absurdist preference for 'potato' as a color. The content is lighthearted humor and does not contain any attacks, slurs, or dehumanizing language targeting protected groups.",,
12045,img/12045.png,0,learn to hunt. it's a valuable skill,0.0,0,non-hateful,"The meme encourages a person to learn hunting as a valuable skill. It does not attack, dehumanize, or target any group based on protected characteristics.",,
53046,img/53046.png,1,"you've heard of elf on a shelf, now get ready for",0.99,1,non-hateful,"The image shows a father and son posing with Disney characters Tigger and Winnie the Pooh. The text uses a playful pun on the phrase 'elf on a shelf'. The content is wholesome and family-oriented, containing no attacks, stereotypes, or dehumanizing language against any protected group.",,
52394,img/52394.png,0,i forgot what are we fighting over again?,0.05,0,non-hateful,"The meme depicts a violent, blood-covered melee (likely from the film Ghatak) with text that sarcastically questions the reason for the fighting. While the content is highly offensive due to graphic violence and gore, the humor derives from the absurdity of the situation rather than an attack on a protected group. There are no identifiable targets based on race, religion, nationality, or other characteristics, and the text does not promote hatred against any specific demographic.",,
63175,img/63175.png,0,"if i was uncircumcised i'd hide candy in my dick skin so when a girl about to suck me up, she has a pleasant surprise.. oh my god, skittles",0.01,0,non-hateful,"The meme utilizes crude sexual humor involving genitalia and an unexpected object (candy). While explicit and slightly offensive, it does not attack, dehumanize, or target individuals based on any protected characteristics such as race, religion, gender, or sexual orientation. It falls under general culture humor and does not meet the definition of hate speech.",,
62970,img/62970.png,0,if you want to know how they were treated illustration of man with four slaves chained together,0.9,1,hateful,"The meme depicts the brutal practice of chattel slavery and racial oppression, explicitly referencing how enslaved Black people were treated. It evokes pain from historical figures and attacks a group based on race and the historical institution of slavery.",,
45062,img/45062.png,0,me and my kids are going to rob this country blind at the expense of the very people that voted for me. and they're going to love it. believe me! bigly!,0.95,1,non-hateful,"The meme utilizes a caricature of Donald Trump to express a political opinion about corruption and the actions of his supporters. While the sentiment is negative and the content is offensive, it targets a public figure and a political group rather than attacking individuals based on protected characteristics such as race, religion, ethnicity, gender, or disability. Therefore, it does not meet the criteria for hate speech.",,
18356,img/18356.png,0,i took a shower this morning,0.01,0,non-hateful,"The meme features historical Nazi figures (Hitler and Mussolini) but uses the caption 'i took a shower this morning' to create a joke about hygiene. It does not contain dehumanizing language, hate speech, or content that attacks any group based on protected characteristics.",,
62375,img/62375.png,1,im not saying i'm racist im just saying all muslims are terrorists,1.0,1,hateful,"The meme promotes a harmful generalization and stereotype targeting a protected religious group, explicitly stating that 'all muslims are terrorists'. This aligns with the definition of hate speech as it attacks people based on religion by associating the entire group with terrorism.",,
32579,img/32579.png,0,come to the dark side we have weed,0.01,0,non-hateful,"The meme uses pop culture imagery and references to make a joke about drug use. It does not target or attack any protected group based on ethnicity, religion, gender, or other characteristics.",,
1742,img/01742.png,0,in just one hour from now i'll only have 4 hours left until i have to work a mere 3 hours,0.01,0,non-hateful,The meme humorously expresses relief at the end of the work week. It targets a general audience of office workers and does not attack any protected group.,,
69815,img/69815.png,1,thank you for allowing me into your country now we need to talk about the things that need to change around here to accommodate my beliefs,0.95,1,hateful,"The meme targets an individual based on ethnicity, religion, and immigration status by utilizing a stereotypical image and text that promotes the dehumanizing idea that immigrants refuse to integrate and demand excessive accommodation. It attacks the group by characterizing them as ungrateful and entitled.",,
7198,img/07198.png,1,islam is a religion of peace stop criticizing my religion,0.1,0,non-hateful,"The meme employs heavy sarcasm to challenge the narrative that Islam is a religion of peace by juxtaposing the text with an image of weaponry and soldiers. While the content is critical of the religion and politically charged, it expresses a negative opinion and contradiction rather than directly attacking or dehumanizing the people of the religion. It does not meet the criteria for hate speech which requires attacking protected groups.",,
83675,img/83675.png,0,i'm gonna be like phelps one day,0.01,0,non-hateful,"The meme features a swimmer with text stating an aspiration to be like Michael Phelps. This is a motivational and positive statement expressing a personal goal, containing no attacks, stereotypes, or derogatory language towards any protected group.",,
95604,img/95604.png,1,"they want to be accepted for who they are, yet theren't able to accept themselves for who they are",0.01,0,non-hateful,"The meme features a drag queen expressing a sentiment about the struggle with self-acceptance versus external validation. It does not attack, demean, or stereotype any protected group, nor does it contain hateful language or imagery.",,
61085,img/61085.png,0,upper downer,0.01,0,non-hateful,"The meme is a visual pun playing on the slang terms 'upper' (stimulant) and 'downer' (depressant/sleep aid) by showing lines of drugs versus a box of NyQuil. It does not attack, dehumanize, or target individuals or groups based on any protected characteristics.",,
19385,img/19385.png,0,rose's are red violet's are blue little stupid ass bitch i ain't fuckin witchu,0.0,0,non-hateful,"The meme uses a well-known nursery rhyme format for comedic contrast, ending with a profane insult. While the language is offensive and aggressive, it is directed at a generic individual and does not target any group based on protected characteristics like race, religion, gender, or disability.",,
8291,img/08291.png,1,white people is this a shooting range,0.95,1,hateful,"The meme superimposes the text 'white people is this a shooting range' over an image of Black children eating fruit. This invokes the violent imagery of school shootings and racial massacres (such as the Charleston church shooting or Newtown), implying a setting of lethal danger targeting Black individuals. It is an indirect attack on the safety and well-being of the depicted group, linking their presence to gun violence and dehumanizing stereotypes associated with being targets of shootings.",,
24316,img/24316.png,1,sharks don't attack him why? they think it's whale shit,0.98,1,hateful,"The meme uses a child's image to deliver a punchline comparing them to 'whale shit'. This constitutes a dehumanizing attack that equates a human being with excrement, violating the definition of hateful speech by promoting inferiority and degradation.",,
2157,img/02157.png,1,"mohammed i'm pregnant.... don't sass me, you know it's funny! ~cupcakes",0.98,1,hateful,"The meme utilizes a religious figure's name in conjunction with a crude sexual joke involving a male animal claiming pregnancy. This is a mockery of the Prophet Mohammed, which constitutes hate speech based on religion by ridiculing and demeaning a central religious figure.",,
43698,img/43698.png,0,don't be late for work get the protestor plow,0.95,1,hateful,"The meme depicts a truck fitted with a plow, labeled 'TRUMP,' alongside text that reads 'get the protestor plow.' This content promotes violence and physical harm against protesters. Since protesters constitute a group defined by their civic engagement and expression of dissent (a protected activity and proxy for political belief), the meme endorses harm against this group.",,
75286,img/75286.png,1,look at this sandwich maker club i found on wish on clearance,0.99,1,non-hateful,"The image features a woman making a sandwich with text recommending a 'sandwich maker' found on clearance. The content is a standard product recommendation and contains no attacks, derogatory language, or references to protected groups.",,
21567,img/21567.png,1,our dad is a potato farmer,0.0,0,non-hateful,"The meme features two individuals with Down syndrome laughing together, accompanied by the text 'our dad is a potato farmer.' There is no hate speech, dehumanizing language, or attack on protected characteristics in the image or text. The content appears to be a non-sequitur caption or a simple statement rather than a stereotype or insult.",,
32691,img/32691.png,1,this is how muslims celebrate new year,1.0,1,hateful,"The meme uses imagery of the September 11 attacks to falsely and maliciously associate the Muslim religion with mass violence and terrorism. By labeling the destruction and loss of life as a way Muslims 'celebrate new year,' it dehumanizes the group and promotes a harmful stereotype linking a protected religious group to horrific atrocities.",,
19075,img/19075.png,0,when you smell cake,0.01,0,non-hateful,"The meme uses a visual pun involving a long nose to humorously depict the experience of smelling cake, referencing the character Pinocchio. It targets a general relatable scenario regarding food and does not attack or target any protected group.",,
68127,img/68127.png,0,all you guys think about is dope,0.02,0,non-hateful,"The meme uses the 'Sneezing Scientist' format to make a humorous generalization that men only think about drugs. While it relies on a gender stereotype, it does not attack, dehumanize, or threaten men, nor does it endorse harm against them. It is a non-hateful social commentary/joke.",,
84107,img/84107.png,0,i ordered a dishwasher and they sent me a sandwich maker,0.01,0,non-hateful,The meme relies on visual irony to describe a humorous shopping error where a dishwasher was replaced by a sandwich maker. It does not contain any content targeting protected groups or promoting hate speech.,,
2568,img/02568.png,1,whatsthe difference between heroin and i? cops think twice before shooting heroin,0.9,1,hateful,"The meme satirizes police brutality and systemic racism, which disproportionately affects black people. By framing police violence as a drug to be injected, it dehumanizes the victims and makes light of the harm inflicted upon this protected group.",,
2634,img/02634.png,1,and just like that... this sandwich maker doubles as an ironing board,0.001,0,non-hateful,"The meme makes a humorous, absurd comparison of a woman sunbathing to an ironing board. It targets the situation and the heat of the sun rather than a specific person or protected group, containing no hate speech or dehumanizing language.",,
39827,img/39827.png,1,kick them out of country,0.95,1,hateful,"The meme contains text stating 'kick them out of country', which acts as a direct call for the exclusion and segregation of a group of people. Combined with the image of the distressed crowd, this promotes hostility and exclusion against a group, fulfilling the criteria for hate speech.",,
1925,img/01925.png,1,i am not racist i just don't like brown sugar,0.15,0,non-hateful,"The meme utilizes a pun connecting the term 'brown sugar' to racial identity. However, it does not contain direct attacks, dehumanizing language, threats, or statements of inferiority targeting a protected group. It frames the concept of prejudice through wordplay rather than endorsing harm or exclusion.",,
97132,img/97132.png,0,in the muslim world all gay men are well hung,0.15,0,non-hateful,"The meme reinforces a sexual stereotype regarding the intersection of Muslim men and gay men. While it creates a positive sentiment by complimenting 'sexual endowment', the content relies on reducing the group to a crude biological function, which constitutes objectification. However, it does not contain violent or dehumanizing attacks, nor does it express hatred or calls for exclusion based on the protected characteristics mentioned.",,
35719,img/35719.png,0,jamal is practicing for class sport,0.01,0,non-hateful,"The image depicts a boy playing soccer with a caption stating he is practicing for class sport. The content focuses on dedication to sports and does not contain any attacks, stereotypes, or dehumanizing language directed at any protected group.",,
5279,img/05279.png,1,"knowing white people , that's probably the baby father",0.8,1,hateful,"The meme uses text that implies a negative or derogatory assumption about a specific racial group regarding their fertility or relationship choices, which constitutes a hateful stereotype targeting people based on race.",,
48296,img/48296.png,1,when you date an asian boy and you trynna get his family to accept you,0.05,0,non-hateful,"The meme uses a lighthearted scenario involving a dog to reference cultural tropes about the strictness of Asian families or the difficulty of meeting parents. While it relies on a racial stereotype, it does not attack, dehumanize, or express hatred against the group. The tone is humorous and relatable rather than malicious.",,
67208,img/67208.png,0,does nike also sell stones in case they take it off?,0.99,1,non-hateful,"The meme makes a sarcastic joke about the name 'Nike Air' implying the shoes contain nothing but air. It targets a commercial brand and does not attack, dehumanize, or threaten any group based on protected characteristics.",,
30586,img/30586.png,0,just can't get rid of the stain. this is why i hate beets,0.01,0,non-hateful,"The meme expresses frustration about a domestic chore and a dislike for a specific vegetable (beets). It does not target any protected group based on ethnicity, religion, gender, or other characteristics.",,
41728,img/41728.png,0,i believe they are like racism. just shouldn't exist,0.98,1,hateful,"The meme features an armed man holding the flag of ISIS, a group classified as a terrorist organization due to its extreme religious hatred and violence. The text states that the subject 'shouldn't exist', calling for the eradication or exclusion of the group depicted based on their identity.",,
63987,img/63987.png,0,the migrant caravan arrives!,0.01,0,non-hateful,"The meme features a photograph of migrants arriving at a border with descriptive text labeling the event as the 'migrant caravan arrives!'. The content serves as a literal caption for the visual scene and does not contain derogatory language, dehumanizing imagery, or calls for violence against the individuals shown.",,
43910,img/43910.png,1,i just started a company selling landmines that look like prayer mats prophets are going through the roof,0.98,1,hateful,"The meme depicts a satirical scenario where a man profits from selling landmines disguised as prayer mats, a religious artifact used by Muslims. By associating the faithful use of a sacred object with explosives and framing it as a lucrative business opportunity, the content promotes harm and dehumanizes the targeted religious group.",,
14865,img/14865.png,0,"terrible as hitler was, he did enjoy watching sports",0.95,1,hateful,"The meme uses an image of Adolf Hitler and Benito Mussolini alongside a trivializing caption ('he did enjoy watching sports') that seeks to humanize and normalize a genocidal dictator, fitting the criteria of trivializing or re-promoting historical hatred.",,
94185,img/94185.png,1,how a black woman can fight crime,0.95,1,hateful,"The meme targets Black women by employing a racial stereotype that links them to crime. It dehumanizes this demographic group by implying that abortion (and by extension, the act of terminating a pregnancy) is a method to prevent them from contributing to the crime rate, essentially framing Black women as the source of societal harm.",,
27498,img/27498.png,1,who's gonna make the sandwiches? what do we do with all these sandwiches?,0.01,0,non-hateful,"The meme uses a humorous template to contrast a party scene with a lesbian wedding, using wordplay about sandwiches. While it targets a specific sexual orientation (LGBTQ+), the intent is lighthearted and celebratory rather than attacking, dehumanizing, or degrading the group. There is no hateful language or imagery involved.",,
14975,img/14975.png,0,hitting is a crime. it's about time people understood that,0.01,0,non-hateful,"The meme features an image of a woman with facial injuries accompanied by text stating 'hitting is a crime. it's about time people understood that'. The content advocates against violence and domestic abuse. It does not attack, dehumanize, or target any protected group based on characteristics such as race, gender, or religion; instead, it promotes a stance against harmful behavior.",,
18367,img/18367.png,0,i love my slow cooker,0.99,1,non-hateful,"The image features a slow cooker filled with stew and the text 'I love my slow cooker.' The content is a benign, positive expression of appreciation for a kitchen appliance. It contains no attacks, dehumanizing language, or references to protected groups.",,
74250,img/74250.png,0,white kids kids dreaming about their first day of school,0.15,0,non-hateful,"The meme is non-hateful because it primarily depicts a common cultural experience (anxiety or anticipation for the first day of school) using a generic image of a child. While the caption contains a grammatical typo ('white kids kids') and could be interpreted by some as a 'dog whistle' reference to white supremacy or racism, it does not explicitly or implicitly meet the definition of hate speech by attacking, dehumanizing, or advocating harm against a protected group based on the provided text and image alone.",,
47183,img/47183.png,0,taking the liberals to a whole new level,0.15,0,non-hateful,"The meme features prominent politicians Ilhan Omar, Alexandria Ocasio-Cortez, and Rashida Tlaib. It uses the 'I am once again asking' template with the text 'taking the liberals to a whole new level.' While it targets political identity ('liberals') and implies criticism or mockery of these specific figures and their ideology, it does not constitute hate speech as it does not attack them based on protected characteristics (such as race, religion, or gender) nor does it employ dehumanizing language or call for harm/exclusion.",,
78134,img/78134.png,0,in other countries in pakistan,0.01,0,non-hateful,"The meme compares a stock photo of a couple in 'other countries' to a photo of the Pakistani cricket team celebrating their 1992 World Cup victory. The text 'in pakistan' implies that sports victories serve as a primary source of joy and national pride in Pakistan. This is a patriotic and humorous observation about cultural values, not an attack on or demeaning of any protected group.",,
16354,img/16354.png,1,we've taken this country! now fuck off! we're taking it back!,0.95,1,hateful,The meme explicitly attacks people based on religion and nationality by depicting a Muslim figure as an enemy to be driven out and advocating for violent reclamation of the country using a shotgun. It incites aggression and exclusion against a protected group.,,
58672,img/58672.png,1,did you know that the chinese eat dogs savages disgusting,0.98,1,hateful,The meme explicitly targets Chinese people using a derogatory stereotype regarding their eating habits and dehumanizing slurs such as 'savages' and 'disgusting'.,,
65342,img/65342.png,1,"barn army enlist, and bomb ant hills ""grab your pitchfork and meet at the barn""",0.98,1,hateful,"The meme combines an image of a military missile with a depiction of Muslim pilgrims in Mecca. The text explicitly calls for 'bombing ant hills' in the top section and 'grab your pitchfork' in the bottom, equating religious adherents with pests and inciting violence against a specific religious group based on their identity.",,
61349,img/61349.png,1,the proper way to pop a blackhead,0.85,1,hateful,"The meme features two individuals boxing and uses the text 'the proper way to pop a blackhead' to make a crude joke implying that the Black man's face is a giant pimple being popped. While the image is violent, the juxtaposition of the visual and text creates a dehumanizing stereotype that reduces the Black subject to a bodily flaw to be punched, constituting a mockery based on race.",,
94560,img/94560.png,1,and for my next class project!,0.92,1,hateful,"The meme uses text and imagery to mock the subject's religious or ideological beliefs by framing their radical attire as a trivial school assignment. This constitutes mockery and ridicule of a specific identity group, satisfying the definition of hateful speech.",,
46920,img/46920.png,1,we want sharia law !! well.... go home,0.95,1,hateful,"The meme utilizes the exclusionary 'go home' slogan in response to a pro-Sharia demonstration. This constitutes a call for segregation and exclusion based on religion and ethnicity, targeting Muslim individuals or those perceived as immigrants, which violates the definition of hate speech by advocating for exclusion based on protected characteristics.",,
61503,img/61503.png,0,someone else used kids to push an agenda,0.9,1,hateful,"The meme juxtaposes an image of Adolf Hitler with a child against the caption 'someone else used kids to push an agenda.' By attributing a cynical, manipulative motive to a historical figure responsible for genocide and totalitarianism, the meme engages in the trivialization and revisionist framing of Nazi ideology. It uses a figure associated with the systematic extermination of millions to advance a narrative that aligns with the dehumanizing 'agendas' typical of hate speech, echoing the patterns of historical revisionism found in the hateful examples.",,
53172,img/53172.png,0,straight outta the oven step one :turn on the gas,0.01,0,non-hateful,"The meme uses the 'Straight Outta [X]' template for comedic effect, featuring a chef and a trivial instruction to 'turn on the gas'. The content is focused on everyday kitchen humor and does not target any protected group, nor does it contain dehumanizing or hateful language.",,
89536,img/89536.png,0,so many lives lost because of this man,0.95,1,hateful,"The meme depicts Adolf Hitler, the central figure of the Holocaust and Nazi regime, while referencing the massive loss of life associated with his rule. By framing these mass atrocities as the sole fault of a single individual, the meme trivializes the systematic genocide and war crimes committed against specific groups (including Jewish people, Roma, disabled persons, and others). This aligns with Example 6 and 3, where minimizing or mischaracterizing genocide serves to diminish the suffering of targeted groups and absolves the broader ideology that fueled the extermination.",,
67082,img/67082.png,0,"""1st day of 4th grade sandy hook elementary school""",0.9,1,hateful,The image shows children in a school setting with text referencing 'Sandy Hook Elementary School' and '1st day of 4th grade'. This references a school shooting tragedy and likely mocks the victims by trivializing the event or mocking conspiracy theories (such as the fake 'first day' narrative) that deny the reality of the mass casualty event. Mocking a mass shooting or evoking pain from historical victims falls under the definition of hate speech.,,
47263,img/47263.png,1,pre-heat to 350 degrees,0.99,1,hateful,"The meme depicts a scene from a Nazi extermination camp, showing victims of the Holocaust being prepared for the crematoria. The caption 'pre-heat to 350 degrees' trivializes the genocide by applying a mundane domestic cooking instruction to the systematic mass murder of people. This constitutes a direct attack on Jewish people and other Holocaust victims by mocking and glorifying their extermination.",,
10285,img/10285.png,1,you are what you eat meanwhile in africa,0.85,1,hateful,"The meme uses the word 'eat' to make a dark joke about starvation in Africa. It trivializes a humanitarian crisis and relies on a harmful stereotype that Africa is synonymous with extreme poverty and lack of food, which constitutes a mockery of a specific geographical and demographic group.",,
39076,img/39076.png,0,playing with the monkeys in thailand,0.001,0,non-hateful,"The image shows a tourist smiling while holding a leash attached to a monkey, with the caption 'playing with the monkeys in thailand'. This depicts a travel scenario and does not contain any content that attacks, dehumanizes, or targets a protected group based on the provided definition.",,
27384,img/27384.png,0,that face you make when you're a bully and just got beat up by a girl,0.05,0,non-hateful,"The meme uses a photo of a male public figure with text calling him a 'bully' and depicting him as defeated by a 'girl'. While this is mocking and contains an insult, it targets a specific individual rather than a protected group. The reference to gender is used to describe the scenario rather than to attack women as a class, nor does it express hostility or dehumanization towards a protected characteristic.",,
92317,img/92317.png,0,"you either die a hero, or live long enough to become the villain",0.01,0,non-hateful,"The meme uses a famous movie quote as a caption for an image of individuals celebrating with a rainbow pride flag. The context is celebratory and humorous, likely referring to the concept of 'living out loud' or being fabulous rather than literal villainy. It does not target, demean, or attack any protected group.",,
49028,img/49028.png,0,i finally found my girlfriends g-spot turns out it was in her sister the whole time,0.1,0,non-hateful,"The meme uses a dirty joke involving a double entendre about finding a 'g-spot' to imply a sexual relationship with a sister. While the content is vulgar, sexually suggestive, and considered offensive due to the taboo nature of the punchline, it does not attack, dehumanize, or promote harm against any protected group (such as race, gender, religion, or sexual orientation). The humor targets social norms and relationships rather than identity groups.",,
3214,img/03214.png,0,bartender: how about a nice 12 yr old? him: boy or girl?,0.01,0,non-hateful,"The meme depicts a scenario of child sexual abuse and exploitation using a politician as a persona. While deeply disturbing, illegal, and highly offensive, it describes a criminal act rather than attacking a specific group based on protected characteristics like race, religion, gender identity, or ethnicity.",,
7653,img/07653.png,1,"in the last days there will be god hating scoffers, ridiculers, deniers and mockers following after their own lusts",0.95,1,hateful,"The meme combines an image of people celebrating Pride with text quoting 2 Peter 3:3, which describes 'god-hating scoffers, ridiculers, deniers, and mockers following after their own lusts.' By placing this derogatory scriptural language directly over an image of LGBTQ+ individuals, the meme implicitly equates sexual orientation and gender expression with 'lust' and characterizes the individuals as hateful scoffers. This constitutes an attack and stigmatization based on sexual orientation and gender identity.",,
62703,img/62703.png,0,they shot the wrong gorilla,0.01,0,non-hateful,"The meme displays a memorial for a gorilla with text that does not target any protected human group based on race, gender, nationality, or other characteristics. While the imagery is associated with internet controversies, it does not contain hate speech directed at people.",,
78914,img/78914.png,0,terrorist trojan horse enemy of the state,0.9,1,hateful,"The meme associates the label 'terrorist' with a historical symbol often linked to Trojan or Middle Eastern cultures, and combines it with 'enemy of the state' to dehumanize and delegitimize individuals based on nationality or ethnicity.",,
2783,img/02783.png,1,a picture of my great great great grand grandfather's tractors they don't make them like they used to,0.95,1,hateful,"The meme utilizes an illustration of enslaved people in chains to mock the institution of slavery by dehumanizing Black people into 'tractors' (tools for labor). This trivializes the atrocities of slavery and racial oppression, relying on racist caricatures to equate human suffering with mechanical efficiency.",,
2145,img/02145.png,0,"and then i asked mom, what's for dinner?",0.0,0,non-hateful,"The meme depicts a festive family dinner spread with a lighthearted caption expressing anticipation for food. There is no attack, dehumanization, or derogatory language targeting any protected group.",,
40982,img/40982.png,1,and just like that... this sandwich maker doubles as ironing board,0.05,0,non-hateful,"The meme features an image of a woman in a pose resembling an ironing board, paired with text jokingly calling her a 'sandwich maker' and 'ironing board'. While the affective analysis flags this as slightly offensive due to objectification, the content functions as absurd, random internet humor rather than an attack based on protected characteristics like race, religion, or gender identity. It does not meet the definition of hate speech by inciting violence, dehumanizing a protected group, or expressing hatred towards a specific demographic.",,
25061,img/25061.png,1,this is el paso shooter's father. every. single. time,0.95,1,hateful,"The meme displays a man holding a Persian-language newspaper (Karnameh) and wearing a kufi, while the text falsely claims he is the father of a mass shooter from the El Paso shooting. This creates a hateful association that scapegoats an individual based on apparent religion or ethnicity for a violent crime, promoting xenophobia and misinformation.",,
7528,img/07528.png,1,the latest and greatest. a truck that comes with a dishwasher!,0.15,0,non-hateful,"The meme contains offensive language and relies on sexist stereotypes regarding gender roles (trucks for men, dishwashers for women). However, it does not explicitly attack, dehumanize, or advocate for the exclusion of a protected group, nor does it incite violence or hatred.",,
24396,img/24396.png,1,"so like, why are men even gay? girls have buttholes too you know.",0.15,0,non-hateful,"The meme uses a crude sexual stereotype to demean gay men, implying their sexual orientation is based on a lack of logic or understanding of anatomy. While highly offensive and vulgar, it functions as shock humor rather than an attack that dehumanizes, threatens, or advocates for the exclusion of the LGBTQ+ community.",,
43175,img/43175.png,1,when was the last time you saw so many mentally ill people on the streat,0.95,1,hateful,"The meme targets a Pride parade, associating the participants (a protected group based on sexual orientation/gender identity) with mental illness, which constitutes a dehumanizing stereotype and derogatory attack.",,
34189,img/34189.png,0,fight for what you believe in fight for the future,0.01,0,non-hateful,"The meme features an image of a woman speaking passionately, accompanied by the text 'fight for what you believe in' and 'fight for the future.' The content is motivational and inspirational, encouraging civic engagement or activism. It does not attack, demean, or exclude any protected group based on race, gender, or other characteristics.",,
9863,img/09863.png,0,diverse group of women,0.01,0,non-hateful,"The meme features an image of a group of smiling women of different ethnicities wearing pink shirts, accompanied by the literal caption 'diverse group of women'. There is no evidence of attacks, dehumanization, or mockery of any protected group. The content is positive and inclusive.",,
52091,img/52091.png,1,"women ask for equal rights, so i give them equal lefts aswell",0.98,1,hateful,"The meme targets women based on their sex. It pairs an image of a battered woman with a pun that endorses domestic violence ('equal lefts') as a response to the request for equal rights, thereby condoning harm and violence against a protected group.",,
56241,img/56241.png,1,94% of them test positive for rh blood type which means they have monkey blood as a result they are born with a tail and other animal traits,0.95,1,hateful,"The meme utilizes pseudoscience to dehumanize people based on their blood type (Rh positive), falsely equating them with monkeys and claiming they are born with animal traits. This constitutes an attack on a specific group based on biological characteristics, employing dehumanizing language.",,
78659,img/78659.png,0,what a weird way to spell fat and single,0.95,1,non-hateful,"The meme uses wordplay involving fast food to create a pun on the words 'fast' and 'fat'. While it touches on body weight, it serves as a visual pun rather than a direct attack, dehumanization, or statement of inferiority targeting a protected group.",,
14389,img/14389.png,1,"democrats we're new, bold, and we hate you! alexandria ocasio-cortez rashida tlais ilhan omar ayanna pressley we hate whites, jews, christians, conservatives, republicans",1.0,1,hateful,"The meme explicitly expresses hatred towards multiple protected groups based on race (whites), religion (Jews, Christians), and political affiliation, which constitutes hate speech.",,
3519,img/03519.png,1,i'm going home i'm russian,0.98,1,hateful,"The meme uses the image of a pig alongside text claiming Russian nationality to dehumanize and insult a specific nationality, reinforcing negative stereotypes.",,
1726,img/01726.png,1,a real man loads the dishwasher every night,0.01,0,non-hateful,"The meme uses a lighthearted approach to encourage domestic equality by suggesting that loading the dishwasher is a 'real man' trait. It does not attack, dehumanize, or promote harm against any protected group.",,
34687,img/34687.png,1,everyone is afraid of dark,0.01,0,non-hateful,"The meme depicts two African American men in a car with the text 'everyone is afraid of dark'. While the caption plays on the physical color black (referencing the darkness of the night or the car's interior) and features subjects of a specific race, the statement 'everyone is afraid of dark' is a literal observation about the universal human fear of darkness. There is no attack, mockery, or statement of inferiority directed at any protected group. The juxtaposition does not dehumanize the individuals but rather makes a statement about the environment or the word 'dark' itself.",,
72061,img/72061.png,1,i like my rice crispy please,0.95,1,hateful,"The meme depicts various nuclear weapons, including the Manhattan Project 'Fat Man' bomb, with the text 'i like my rice crispy please'. This is a dark humor pun playing on the word 'rice' and the bomb's target (Hiroshima, Japan) or the bomb's nickname. It trivializes a historical atrocity (the atomic bombings) and evokes pain associated with the mass killing of a specific nationality (Japanese people).",,
28190,img/28190.png,1,when finishing a race is your passion,0.95,1,hateful,"The meme features prominent Nazi iconography, specifically Adolf Hitler and Benito Mussolini. While the text uses a dark humor caption about racing, the image depicts figures responsible for the Holocaust and World War II. In the context of the provided examples, depicting these figures in a non-condemnatory manner trivializes their historical crimes and promotes their legacy, falling under the category of glorification or trivialization of historical hatred.",,
26943,img/26943.png,1,my incesters built this country!!!!,0.05,0,non-hateful,"The meme uses the term 'incesters' as an insult directed at the subject. While 'incest' is a prohibited sexual act and often a subject of social taboo, the use of this slur in this context attacks an individual rather than a protected group based on ethnicity, race, religion, disability, or sexual orientation. It does not fit the definition of hate speech provided, which requires an attack on people based on specific protected characteristics or historical grievances.",,
91602,img/91602.png,0,upper downer,0.99,1,non-hateful,The meme is a visual pun using the terms 'upper' and 'downer' to label people ascending and descending stairs. It is purely comedic wordplay and does not target any protected group or convey hate speech.,,
6723,img/06723.png,1,the hardest part to eat in a vegetable,0.05,0,non-hateful,"The meme uses a wheelchair as a visual pun for the word 'vegetable' to make a joke about someone being in a vegetative state. While the content relies on the disability of the person in the wheelchair and makes light of serious medical conditions (being 'hard to eat'), it targets the individual's condition rather than attacking the protected group of people with disabilities as a whole. It does not meet the threshold of hate speech as it does not dehumanize, threaten, or call for exclusion based on the protected characteristic itself.",,
46087,img/46087.png,0,give that man a suicide,1.0,1,hateful,"The meme contains text explicitly wishing for a person's suicide ('give that man a suicide'), which constitutes a call for violence or severe harm. This satisfies the definition of an attack through violent speech.",,
83920,img/83920.png,1,"just under 17 and a half years ago, 19 people were allowed into the us who should not have been all these years later, we are told that the answer to safety is to allow everyone in",0.95,1,hateful,"The meme utilizes imagery of the 9/11 attacks to link the perpetrators with the concept of 'everyone' being allowed in, implying that immigrants pose a security threat and justifying exclusion based on immigration status.",,
84102,img/84102.png,0,the definition of utter disgust in plain black and white,0.99,1,non-hateful,The meme uses a visual pun based on a woman's exaggerated expression of disgust and the black-and-white color scheme of the photo. It is a humorous play on words rather than an attack on any protected group or individual.,,
92068,img/92068.png,0,still better than mexican,0.1,0,non-hateful,"The meme expresses a subjective preference for Hawaiian pizza over Mexican food. While it creates a negative comparison between two culinary styles associated with a nationality, it does not contain violent rhetoric, dehumanizing language, or attacks on people based on protected characteristics. It falls under the category of mild offense regarding cuisine rather than hate speech.",,
54129,img/54129.png,0,dump pipe to the ocean,0.0,0,non-hateful,"The meme depicts a pipe on a beach with text referencing environmental pollution or infrastructure. The content addresses ecological issues and does not attack, dehumanize, or threaten any group of people based on protected characteristics such as race, religion, or gender.",,
38076,img/38076.png,1,"""he's a squirter"" doesn't sound as sexy when you are gay",0.25,0,non-hateful,"The meme uses a crude pun related to sexual terminology to mock gay men. While it targets a protected group (sexual orientation) with rude and vulgar humor, it functions as a crude joke rather than an attack, dehumanizing statement, or call for exclusion that meets the definition of hate speech.",,
63921,img/63921.png,0,taking a photo with family,1.0,1,non-hateful,"The meme depicts a wholesome scene of a multi-generational group posing for a family photo with the caption 'taking a photo with family.' The sentiment is positive and celebratory, with no text or imagery that attacks, dehumanizes, or targets any protected group.",,
89425,img/89425.png,1,hello chocolate paradise princess i'm albert,0.02,0,non-hateful,"The meme depicts an awkward office interaction where a man introduces himself to a woman. The text 'hello chocolate paradise princess' appears to be a clumsy or inappropriate pickup line rather than a derogatory attack on a protected characteristic like race or gender. There is no clear dehumanizing language, threat, or endorsement of harm.",,
56428,img/56428.png,0,if the shocker don't rock her spock her,0.01,0,non-hateful,"The meme features a pun combining 'spock' (referencing the character) and 'sex' in a suggestive manner. It does not target any protected group based on ethnicity, religion, gender, or other characteristics, and lacks dehumanizing or hateful intent.",,
6273,img/06273.png,1,the jihad squad,0.98,1,hateful,"The meme labels the women pictured, several of whom are visibly Muslim, as 'the jihad squad,' using a derogatory term associated with violence to dehumanize them and attack their religious identity.",,
50379,img/50379.png,0,do you know how to turn your dishwasher into a snowblower? throw em a shovel,0.99,1,hateful,"The meme contains a visual pun where a snow shovel is placed inside a dishwasher. The text 'throw em a shovel' is a derogatory racial slur directed at African Americans, referencing the historical practice of burying Black victims of racial violence in shallow, unmarked graves. This constitutes a hate speech attack based on race.",,
59806,img/59806.png,0,"on tuesday, november 3, 2020, we make america great again  by voting this nightmare out of office!",0.02,0,non-hateful,"The meme expresses a strong negative sentiment towards a specific political figure, Donald Trump, labeling him a 'nightmare' and urging voters to remove him from office. This constitutes political criticism and disapproval of a public figure's candidacy. It does not contain hate speech as it does not attack a group based on protected characteristics such as race, ethnicity, religion, gender, or disability. Being offensive or highly negative towards a politician does not automatically classify the content as hateful under the provided definition.",,
59140,img/59140.png,1,wanna go masturbate? fuck yeah! masturbating!,0.95,1,non-hateful,"The meme is non-hateful because it utilizes gross-out humor and shock value rather than attacking a specific identity group. The juxtaposition of a child's innocent dialogue with explicit sexual language is intended to be vulgar and shocking (bait-and-switch), but it does not demean, dehumanize, or threaten a protected class based on race, disability, religion, or other criteria defined in the hate speech definition.",,
9563,img/09563.png,1,safe sex isis style,0.98,1,non-hateful,"The meme combines a random image of a goat with a sexual joke referencing a terrorist group (ISIS). While the content is highly offensive due to the trivialization of terrorism and the use of sexual slang, it does not constitute hate speech as it does not attack, dehumanize, or threaten people based on protected characteristics like race, religion, or nationality.",,
26985,img/26985.png,1,i just heard my girlfriend is pregnant,0.98,1,non-hateful,"The meme depicts a humorous reaction of running away upon hearing news of a pregnancy. It relies on the stereotype of a man wanting to avoid responsibility, but does not attack, dehumanize, or threaten any protected group based on characteristics like race, religion, or gender.",,
65832,img/65832.png,1,why love one but eat the other ? i don't get it,0.01,0,non-hateful,"The meme utilizes a standard humor template to question the arbitrary distinction humans make between pets and livestock. It features a confused child, a dog, and a pig, highlighting a common philosophical observation rather than attacking or dehumanizing any protected group of people.",,
35840,img/35840.png,1,i ordered a dishwasher and they sent me a sandwich maker,0.002,0,non-hateful,"The meme depicts a humorous visual pun where a person is too tall for a box labeled 'sandwich maker', despite ordering a dishwasher. It relies on absurdity and physical comedy without targeting any protected group or using offensive language.",,
79085,img/79085.png,1,today we are making vegetable soup,0.01,0,non-hateful,"The meme features two smiling individuals in a kitchen with the caption 'today we are making vegetable soup.' It is a benign general culture image with a positive tone, lacking any attacks, dehumanization, or slurs targeting protected groups.",,
84362,img/84362.png,0,unleash the inner beast on the field,0.99,1,non-hateful,The meme is a motivational sports image using a gorilla metaphor to represent playing with intensity and power on the field. It does not target any protected group or convey hate speech.,,
39607,img/39607.png,1,those stupid basterds thought it was a real shower,0.98,1,hateful,"The meme features historical figures associated with Nazism and fascism laughing in an open vehicle, captioned with text referring to a 'real shower' as a 'stupid basterds' mistake. In historical and internet meme contexts, a 'real shower' is a common euphemism for a gas chamber. This meme trivializes the Holocaust and the systematic murder of millions of people, specifically mocking the efficiency of the genocide apparatus. This constitutes hate speech through the trivialization and mockery of a historical crime against humanity.",,
23810,img/23810.png,1,these aren't people,0.98,1,hateful,"The meme depicts children in concentration camp striped uniforms, which are powerful historical symbols of Jewish victims of the Holocaust. By captioning the image 'these aren't people', the meme invokes the specific Nazi propaganda and dehumanization tactics (referencing Hitler's 1939 speech declaring Jews 'not people') that justified the Holocaust. This constitutes hate speech by using historical imagery to promote the dehumanization of Jewish people.",,
96312,img/96312.png,0,when you support your little one every step of the way,0.98,1,non-hateful,"The meme depicts a supportive interaction between a mother and her daughter with Down syndrome, accompanied by an encouraging message. It promotes care and support for a disabled individual rather than attacking or dehumanizing them.",,
56473,img/56473.png,0,knows about you. your family your children everything,0.95,1,hateful,"The meme depicts Hasidic Jewish men, a protected religious and ethnic group, and pairs this imagery with text implying an ominous threat regarding the viewer's family and safety. This creates a dehumanizing stereotype associating the group with predatory behavior or danger, constituting a hateful attack based on religion and ethnicity.",,
93041,img/93041.png,0,"""who's gonna make the sandwiches? what do we do with all these sandwiches?""",0.0,0,non-hateful,"The meme displays a refrigerated section of a grocery store stocked with sandwiches and overlays text expressing confusion about who will prepare or manage the excess food. The content focuses on a logistical or observational complaint about the volume of products and does not target any protected group, promote violence, or express dehumanization.",,
76015,img/76015.png,0,everyone celebrates christmas !,0.85,1,hateful,"The meme juxtaposes a festive Christmas parade with an image of Orthodox Jews walking away. The text 'everyone celebrates christmas !' uses heavy sarcasm to mock or imply the exclusion of Jews from the holiday, reinforcing negative stereotypes that Jews are antisocial or refuse to participate in mainstream traditions.",,
28690,img/28690.png,0,if you're gonna talk shit about someone... you better make sure they aren't crazier than you are,0.02,0,non-hateful,"The meme features a general warning about the consequences of gossiping, using the phrase 'talk shit,' which contains profanity. However, it does not target or attack any specific protected group, nor does it use dehumanizing language or call for exclusion based on identity characteristics. The content falls under general culture humor and mild profanity rather than hate speech.",,
75639,img/75639.png,1,changing every single country it touches,0.95,1,hateful,"The meme depicts a figure in Muslim religious attire on prayer rugs with text implying that their presence negatively alters or destroys the nations they enter. This relies on a xenophobic stereotype associating Islam with the deterioration or colonization of other countries, thereby attacking a group based on religion and ethnicity.",,
80912,img/80912.png,0,mr obama it is an honor,0.01,0,non-hateful,"The meme features a humorous interaction between Barack Obama and his daughter, utilizing a formal greeting as a joke. It does not contain any hate speech, attacks, or dehumanizing language directed at protected groups.",,
91405,img/91405.png,0,wears rag on her head so her brother husband doesnt want to molest her,1.0,1,hateful,"The meme targets a woman wearing a hijab, a religious identifier. The text makes a crude and offensive claim linking the religious garment to incest and sexual abuse ('brother husband' and 'molest'). This constitutes a dehumanizing attack and the endorsement of harm against an individual based on her religious expression.",,
90843,img/90843.png,0,"time to put the ""panic"" back in hispanic",0.1,0,non-hateful,"The meme employs a pun on the word 'Hispanic' in reference to a fast-food meal. While it utilizes a stereotype regarding the physiological effects of this cuisine (often referred to as 'Hispanic panic'), it does not constitute a direct attack, dehumanization, or call for harm against individuals of Hispanic ethnicity. It falls under the category of stereotypical humor rather than hate speech.",,
20861,img/20861.png,1,pretty much sums up islam,1.0,1,hateful,The meme depicts an image of a suicide bomber alongside text stating 'pretty much sums up islam'. This combination constitutes a hateful attack on the Islamic religion by making a dehumanizing generalization that equates the entire faith with terrorism and violence.,,
92738,img/92738.png,1,"they are the best in basketball because they can steal, shoot and run",0.95,1,hateful,"The meme utilizes a racial stereotype by depicting Black basketball players and associating them with 'stealing, shooting, and running' (implying criminal activity like robbery or murder) rather than athletic skill. This relies on the harmful and racist trope that associates African American men with violence and criminality, thereby attacking a protected group based on race.",,
27614,img/27614.png,0,maybe if you think before you act you'd be treated better,0.01,0,non-hateful,"The meme features a man giving advice to 'think before you act' to be treated better. While the tone is accusatory and blunt, it does not attack, dehumanize, or threaten any specific protected group based on characteristics like race, gender, or religion. It is a general critique of behavior rather than identity-based hate speech.",,
98701,img/98701.png,1,oh no i can't steal anymore,0.05,0,non-hateful,"The meme uses wordplay linking the physical inability to run (due to injury) with the inability to 'steal' (run away after a theft). While the content alludes to crime and implies that thieves should be caught or injured, it does not target any protected group based on race, ethnicity, religion, gender, or other defined characteristics. The imagery depicts a generic runner, and the text applies to the act of stealing rather than a specific identity.",,
94170,img/94170.png,0,when you decide to go full gas,0.01,0,non-hateful,"The meme is a humorous caption describing the experience of cooking with a gas stove that is on full blast. It does not contain any attacks on protected groups, dehumanizing language, or historical hate speech elements.",,
1967,img/01967.png,0,when you decide to stop racism by burning its symbol,0.02,0,non-hateful,"The meme depicts a protest scene with text explicitly advocating for the cessation of racism, which is a positive social stance rather than an attack on a protected group.",,
79042,img/79042.png,0,the door to the crematorium and gas chambers are closed,0.85,1,hateful,"The meme depicts a crematorium and gas chamber, explicitly referencing the Holocaust. While the text states they are 'closed', the meme relies on the dehumanizing and horrific mechanisms of the genocide as the subject of humor (ironic relief). Trivializing the Holocaust and treating the infrastructure of mass murder as a punchline evokes pain from historical figures and the victims of the crime, falling under the definition of mocking hate crimes.",,
23785,img/23785.png,0,hansel and gretel was a scary childrens story,0.01,0,non-hateful,"The meme expresses a subjective opinion that the fairy tale 'Hansel and Gretel' is scary. While the image depicts a scene from the story involving danger, there is no attack on protected groups or hateful rhetoric. It is a general cultural comment.",,
18547,img/18547.png,1,1st day of 4th grade sandy hook elementary school,0.98,1,hateful,"The meme trivializes the Sandy Hook Elementary School shooting, a tragic mass casualty event involving children, by humorously associating a weapon with the school. This constitutes mocking a hate crime or mass violence and evokes pain for victims and their families.",,
74965,img/74965.png,0,some people some other people,0.01,0,non-hateful,"The meme presents a humorous, absurd comparison between a normal couple and a man interacting intimately with a goat. It relies on observational comedy and does not attack, dehumanize, or target any group based on protected characteristics such as race, religion, or gender.",,
87520,img/87520.png,1,"yes, we know trump said ""mexico will pay for the wall"" but now mexicans are the wall. that boy good!!!!",0.95,1,hateful,"The meme is hateful because it dehumanizes Mexican people and immigration enforcement officers. The text 'now mexicans are the wall' implies that individuals are used as inanimate objects or barriers, stripping them of their humanity. Additionally, the image depicts officers in aggressive riot gear facing the camera, which can be interpreted as promoting hostility or violence against the perceived 'threat' (Mexicans), fitting the definition of hateful content.",,
94738,img/94738.png,0,shopping is boring. why not have some fun at the walmart parking lot?,0.99,1,non-hateful,"The meme depicts a lighthearted scene of a couple playing in a parking lot to counter boredom. It does not contain any attacks on protected groups, dehumanizing language, or hate speech.",,
92567,img/92567.png,0,pray for peace pray for wellbeing,0.98,1,non-hateful,"The meme depicts a person praying with text encouraging prayer for peace and wellbeing. It conveys a positive, motivational message without attacking or demeaning any protected group.",,
41276,img/41276.png,1,evolution from peeling bananas to busting caps,0.05,0,non-hateful,"The meme features a visual pun using a 'peeling banana' to transition to a gorilla, playing on the stereotype that humans evolved from apes. While this relies on racial imagery, the punchline 'busting caps' shifts the context to general street slang or gang culture rather than explicitly attacking a specific race or promoting racial hierarchy. It does not meet the threshold for hate speech as it lacks a direct attack, dehumanization, or call for harm against a protected group.",,
3798,img/03798.png,0,"hey, i just met you and this is crazy but here's your number... so camping, maybe?",0.0,0,non-hateful,"The meme depicts a couple camping and uses a romantic song lyric parody to make a humorous pun about outdoor activities. It does not contain any attacks, dehumanization, or negative sentiments directed at protected groups.",,
86417,img/86417.png,1,i could have killed all of them. but i let some of them survive so you know why i killed them,0.95,1,hateful,"The meme features Adolf Hitler, a symbol of the Nazi regime responsible for the Holocaust, alongside text that attributes the systematic extermination of millions of people to him. This content glorifies a historical mass murderer, trivializes the Holocaust, and evokes pain from historical figures, fitting the definition of hate speech that promotes or celebrates historical hatred.",,
6123,img/06123.png,1,a group of men,0.01,0,non-hateful,"The meme features a humorous juxtaposition of three dogs with the text 'a group of men', likely referencing the 'Good Boy' internet meme. It is a lighthearted joke without any attacks, dehumanization, or targeting of protected groups.",,
28951,img/28951.png,0,if the brim of your hat is flat and has a sticker on it i automatically assume you're a complete tool,0.99,1,non-hateful,"The meme expresses a negative opinion about people who wear a specific type of hat, calling them a 'tool'. This targets a group based on fashion choice or stereotype, which does not constitute a protected characteristic (such as race, religion, gender, or nationality) under the definition of hate speech.",,
19508,img/19508.png,1,the definition of utter disgust in plain black and white,0.95,1,hateful,"The meme utilizes a racial double entendre, labeling an interracial couple as 'the definition of utter disgust' and 'plain black and white.' This relies on racist tropes to express repulsion toward interracial relationships.",,
39578,img/39578.png,1,one of the bullets they dug out of a victim from the orland gay night club shooting!,0.95,1,hateful,"The meme references the Orlando nightclub shooting, a hate crime targeting the LGBTQ+ community. By pairing this tragedy with an image of a dildo and claiming it was a bullet used in the attack, the content mocks the victims and sexualizes a massacre, dehumanizing the targeted group based on their sexual orientation.",,
13647,img/13647.png,1,she said girls run the world... so i told her get back in the kitchen,0.98,1,hateful,"The meme utilizes a sexist trope to demean women, enforcing gender stereotypes by suggesting they should be subservient and restricted to domestic roles ('kitchen'), which constitutes a statement of inferiority based on sex.",,
2364,img/02364.png,0,"a jewish shop owner, wears a kippah or yarmulke whilst in his shop in tehran",0.01,0,non-hateful,"The meme depicts an elderly Jewish man in a shop in Tehran reading a newspaper. The text simply describes his identity, attire, and location without using mocking, derogatory, or dehumanizing language. It does not attack or stereotype the subject based on protected characteristics.",,
92046,img/92046.png,0,they are terrorists anyone who doesn't agree is an idiot,1.0,1,hateful,"The meme attacks a group of people based on religion, evidenced by the flag with Arabic script and the facial coverings often stereotypically associated with certain Muslim demographics. The text explicitly labels them as 'terrorists', a dehumanizing slur, and insults individuals with differing opinions, constituting hate speech against a protected religious group.",,
7351,img/07351.png,0,"""plays uno steals all the green cards""",0.005,0,non-hateful,"The meme depicts a hand of playing cards and text describing an unethical move in the card game Uno ('steals all the green cards'). The content is a joke about gaming behavior and rules, targeting no protected groups and containing no hate speech or dehumanizing language.",,
57621,img/57621.png,1,if this gets 1k likes i'll post to islam how we see muslims how muslims see us,0.98,1,hateful,"The meme uses violent imagery juxtaposed with text to promote a hostile stereotype of Muslims. It equates Muslims with terrorism or violence (the sniper) and frames non-Muslims as victims or threats (the shooting range targets), thereby endorsing harm and dehumanization against a specific religious group.",,
7135,img/07135.png,1,this is the greatest news manufacturing in 20th century,0.95,1,hateful,"The meme depicts Soviet soldiers escorting Jewish refugees during World War II. The caption falsely frames this act of liberation as 'news manufacturing' (propaganda), thereby delegitimizing the victims' suffering and the historical reality of their rescue. This constitutes a form of denialism and trivialization of a genocide, which falls under the definition of hateful historical content.",,
97068,img/97068.png,1,these hitler jokes are rude anne frankly i don't care,0.95,1,hateful,"The meme features Adolf Hitler, the leader of the Nazi regime responsible for the Holocaust, paired with a pun on 'Anne Frank', a Jewish child victim of the Holocaust. By making light of Hitler's attitude towards the genocide of Jewish people, the meme trivializes historical hatred and evokes pain from historical figures and the victims of the Holocaust.",,
64891,img/64891.png,1,lebanon: before muslims after muslims but don't worry! after islam takes over there'll be a golden age.. apparently,0.95,1,hateful,"The meme uses sarcasm and sarcasm to associate the presence of Muslims with violence and societal collapse, contrasting a peaceful image of Lebanon with one of unrest. It implies that the arrival or dominance of Islam leads to a 'golden age' of chaos, which is a dehumanizing and discriminatory stereotype targeting a protected religious group.",,
74058,img/74058.png,0,he made millions of children homeless,0.98,1,hateful,"The meme utilizes imagery of Adolf Hitler and the Holocaust to trivialize the genocide and suffering of Jewish people. By juxtaposing Hitler with the statement 'he made millions of children homeless' and adding the label 'homeless,' the content uses extreme dark humor to minimize a historical mass extermination event. This trivialization of the Holocaust constitutes hate speech as it attacks victims based on their ethnicity and religion by mocking the gravity of the crimes committed against them.",,
38910,img/38910.png,1,oh boy i sure love being muslim in the new zealand city of christchurch on march 15,0.98,1,hateful,"This meme references the Christchurch mosque shootings by combining a picture of the Linwood Islamic Center with the 'Soyjak' reaction image. It frames the hate crime occurring on March 15 as a cause for ridicule or awkward discomfort for Muslims. By trivializing a mass shooting that targeted a religious group and evoking pain from a tragedy, the meme is hateful.",,
30148,img/30148.png,1,you mean i don't have to pick it?!?,0.0,0,non-hateful,"The meme depicts a young boy happily eating cotton candy with a caption expressing pleasant surprise about not having to pick a flavor. The content is lighthearted and playful, containing no attacks, dehumanizing language, or negative sentiment towards any protected group.",,
45368,img/45368.png,1,enough is enough children are more important than freaks,0.95,1,hateful,"The meme uses the derogatory slur 'freaks' to demean individuals identified by a rainbow flag, which is a symbol of the LGBTQ+ community. The text asserts that 'children are more important' than these people, promoting a sentiment of exclusion and inferiority based on sexual orientation or gender identity.",,
8795,img/08795.png,0,when you are white and working in oil field,0.05,0,non-hateful,"The meme references a stereotype of white workers in the oil industry by showing hands covered in black oil to resemble skin. While it relies on racial categorization, the intent appears to be a self-deprecating or observational joke about the working conditions of a specific job rather than an attack, dehumanization, or statement of inferiority against a protected group.",,
35487,img/35487.png,0,randomly deciding to bake something,0.01,0,non-hateful,"The meme uses visual incongruity to create humor by pairing a dramatic image of a man on a horse with the trivial text 'randomly deciding to bake something.' It does not target any protected group, contains no hateful language, and does not convey any message of harm, exclusion, or dehumanization.",,
95038,img/95038.png,0,when you take these pics we think about cumming in your mouth,0.05,0,non-hateful,"The meme contains sexually explicit and vulgar text accompanied by a crude image. While the content is highly offensive and aggressive in nature, it does not target individuals or groups based on protected characteristics such as race, religion, ethnicity, sexual orientation, or disability. Therefore, it is classified as offensive general culture humor rather than hate speech.",,
74013,img/74013.png,1,"nurse: yes sir, we are having mashed potatoes today alzheimer's patient: i don't remember asking you a god damn thing",0.1,0,non-hateful,"The meme uses a popular reaction template to make a joke about the memory loss associated with Alzheimer's disease. While it mocks a condition linked to a medical status, it does so in the vein of general internet humor regarding memory lapses and does not dehumanize, attack, or threaten people with Alzheimer's. The use of profanity is rude but does not meet the threshold of hate speech under the provided definition.",,
90243,img/90243.png,1,"best gamer ever 6 million kills, 1 death",0.99,1,hateful,"The meme depicts Adolf Hitler, the central figure of the Holocaust, and pairs his image with text that quantifies the genocide of six million people as 'kills' and frames him as a 'best gamer.' This constitutes the trivialization and glorification of a systematic mass murder campaign based on ethnicity and religion, directly dehumanizing the victims.",,
89430,img/89430.png,0,when you know you don't have to jackoff tonight,0.0,0,non-hateful,"The meme contains explicit slang but is a general humor post about sexual relief in a relationship. It does not attack, dehumanize, or target any protected group based on race, religion, gender, or other characteristics.",,
32049,img/32049.png,0,"german british danish austrian diversity. apparently we don't have it and these guys do: iraqi, pakistani, syrian, egyptian",0.98,1,hateful,"The meme contains hate speech that targets specific ethnic and national groups (Iraqi, Pakistani, Syrian, Egyptian). The text juxtaposes these groups with European nationalities to falsely assert a derogatory and offensive 'superiority' in diversity, effectively creating a demeaning comparison based on nationality and ethnicity.",,
19243,img/19243.png,0,"surprise!! wait, where is everyone?",0.01,0,non-hateful,"The meme depicts a woman in a moving box in an empty house with text implying social isolation. It relies on situational humor and irony regarding moving into a new place. There is no language or imagery that attacks, dehumanizes, or targets any protected group based on characteristics such as race, gender, or religion.",,
5349,img/05349.png,0,normal day in a islamic country,0.9,1,hateful,"The meme relies on a derogatory stereotype by pairing an image of women in revealing or glamorous attire with the caption 'normal day in an islamic country.' It uses sarcasm to suggest that the representation of women in Islamic countries is contradictory to the religion's actual practices, thereby mocking the culture and religion.",,
90643,img/90643.png,0,she represents the new wave of democrats,0.01,0,non-hateful,"The meme displays a woman in professional attire speaking into a microphone with a supportive caption endorsing her as a representative of a political party. There is no language, imagery, or implied meaning that attacks, dehumanizes, or excludes any group based on protected characteristics.",,
18306,img/18306.png,1,white kids kids dreaming about their first day of school,0.95,1,hateful,"The meme uses an image of a child holding a handgun to satirize the experience of 'white kids' on their first day of school. By juxtaposing the innocence of childhood with a weapon, it implies that the target racial group is inherently prone to violence or dangerous in school settings. This relies on a harmful racial stereotype and dehumanizes the group by associating them with lethal force.",,
95830,img/95830.png,1,face of terrorism in us,0.95,1,hateful,"The meme uses the phrase 'face of terrorism' to label an elderly white man, visually associating a specific demographic appearance with a violent and stigmatized criminal act. This constitutes hate speech by dehumanizing a protected group based on perceived ethnicity or nationality.",,
84150,img/84150.png,0,when your jewish friend smells a stash of coins in public,0.98,1,hateful,"The meme reinforces a derogatory antisemitic stereotype by suggesting that Jewish individuals are obsessively and inhumanly sensitive to the presence of money, dehumanizing the group based on their religion and ethnicity.",,
4569,img/04569.png,0,when is the time to eat i am hungry,0.01,0,non-hateful,"The meme uses an image of a pig with text expressing hunger to make a humorous, relatable point about eating schedules. It does not contain any language or imagery that attacks, dehumanizes, or targets people based on protected characteristics such as race, religion, or disability.",,
67103,img/67103.png,1,still better than mexican,0.99,1,hateful,"The meme depicts a disabled woman working and includes text stating she is 'still better than mexican.' This is a direct statement of inferiority targeting a protected group based on nationality/ethnicity, asserting that a disabled person is superior to Mexican people.",,
52031,img/52031.png,0,theriously?? that's methed up!,0.01,0,non-hateful,"The meme depicts Mike Tyson laughing with text that puns on drug addiction ('methed up'). While the subject matter is offensive and promotes illegal drug use, it does not attack, demean, or dehumanize any group based on protected characteristics such as race, religion, gender, or disability.",,
72168,img/72168.png,1,upper downer,0.98,1,non-hateful,"The meme utilizes wordplay comparing a stimulant drug ('upper') with a person described as a 'downer' (typically referring to a moody or pessimistic individual). While it references illicit substances, the joke targets a personality trait or mood rather than a specific protected group defined by race, gender, religion, or other characteristics listed in the hate speech definition. Therefore, it does not meet the criteria for hate speech.",,
52634,img/52634.png,0,the secret to a successful marriage is to keep his stomach full and his balls empty,0.85,1,hateful,"The meme promotes a sexist stereotype regarding gender roles in marriage, characterizing women as needing to control men through sexual and domestic deprivation. It relies on dehumanizing, vulgar language and generalizes negative behaviors about men to support a misogynistic view of relationships.",,
7429,img/07429.png,1,i'm about to have my 5th abortion fuck you batman i'm the real crime fighter,0.95,1,non-hateful,"The meme contains shock humor, profanity, and a controversial topic (abortion). However, it does not attack, dehumanize, or threaten a specific protected group based on characteristics such as race, religion, or sexual orientation. The 'hate' is directed generally or at a specific individual ('Batman') rather than a marginalized group, making it offensive but not hateful.",,
68192,img/68192.png,1,scientist are working hard to cure them all,1.0,1,hateful,"The meme frames same-sex marriage as a disease requiring a 'cure', effectively pathologizing and attacking LGBTQ+ individuals based on sexual orientation.",,
41058,img/41058.png,0,john wilkes booth be like: yall sure abraham lincoln dead? he aint up here,0.05,0,non-hateful,"This meme depicts John Wilkes Booth's confusion about Abraham Lincoln's absence from heaven following the assassination. It does not attack, dehumanize, or promote harm against any group based on protected characteristics. The content is historical and ironic rather than hateful.",,
12468,img/12468.png,0,say it! say it ! islam is the religion of peace,0.99,1,non-hateful,"The meme depicts a mother and child with text encouraging the statement that Islam is the religion of peace. It promotes a positive message regarding a religious group and does not attack, dehumanize, or threaten any protected group.",,
43092,img/43092.png,0,pretty much sums up islam,0.01,0,non-hateful,"The meme displays a person performing Islamic prayer (sujud) with the caption 'pretty much sums up islam'. This text and image combination is intended to be a positive or neutral statement identifying submission as a core aspect of the religion. It does not attack, mock, dehumanize, or express hostility toward Muslims.",,
49805,img/49805.png,0,imagine being so disgusting there have to be laws to try to stop normal people from hating you,0.95,1,non-hateful,"The meme uses a skunk as a metaphor for a person, suggesting they are so 'disgusting' that laws might be needed to prevent hate towards them. While the language is derogatory and offensive, it does not target a specific protected group (such as race, religion, or sexual orientation) but rather attacks an unspecified individual's character.",,
27195,img/27195.png,0,there's a reason we keep the beer in the bottom of the cooler,0.1,0,non-hateful,"The meme contains sexually suggestive imagery and text implying crude sexual acts (anal sex). While the content is vulgar, objectifying, and potentially offensive, it does not attack, dehumanize, or target any group based on protected characteristics such as race, religion, gender, or sexual orientation. Therefore, it falls under offensive content rather than hateful speech.",,
47016,img/47016.png,1,"last summer camp was so ""lit""",0.001,0,non-hateful,"The meme references the 'Last Summer Camp' internet horror story, which features a photo of a child (Lisa Hines). The imagery and text are used for a pun based on the word 'lit'. It does not target any group based on protected characteristics, nor does it invoke historical hatred, genocide, or dehumanization.",,
24135,img/24135.png,0,good night keep your butthole tight,0.01,0,non-hateful,"The meme utilizes profanity and crude humor ('keep your butthole tight') but does not target any protected group based on ethnicity, religion, gender, or other characteristics. It falls under general offensive humor rather than hate speech.",,
53609,img/53609.png,0,"when your friend insists on paying for dinner but you still want to contribute - just the tip, come on... let me",0.99,1,non-hateful,"The meme utilizes a double entendre regarding the phrase 'just the tip' in a context of intimate physical closeness between two men. While it relies on sexual innuendo and may be considered risqué or mildly offensive, it does not attack, dehumanize, or express hostility toward individuals based on their sexual orientation or any other protected characteristic. It does not meet the definition of hate speech.",,
50317,img/50317.png,1,what in the hell is wrong with america voting towel heads into congress,0.95,1,hateful,"The meme contains the racial slur 'towel heads' to describe a specific group of voters. This is a derogatory and dehumanizing term targeting people based on ethnicity or religion, fitting the definition of hate speech.",,
29750,img/29750.png,1,this cat is getting raped tonight,0.99,1,hateful,"The meme is a specific internet format known as 'The Rapist Meme', which is used to express extreme, vulgar hatred and ridicule toward the subject. By stating the subject is 'getting raped', the text dehumanizes the individual and endorses severe sexual violence as a joke or punishment, which constitutes a hateful attack.",,
37658,img/37658.png,1,when your dishwasher is broken so you take it back to walmart to get a new one,0.99,1,non-hateful,"The meme features a humorous caption about returning a broken dishwasher to Walmart, paired with a generic image of a couple having fun in a shopping cart. It targets a common household situation and uses general relatable humor without attacking, dehumanizing, or stereotyping any specific protected group based on ethnicity, religion, gender, or other characteristics.",,
65801,img/65801.png,0,first friday prayers of the islamic holy day,0.01,0,non-hateful,"The meme features an image of Muslims performing the Friday prayer with a neutral, descriptive caption. There are no attacks, stereotypes, or dehumanizing content directed at any protected group.",,
18945,img/18945.png,1,when you decide to go full gas,0.01,0,non-hateful,The meme uses hyperbole to joke about 'going full gas' in a car by showing a silhouette with flames. It is a general culture meme about driving enthusiasm and does not target or attack any protected group based on the defined characteristics.,,
84015,img/84015.png,1,my irony meter just exploded,0.001,0,non-hateful,"The meme depicts a standard police arrest scene with a caption highlighting the irony of the situation using a common internet phrase. It does not contain any attacks, stereotypes, or derogatory language targeting any protected group based on race, religion, gender, or other characteristics.",,
67435,img/67435.png,1,when you ask a jewish girl for her number and she starts rolling her sleeve,0.92,1,hateful,"The meme relies on a stereotypical and xenophobic trope suggesting that Jewish women abduct and forcibly convert non-Jewish men, portraying the targeted religious group in a threatening, predatory, and dehumanizing manner.",,
45702,img/45702.png,1,"if she's still making noises, you didn't hit her hard enough",1.0,1,hateful,"The text explicitly encourages physical violence ('hit her') against a female subject, utilizing gendered language ('she') to promote harm against a protected group. This constitutes a direct attack and glorification of abuse.",,
28406,img/28406.png,0,when she gives you that look,0.01,0,non-hateful,"The meme features a photo of a woman and uses the caption 'when she gives you that look' to express attraction or admiration for the subject. The content focuses on general attraction and pop culture, without targeting any individual or group based on protected characteristics such as race, religion, or gender.",,
3568,img/03568.png,0,time to play rich vs the constitution,0.01,0,non-hateful,"The meme portrays Donald Trump holding an antique rifle with the text 'time to play rich vs the constitution.' While it implies disrespect for the Constitution, it targets a legal document and a political figure rather than attacking a protected group (such as a specific race, ethnicity, religion, or sexual orientation) based on inherent characteristics. It does not employ dehumanizing language, historical genocide imagery, or symbols of hate groups as defined in the hateful examples.",,
17045,img/17045.png,0,celebrating the presidential election,0.0,0,non-hateful,"The meme depicts a person celebrating a political event with a flag and a caption that is neutral and celebratory in tone. There are no attacks, dehumanizing statements, or negative stereotypes targeting any protected group.",,
72904,img/72904.png,1,terrorist trojan horse enemy of the state,1.0,1,hateful,"The meme attacks a woman wearing a hijab by using derogatory labels such as 'terrorist' and 'enemy of the state', which constitutes hate speech based on religious and gender stereotypes.",,
10362,img/10362.png,1,german british danish austrian diversity. apparently we don't have it and these guys do: iraqi pakistani syrian egyptian,0.98,1,hateful,"The meme promotes harmful stereotypes by contrasting a staged, diverse group of people from Western European nations with a photo of impoverished women from Iraq, Pakistan, Syria, and Egypt. It implies that people of Middle Eastern and South Asian origin are inherently associated with conflict and poverty, suggesting they lack the positive attribute of 'diversity' or cultural value possessed by Europeans. This constitutes an attack on these nationalities/ethnicities by associating them exclusively with negative realities and implicitly denigrating their status.",,
40618,img/40618.png,0,when your company valuation hits 1 billion,0.01,0,non-hateful,"The meme features a man celebrating a business success ('company valuation hits 1 billion'). While the subject wears cultural attire, the text expresses a universal positive sentiment regarding financial achievement. There is no attack, mockery, or dehumanizing statement directed at the individual or their demographic group.",,
85621,img/85621.png,0,"no, that's not his daughter... that's his wife! yet the world is silent..",0.05,0,non-hateful,"The meme makes a shocking claim that a couple represents an incestuous relationship (father and daughter), using the visual of a mixed-race couple to imply a taboo scenario for shock value. It attacks the dignity of the individuals and targets a social dynamic without meeting the criteria of attacking a protected group based on inherent characteristics like race, religion, or orientation. It is offensive and inappropriate, but not hate speech.",,
97320,img/97320.png,0,"""when your dishwasher is broken so you take it back to walmart to get a new one""",0.01,0,non-hateful,"The meme humorously exaggerates the frustration of dealing with a broken appliance by depicting a pile of crushed dishwashers, implying that a return visit to the store resulted in destruction rather than replacement. It targets the retail experience and consumer frustration, not a protected group.",,
49360,img/49360.png,0,who wants ice cream me me me,0.05,0,non-hateful,"The meme depicts an individual in a white hooded robe making a 'me me me' gesture regarding ice cream. While the attire and facial features resemble stereotypes associated with the KKK, the text is a lighthearted request for dessert. There is no text that attacks, threatens, or dehumanizes any protected group, and the visual context does not contain overt symbols of hate like a burning cross or swastika. Therefore, it does not meet the criteria for hate speech.",,
23645,img/23645.png,1,what do they have in common? you enjoy pushing them down the stairs,0.95,1,non-hateful,"The meme uses dark humor to joke about pushing a woman down stairs, comparing her to a slinky toy. While this is violent and dehumanizing (reducing a person to an object), it does not target the individual based on a protected characteristic such as gender, race, or disability. It relies on the physical shape rather than a hateful generalization against women.",,
73482,img/73482.png,0,it's time we took guns away and put them out of the reach of our children,0.05,0,non-hateful,"The meme uses dark irony to comment on gun control and child safety by pairing a slogan with an image of a child holding a gun. It does not attack, dehumanize, or target individuals based on protected characteristics such as race, religion, gender, or sexual orientation.",,
98547,img/98547.png,0,waves mexican flag doesn't want to live in mexico,0.85,1,hateful,"The meme targets individuals who support immigration or express solidarity with Mexico (symbolized by the flag) while living in the United States. The text 'doesn't want to live in mexico' functions as a dehumanizing attack, implying that these individuals are hypocritical and suggesting they should leave the country if they truly supported the targeted nation. This conveys a call for exclusion based on political stance or perceived nationality/immigration status.",,
80512,img/80512.png,1,"you can make jokes about anything, just not illegals that's crossing the border",0.95,1,hateful,"The meme targets individuals based on their immigration status ('illegals'), a protected characteristic. It dehumanizes this group by asserting that they are not entitled to the same basic human rights or protections (referencing the First Amendment right to free speech/humor) as others.",,
69548,img/69548.png,1,"wait, mohammad come back i didn't mean to laugh, really size dosen't matter to me lol",0.98,1,hateful,"The meme is hateful because it mocks a religious figure by comparing him to a goat (a common slur/dehumanizing metaphor in anti-Muslim rhetoric) and makes a derogatory joke about his genitalia, which serves to humiliate and debase based on religion.",,
15243,img/15243.png,0,4 am. everyone is asleep perfect time to run from one end of the house to the other at full speed as loudly as possible,0.0,0,non-hateful,"The meme humorously describes the common behavior of cats running around the house at night. It contains no attacks, dehumanizing language, or references to protected groups.",,
91586,img/91586.png,1,left the kitchen too many times,0.99,1,hateful,"The meme juxtaposes an image of a battered woman with the text 'left the kitchen too many times', creating a narrative that justifies domestic violence against women based on traditional gender roles. This constitutes an attack and endorsement of harm against women, a protected group.",,
84762,img/84762.png,1,do you know how to turn your dishwasher into a snowblower? throw em a shovel,0.01,0,non-hateful,"The meme uses sarcasm and mild profanity to express frustration about the household chore of washing dishes. While the phrase 'throw em a shovel' contains slang that can be interpreted as a crude sexual reference, the content does not attack, dehumanize, or target a protected group based on characteristics such as gender, race, or ethnicity. It falls under general humor/complaining about a chore rather than hate speech.",,
60893,img/60893.png,0,"busy, like a hive of bees, controlling what your family sees and edits all the news your hear so you'll know what to think and fear till all the truth there is, is gone. that is unless you stand, en masse. """,0.95,1,non-hateful,"The meme expresses a cynical, conspiratorial critique of the Google corporation regarding media control and information manipulation. The text uses metaphorical language to accuse the entity of hiding the truth but does not attack, dehumanize, or threaten any individuals or groups based on protected characteristics such as race, religion, gender, or sexual orientation.",,
73962,img/73962.png,1,you should treat that the way you treat you vacuum cleaner when it stops sucking change the bag,0.05,0,non-hateful,"The meme uses a dehumanizing analogy comparing human beings to a vacuum cleaner, implying they should be discarded ('change the bag') when they stop 'sucking'. While offensive and vulgar, it does not target a specific protected group based on race, gender, or other identity characteristics, but rather attacks the human value of the individuals depicted in the image generally.",,
37198,img/37198.png,0,when you're so relaxed you can feel yourself go to the next level,0.0,0,non-hateful,"The meme depicts a person lying in the grass with a shadow resembling a skull and crossbones, implying that extreme relaxation leads to death or a 'game over' state. This is a humorous play on the concept of passivity and gaming terminology. It does not attack, dehumanize, or target any protected group.",,
54069,img/54069.png,1,when you decide to go full gas,0.95,1,hateful,"The meme utilizes an image of Holocaust survivors celebrating liberation and juxtaposes it with the phrase 'full gas.' This text creates a direct association between the historical event of the Holocaust and the act of using gas, effectively making a dark joke that trivializes the systematic extermination of millions of people based on their ethnicity and religion. It evokes pain from historical figures and uses historical imagery to promote harm and mockery of genocide.",,
79615,img/79615.png,0,what women think men want what men really want,0.05,0,non-hateful,"The meme uses sarcasm and hyperbole to joke about a stereotype of men's interests (tanks) contrasting with women's perceptions (sexual objectification). It does not contain attacks, dehumanizing language, or calls for exclusion based on gender, but rather relies on absurdity and gender stereotypes for comedic effect without crossing the threshold into hate speech.",,
4769,img/04769.png,1,"if she's pouting like this and you don't immediately drop the argument , motherfucker you gay",0.95,1,hateful,"The meme text uses a homophobic slur ('you gay') as an insult directed at the viewer, targeting individuals based on sexual orientation. This constitutes a direct attack on a protected group.",,
29437,img/29437.png,1,what can happen if you eat wheaties for 38 years,0.01,0,non-hateful,"The meme is a humorous comparison suggesting that long-term consumption of Wheaties might lead to aging or a change in appearance, contrasting young race car drivers with an older celebrity. It does not attack or target any protected group based on ethnicity, race, sex, gender, or other protected characteristics.",,
94387,img/94387.png,0,i'm a fan of the color black on you although the rose gold looks pretty good as well,0.98,1,non-hateful,"The meme depicts a romantic interaction between two Black individuals and uses a 'pickup line' double entendre referencing skin and hair color. While it relies on racial markers, it is not attacking, dehumanizing, or expressing inferiority against any protected group, but rather presents a playful romantic sentiment.",,
61973,img/61973.png,1,what do alcoholics and necrophiliacs have in common they both love to crack open a cold one.,0.1,0,non-hateful,"The meme contains dark humor and offensive content that references addiction and sexual violence against corpses. However, the groups mentioned (alcoholics, necrophiliacs) are defined by behaviors or psychological conditions rather than protected characteristics like race, religion, gender, or disability. Therefore, under the provided definition of hate speech, it does not target a protected group.",,
41296,img/41296.png,0,94% of them test positive for rh blood type which means they have monkey blood as a result they are born with a tail and other animal traits,0.95,1,hateful,"The meme utilizes a 'confused monkey' template and text to present a pseudoscientific conspiracy theory that dehumanizes people. By claiming that people with Rh positive blood have 'monkey blood' and are 'born with a tail,' the meme attacks individuals based on their biology, portraying them as less human. This satisfies the definition of dehumanizing speech which is a form of hate speech.",,
47819,img/47819.png,1,"oh, addiction isn't a disease because it started with a choice?? tell me more about how the chlamydia in your crotch isn't a disease, yet it started with a choice",0.01,0,non-hateful,"The meme utilizes sarcasm to argue against the characterization of addiction as a disease. It employs 'reductio ad absurdum' logic by comparing addiction to Chlamydia. While the content is negative, sarcastic, and uses slight profanity ('crotch'), it targets a specific medical/philosophical argument rather than attacking a protected group based on race, religion, disability, or other protected characteristics. It does not meet the definition of hate speech.",,
78251,img/78251.png,1,watching vegetables grow,0.01,0,non-hateful,"The meme features an image of a young girl with Down syndrome and an older woman in an affectionate embrace. The text 'watching vegetables grow' is a pun on the idiom 'watching paint dry,' implying that the girl is incredibly patient. There is no attack, dehumanization, or mockery directed at the girl or her disability; instead, the meme appears to highlight her patience and the heartwarming nature of the relationship shown.",,
96250,img/96250.png,0,i'm going home i'm russian,0.01,0,non-hateful,"The meme depicts a woman traveling with luggage and text stating 'I'm going home' and 'I'm Russian.' This content simply states a nationality and an action without any mockery, stereotyping, dehumanization, or attack against the protected group mentioned.",,
20437,img/20437.png,0,thanksgiving in china,0.01,0,non-hateful,"The meme shows a traditional American Thanksgiving dinner with the text 'thanksgiving in china'. It highlights a cultural mismatch or impossibility for comedic effect. It does not contain any content that attacks, dehumanizes, threatens, excludes, or humiliates people based on nationality or any other protected characteristic. It is a simple cultural reference rather than a hateful statement.",,
32981,img/32981.png,0,the latest and greatest. a truck that comes with a dishwasher!,0.01,0,non-hateful,The meme uses sarcasm and humor to mock the poor quality of a moving truck by ironically calling it 'the latest and greatest' for containing a dishwasher. It targets an inanimate object/situation and does not attack or demean any protected group.,,
82301,img/82301.png,1,cooooooooooooon!!!!,0.01,0,non-hateful,"The meme features a dog howling against a mountain backdrop with the text 'Goooooooooooooon!!!!', expressing excitement and enthusiasm. It contains no attacks, dehumanizing language, or references to protected characteristics.",,
17963,img/17963.png,1,removes polish with chemicals nobody bats an eye removes polish with chemicals everybody loses his shit,0.01,0,non-hateful,"The meme uses the 'nobody batted an eye' template to point out a double standard regarding the use of chemicals to remove nail polish versus other substances. While it uses profanity ('loses his shit'), it does not attack, dehumanize, or target any protected group based on ethnicity, gender, religion, or other characteristics.",,
80597,img/80597.png,1,look! it says it right here! we can fuck goats!,0.95,1,hateful,"The meme is hateful because it employs a dehumanizing sexual stereotype targeting a specific ethnic or religious group depicted in the image. By associating this group with bestiality, the text demeans the individuals based on their protected characteristics.",,
73526,img/73526.png,0,"if she's still making noises, you didn't hit her hard enough",0.95,1,hateful,"The meme text promotes physical violence ('hit her hard enough') to silence a woman. By explicitly targeting a female subject ('she') and advocating for assault, the content constitutes a direct attack based on gender.",,
74908,img/74908.png,0,she is condemning shooting the gorilla,0.95,1,hateful,"The meme dehumanizes the subject by visually replacing her head with a gorilla, a racist trope often used to mock Black people. This visual element attacks the subject based on race.",,
65093,img/65093.png,0,cookie kunty seen in paris,0.05,0,non-hateful,"The meme features a drag queen with the caption 'cookie kunty seen in paris'. While the text contains a sexually explicit pun referencing genitalia, it functions as vulgar humor rather than a direct attack, dehumanization, or call for exclusion based on a protected characteristic. The content is offensive due to profanity, but it does not meet the definition of hate speech.",,
89362,img/89362.png,1,has extra chromosome probably stole it,0.95,1,hateful,"The meme targets individuals with Down syndrome by making a derogatory joke about their genetic makeup (an extra chromosome) and associating it with theft. This constitutes an attack and humiliation based on disability and disease, which are protected characteristics.",,
43805,img/43805.png,1,the original scarecrow,0.05,0,non-hateful,"The meme utilizes dark humor to mock the crucifixion of Jesus Christ by comparing him to a scarecrow. While this content is blasphemous, irreverent, and highly offensive to Christians, it targets a specific theological event and figure rather than attacking the Christian community (a protected religious group) as a whole. The meme deconstructs a religious narrative but does not dehumanize, threaten, exclude, or incite violence against people based on their religious identity.",,
70953,img/70953.png,1,"""god's chosen people"" according to the book they wrote",0.85,1,hateful,"The meme targets a specific religious group (Jewish people) based on their appearance and references the concept of 'God's chosen people.' While framed as a joke about self-referential religious texts, it relies on negative stereotypes regarding Jewish self-importance or exclusivity. Under the provided guidelines, sarcasm that mocks or demeans a protected identity group constitutes hate speech.",,
5316,img/05316.png,0,doing o's with the smoke,0.01,0,non-hateful,"The meme depicts a person blowing smoke rings with a humorous caption. It does not target any protected group, attack, or dehumanize individuals based on their characteristics.",,
95487,img/95487.png,0,watching vegetables grow,0.0,0,non-hateful,"The meme depicts a peaceful vegetable garden with a wholesome caption about watching plants grow. It contains no text or imagery that attacks, dehumanizes, or discriminates against any protected group.",,
1456,img/01456.png,1,they see them rollin..... they hating..,0.99,1,hateful,"The meme utilizes imagery of Nazi officials and concentration camp victims to trivialize the Holocaust and mock the suffering of Jewish people. By applying a derogatory internet slang meme format ('they see them rollin / they hating') to historical genocide, it dehumanizes the victims and makes light of the atrocities committed by the Nazi regime.",,
46082,img/46082.png,0,the future of the democratic party,0.01,0,non-hateful,"The meme displays a group of women politicians, including minority and female representatives, with the text 'the future of the democratic party'. The caption expresses pride and a motivational outlook on their leadership roles. It does not contain any attacks, dehumanizing language, or exclusionary statements based on protected characteristics.",,
3197,img/03197.png,1,i'm no bird expert but i'm guessing it's 4 females and 1 male,0.0,0,non-hateful,"The meme uses the 'I'm no expert but' format to make a humorous, incorrect observation about identifying bird genders based on behavior. It does not target any human group or protected characteristic.",,
82945,img/82945.png,0,be careful who you call ugly in highschool,0.05,0,non-hateful,"The meme humorously depicts a 'glow up' scenario involving appearance and social interactions in high school. While the text references calling someone 'ugly,' it serves as a punchline in a joke about life changes rather than an attack, dehumanization, or exclusion based on protected characteristics like race, religion, or gender.",,
73021,img/73021.png,0,when mom asks where all the jews went,0.95,1,hateful,"The meme contains text referencing 'where all the jews went', which invokes sensitive historical events associated with antisemitism and the Holocaust. This constitutes an indirect attack on a group based on ethnicity and religion by using coded language and historical dog whistles.",,
38095,img/38095.png,0,haters will say it's photoshop,0.95,1,non-hateful,"The meme features a distorted image of a hand with extra fingers and uses sarcasm to mock critics ('haters'). It does not attack, dehumanize, or target any specific individual or group based on protected characteristics such as race, religion, or disability.",,
49826,img/49826.png,1,white people on cinco de mayo vs. every other day,0.9,1,hateful,"The meme relies on racist caricatures, depicting a white male wearing a stereotypical sombrero, oversized glasses, and a serape while drinking, which mocks and dehumanizes Mexican/Latino identity by reducing it to a costume or punchline for non-members.",,
27485,img/27485.png,1,thats the way allah allah i like it!!!,0.95,1,hateful,"The meme combines an image of a man wearing a pig mask with the text 'allah allah', creating a juxtaposition that links a revered religious entity in Islam with a pig, an animal considered unclean and forbidden in the faith. This constitutes an attack on a protected religious group through mockery and offense.",,
35497,img/35497.png,0,"old people at weddings always poke me and say ""you're next."" so, i started doing the same thing to them at funerals",0.95,1,non-hateful,"The meme uses dark humor to joke about wishing death on elderly people by wishing them a 'wedding' at their funeral. While the content is very offensive, negative, and relies on shock value, it does not constitute hate speech as it lacks the intent to dehumanize, incite violence, or promote segregation against the elderly demographic.",,
84036,img/84036.png,0,militant dressed as martyr,0.95,1,hateful,The meme displays an image of a person in suicide bomber attire alongside the text 'militant dressed as martyr.' This content attacks a group based on religion or political ideology by mocking the concept of martyrdom and dehumanizing the depicted individual through a derogatory label.,,
4621,img/04621.png,0,you are what you eat meanwhile in africa,0.95,1,hateful,"The meme juxtaposes people dressed as fruits with the phrase 'meanwhile in africa'. This constitutes an attack on people based on nationality and ethnicity by relying on and reinforcing harmful stereotypes that people in Africa are underprivileged, hungry, or live in poor conditions, thereby demeaning the identity group.",,
59170,img/59170.png,0,and just like that... this sandwich maker doubles as an ironing board,0.01,0,non-hateful,"The meme depicts a food worker cooking on a griddle, making a pun about the shape of the sauce resembling an iron. The content focuses on mundane food preparation and wordplay, with no attacks on protected groups, dehumanization, or hate speech.",,
93528,img/93528.png,1,portable dishwasher slash sandwich maker,0.01,0,non-hateful,"The meme depicts a happy couple where a man carries a woman, with text jokingly labeling him as a 'portable dishwasher slash sandwich maker.' This is a sarcastic play on domestic stereotypes and relationship roles, mocking the objectification of partners as appliances. It does not target any specific protected group, nor does it promote hatred, violence, or discrimination based on characteristics like race, gender, or religion.",,
64072,img/64072.png,1,trump said immigrants come here to steal your wife is a great example she stole my speech,0.98,1,non-hateful,"The meme is a satirical commentary using wordplay to mock the rhetoric associated with Donald Trump regarding immigration. While the text references the topic of immigrants and uses the word 'steal' in a political context, it does not attack, dehumanize, or threaten the immigrant group itself; rather, it targets the politician's speech patterns. It falls under political satire.",,
80426,img/80426.png,1,a talking ape,0.98,1,hateful,"The meme combines an image of a Black woman with the text 'a talking ape,' which applies a severe racial slur and dehumanizing term to the subject based on her race.",,
14873,img/14873.png,1,human dna found in ancient goat carcass scientists believe this is first proof muhammad existed,0.98,1,hateful,"The meme uses a grotesque image of a carcass alongside text that mocks the Prophet Muhammad by suggesting he did not exist as a human being (referencing the belief that he was a spirit or had no physical form). This content targets a specific religious group and figure, utilizing sarcasm and imagery to humiliate and dehumanize, which constitutes hate speech.",,
50261,img/50261.png,1,haters will say it's photoshop,0.01,0,non-hateful,"The meme features a swimmer in a pool with text that humorously implies their physique is so impressive that critics will call it fake. It does not contain any attacks, dehumanizing language, or references to protected characteristics.",,
16850,img/16850.png,0,okay okay okay here's my serious face do i look fuhrerious yet?,0.95,1,hateful,"The meme uses an image of Adolf Hitler, a central historical figure responsible for the Holocaust and systematic genocide, to make a joke. By trivializing and mocking the figure behind mass atrocities, it evokes pain from historical suffering and engages in the re-promotion of hatred associated with the Nazi regime, fitting the classification of historical hate speech.",,
12973,img/12973.png,1,someone added to much soap to the dishwasher again,0.01,0,non-hateful,The meme depicts a humorous domestic accident involving too much soap in a dishwasher. The text and image focus on a common household mishap and do not target any protected group or promote hatred.,,
62948,img/62948.png,1,"black lives matter >""how"",""why""and ""to whom"" is unclear",0.95,1,hateful,"The meme uses a dehumanizing visual metaphor, depicting Black men as bodies being smuggled in body bags or large sacks, to imply that Black people are not human beings but illicit contraband. This imagery, combined with text that questions the validity of the 'Black Lives Matter' slogan, attacks the humanity of a protected group based on race.",,
53769,img/53769.png,0,in 1979 jimmy carter created the department of education since then the u.s. has gone from 1st to 17th in education,0.01,0,non-hateful,"The meme criticizes a political decision and a government department (Department of Education), but it does not attack or dehumanize any specific group of people based on protected characteristics such as race, religion, or gender.",,
46812,img/46812.png,0,goat meat is very popular in islamic countries,0.95,1,hateful,"The meme employs a 'bait-and-switch' structure to suggest that the men depicted—wearing attire stereotypical of Arab or Islamic cultures—are goat meat. This creates a dehumanizing comparison, equating human beings with animal products, which constitutes a direct attack based on ethnicity and religion.",,
83745,img/83745.png,1,it is time.. to send these parasites back to the desert,0.98,1,hateful,"The meme uses the dehumanizing term 'parasites' in conjunction with the command to 'send these parasites back to the desert'. This is a direct call for the exclusion and segregation of a group of people based on nationality or ethnicity (implied by the reference to the desert). The text frames the removal of this group as a necessary action, constituting xenophobic hate speech.",,
43275,img/43275.png,1,my husband is always pushing me around... and talking behind my back,0.12,0,non-hateful,"The meme utilizes a visual pun relying on the literal physical position of a person in a wheelchair to subvert idioms regarding domestic abuse. While it targets a disability-identity group through wordplay, it does not employ dehumanizing language, threats, or attacks on the dignity of the group, nor does it endorse harm or exclusion.",,
30927,img/30927.png,0,doesnt let anything stop her have a great day,0.01,0,non-hateful,"The meme features a woman in a wheelchair working on a laptop with text praising her determination. The content conveys a positive, motivational message and does not contain attacks, stereotypes, or dehumanizing language towards any protected group.",,
49650,img/49650.png,1,"and then i asked mom, what's for dinner?",0.01,0,non-hateful,"The meme depicts a joyful child riding a bicycle and asking a simple question about dinner. The content is lighthearted and humorous, focusing on a relatable family moment without attacking, dehumanizing, or targeting any group based on protected characteristics.",,
4538,img/04538.png,0,"bows here, bows there, bows everywhere",0.01,0,non-hateful,"The meme displays a humorous comparison between a cat and a young girl, both wearing pink bows. The content is lighthearted and observational, lacking any attack, mockery, or derogatory stereotypes regarding race, ethnicity, or other protected characteristics.",,
26453,img/26453.png,1,"a ww2 jewish prisoner trying to escape the auchschwitz showers (1943, colorized) wwii jew escaping hitler's rath",0.9,1,hateful,"The meme utilizes the visual trope of a human on fire ('Rickrolling') as a joke to depict a Jewish person in a concentration camp. While the caption references the Holocaust, it frames it as 'Hitler's rath' (rage), trivializing the genocide through internet humor. This falls under the category of promoting harm and mocking hate crimes/historical figures, which is a form of hate speech.",,
54819,img/54819.png,0,beauty shot of girlfriends focusing on different thoughts and ideas,0.0,0,non-hateful,"The meme displays a portrait of three women with a descriptive caption focusing on their appearance and thoughts. There is no hate speech, stereotyping, or attack on any protected group.",,
49260,img/49260.png,0,it's the goat humper looks like a bunch of pigs just walked over your grave,0.95,1,hateful,"The meme contains the phrase 'goat humper,' which is a phonetic spelling of a widely recognized racial slur used to attack Black people. The combination of this slur with a graphic image of a dead animal serves to dehumanize and mock a protected group based on race.",,
97453,img/97453.png,0,potato is my favorite color of the alphabet,0.0,0,non-hateful,"The meme features a humorous costume of Mr. Potato Head and uses absurd wordplay about potatoes, colors, and the alphabet. It does not target or attack any protected group based on ethnicity, race, religion, or other characteristics.",,
32875,img/32875.png,0,if he wears number one he's most likely the fastes on the team,0.95,1,hateful,"The meme employs a 'double entendre' to imply a sexual stereotype about a black male athlete, suggesting that the number 'one' refers to the size of his penis or his masturbation habits rather than his jersey number. This targets the individual based on race and gender, reinforcing a dehumanizing and racist trope.",,
50984,img/50984.png,0,a cat in a pot,0.01,0,non-hateful,"The meme features a humorous image of a cat inside a cooking pot with the literal caption 'a cat in a pot'. It is a general culture joke relying on visual incongruity and does not target any protected group, nor does it contain any hateful language or dehumanizing content.",,
26397,img/26397.png,0,there are still parts of the world where people celebrate capital punishment,0.01,0,non-hateful,"The meme features a fictional depiction of an execution accompanied by text criticizing the social practice of capital punishment. It expresses a political or social opinion regarding the death penalty but does not attack, dehumanize, or target any group based on protected characteristics.",,
17950,img/17950.png,0,"i was excoriated for a harmless ""tweet"" and ""my show"" was cancelled",0.95,1,non-hateful,"The meme uses a juxtaposition of two celebrities to humorously contrast differing outcomes of professional backlash. It does not target any protected group or use dehumanizing language, making it non-hateful.",,
38047,img/38047.png,0,"""stupid bitch"" is not a race",0.98,1,hateful,"The meme uses the highly offensive racial slur 'bitch' to refer to a group of female politicians. The phrase 'is not a race' functions as a derogatory joke, implying that 'bitch' (used here as an insult) is not a valid race or identity, which is used to belittle and demean the women depicted. This constitutes hate speech through the use of a racial slur and dehumanizing language targeting a protected group.",,
28017,img/28017.png,1,say it! say it ! islam is the religion of peace,0.98,1,hateful,"The meme uses sarcasm to associate the religion of Islam with extreme violence and chaos by juxtaposing a graphic image of injured individuals with the phrase 'islam is the religion of peace'. This relies on a negative and dehumanizing stereotype that links the protected religious group with terror and violence, fitting the definition of hate speech.",,
78462,img/78462.png,0,"in the last days there will be scoffers, ridiculers, deniers and mockers following after their own lusts",0.05,0,non-hateful,"The meme displays a solemn image of a Black man, resembling a mugshot, alongside text quoting biblical scripture about 'scoffers' and 'lusts'. While the text is accusatory and the image is somber, the content does not attack the individual or a protected group based on their race, religion, or other protected characteristics. The text is a general moral or religious statement, and the image does not dehumanize the subject.",,
69150,img/69150.png,1,"""white privilege the privilege of being called ""racist"" by other people who see nothing else about you except the color of your skin",0.15,0,non-hateful,"The meme uses the 'white horse' visual pun to satirically redefine 'white privilege' as being called a racist. While the content is sarcastic and potentially offensive to those who support standard sociological definitions of privilege, it does not explicitly attack, dehumanize, or threaten a protected group. It expresses a controversial political opinion regarding identity politics and terminology rather than constituting hate speech against a specific group.",,
3745,img/03745.png,1,your order comes to $37.50 and your white privilege discount brings the total to $37.50,0.15,0,non-hateful,"The meme uses sarcasm to mock the concept of 'white privilege' by stating that a 'white privilege discount' brings the total to the exact same price ($37.50). While it is labeled as offensive and sarcastic, and targets a specific racial identity (white people), it does not meet the definition of hate speech provided. It does not attack, dehumanize, threaten, exclude, or call for violence or segregation against white people. Instead, it serves as a cynical commentary on the social theory of privilege.",,
31570,img/31570.png,1,"busy, like a hive of bees, controlling what your family sees and edits all the news your hear so you'll know what to think and fear till all the truth there is, is gone that is unless you stand, en masse. """,0.95,1,hateful,"The meme uses a stereotypical image of Orthodox Jewish men and accuses them of controlling what people see and editing news to hide the truth, which is a variation of common antisemitic conspiracy theories alleging Jewish control of media and society. This attacks a protected group based on religion and ethnicity.",,
16923,img/16923.png,1,do you like goat anus? smell my finger,0.05,0,non-hateful,"The meme uses vulgar and crude humor involving scatological themes and a gesture ('smell my finger'). While the content is offensive and gross, it does not target, attack, dehumanize, or discriminate against any protected group based on characteristics such as race, religion, gender, or sexual orientation. Therefore, it falls under offensive humor rather than hate speech.",,
91468,img/91468.png,0,"you want a whore? buy one. you want a queen? earn her. you want a nickel bag? fifteen bucks, little man",0.95,1,non-hateful,"The meme uses profanity and crude humor contrasting 'buying a whore' with 'earning a queen' and mentions a drug term ('nickel bag'). While the language is offensive, vulgar, and misogynistic in its treatment of sex workers, it does not constitute hate speech as it does not attack a specific protected group based on race, religion, ethnicity, or sexual orientation. The insult 'little man' targets the recipient's gender or maturity but does not rise to the level of hate speech defined by dehumanizing or attacking a protected characteristic.",,
34975,img/34975.png,0,what if the only reason mary got pregnant... is because god is gay and needed a surrogate,0.85,1,hateful,"The meme proposes an absurd, satirical conspiracy theory suggesting the divine conception of Jesus occurred because God is gay and required a surrogate. This mocks a central religious tenet for Christians and makes a claim regarding the sexual orientation of a deity to create offense and ridicule religious beliefs.",,
68530,img/68530.png,1,a fast sandwich maker,0.01,0,non-hateful,"The meme juxtaposes an image of a sprinter with the text 'a fast sandwich maker', utilizing a pun on the word 'fast'. It is a lighthearted joke about speed and does not attack, dehumanize, or target any protected group based on their characteristics.",,
47103,img/47103.png,0,maybe we weren't consistent sources of crime we'd be treated better,0.9,1,hateful,"The meme implies that a specific group is defined by its potential for criminal activity and violence, associating them directly with weapons and suggesting their poor treatment is due to their nature. This generalizes a group based on a negative stereotype of criminality and links them to violence, which constitutes a hateful attack.",,
42580,img/42580.png,1,jack and jill went up the hill so jack could lick her candy but jack got a shock and a mouthful of cock cause jills real name was randy,0.95,1,non-hateful,"The meme contains crude humor and explicit sexual language (e.g., 'mouthful of cock', 'lick her candy'). However, the joke is a pun based on the names 'Jack' and 'Randy' rather than an attack on a specific individual or a protected group. It does not dehumanize or target people based on characteristics like race, gender identity, or sexual orientation, but rather relies on shock value and vulgarity.",,
73605,img/73605.png,0,no matter what smile,0.02,0,non-hateful,"The meme features the character Eleven with the text 'no matter what smile'. While the affective analysis notes this as controlling or dismissive of feelings, the content targets a specific fictional character rather than a protected group based on ethnicity, race, gender, or other characteristics. It does not constitute hate speech.",,
79603,img/79603.png,1,its friday cunts lets get on the gas,0.95,1,hateful,"The meme uses an image of a train car owned by the 'Deutsche Reichsbahn' (a Nazi entity) in the city of 'Breslau' (a major Nazi site) and applies the caption 'lets get on the gas.' This constitutes a historical joke referencing the use of gas vans and gas chambers for the mass murder of Jews and other groups during the Holocaust. By trivializing the method of genocide and making a 'joke' of it, the meme evokes pain from historical figures and trivializes a documented genocide, which classifies as hate speech.",,
68409,img/68409.png,1,for the last time im not michelle obama,0.1,0,non-hateful,"The meme juxtaposes a creature (Bigfoot) with a denial of being a specific public figure (Michelle Obama). While it references a political figure associated with an ethnicity, the text is a humorous, hyperbolic denial ('for the last time') rather than an attack, dehumanization, or statement of inferiority based on her identity. The absurdity serves as the punchline rather than hate speech.",,
87251,img/87251.png,0,i love apes they are both ugly and cute,0.99,1,hateful,"The meme uses a racist trope to explicitly compare a Black child to an ape, labeling them as 'ugly.' This invokes a historical dehumanization of Black people, constituting hate speech based on race.",,
49621,img/49621.png,0,"wait, mohammad come back i didn't mean to laugh, really size dosen't matter to me lol",0.95,1,hateful,"The meme uses the name 'Mohammad' to invoke a racial or religious stereotype and combines it with a derogatory comment about physical size ('size dosen't matter'), which serves to mock and demean individuals associated with that identity.",,
19523,img/19523.png,0,they see them rollin.... they hating..,0.01,0,non-hateful,The meme features a humorous image of a cat wearing sunglasses on a bicycle with slang text expressing a feeling of superiority or style ('they see them rollin... they hating...'). The content is playful and does not target or attack any group based on protected characteristics.,,
98235,img/98235.png,0,fashion forward !,0.01,0,non-hateful,"The image displays a fashion model wearing a hijab in a stylish outfit with the caption 'fashion forward!'. This content promotes a positive image of a religious group and celebrates style, rather than attacking, dehumanizing, or mocking the subject.",,
62035,img/62035.png,1,thank god my ass needed a break,0.01,0,non-hateful,"The meme contains a profane expression ('my ass') but is used to convey personal relief or humor regarding a break. It does not target any protected group, nor does it contain hateful speech or imagery.",,
73945,img/73945.png,0,jamal is holding a gun,0.95,1,hateful,"The meme pairs a child of apparent Middle Eastern descent with a gun and the name 'Jamal', a name commonly associated with Arab or Muslim communities. This combination invokes the racial and religious stereotype that links individuals of this background with violence and terrorism, resulting in a dehumanizing attack on a protected group.",,
14026,img/14026.png,1,told girlfriend that mom is deaf so speak loud and slow told mom that girlfriend is retarded,0.95,1,hateful,"The meme uses an ableist slur ('retarded') in the punchline to demean a person with intellectual disabilities. It frames the disability as a negative trait worthy of mockery and insult to family members, constituting an attack based on disability.",,
21643,img/21643.png,0,haha pig man is peeing standing up,0.05,0,non-hateful,"The meme depicts a humorous and absurd scenario involving a man with a pig head mask, accompanied by a laughing bystander. It relies on visual incongruity and crude humor (gross-out) rather than targeting a specific protected group. The text is descriptive of the action and does not contain slurs or attacks based on race, religion, or other protected characteristics.",,
83954,img/83954.png,1,head teachers given the power to ban the burqa in british schools share if you want a full ban in britain!,0.85,1,hateful,"The meme calls for a ban on the burqa, a religious garment worn by some Muslim women. It targets a specific religious group and advocates for exclusion/segregation based on religious attire, aligning with the definition of hate speech as a call for exclusion or segregation against a protected group.",,
87034,img/87034.png,0,you don't need a parachute to go skydiving twice you need a parachute to go skydiving twice,0.01,0,non-hateful,"The meme uses dark humor and a play on words regarding the fatality of skydiving without a parachute. It does not target any protected group, ethnicity, religion, or other characteristic, and contains no dehumanizing language or calls for violence against a specific group.",,
54930,img/54930.png,1,not all muslims are isis! some are al-qaida the rest are taliban,0.99,1,hateful,"The meme uses a bait-and-switch structure to propagate a harmful stereotype that equates all Muslims with terrorist organizations (ISIS, Al-Qaeda, Taliban). By claiming that if a Muslim is not ISIS, they must be Al-Qaeda or Taliban, it generalizes the entire religious group as violent extremists. This constitutes a direct attack and dehumanization based on religion.",,
18059,img/18059.png,1,"they are like sperm you get millions, but only one works",0.95,1,hateful,"The meme dehumanizes a crowd of people, likely migrants or asylum seekers given the context, by comparing them to 'sperm' and stating 'only one works'. This text, combined with the image, reduces human beings to disposable biological units and implies that the vast majority of the group are useless or worthless.",,
2143,img/02143.png,1,"doesnt have food, water, electricity proud of nuclear weapons",0.01,0,non-hateful,"The meme uses a critical comparison to highlight a perceived misalignment between resource allocation and national priorities. While it is politically charged and offensive to supporters of the figure depicted, it targets a political stance and leadership choices rather than attacking a specific group based on protected characteristics like race, religion, or ethnicity.",,
7382,img/07382.png,1,wouldn't be the last time those people used the oven this way,0.01,0,non-hateful,"The meme uses an illustration from the Hansel and Gretel story. While the text implies a dark or sarcastic outcome regarding the use of the oven, the image and text together do not target any group based on ethnicity, race, religion, gender identity, or other protected characteristics. It references a fictional fairy tale scenario rather than real-world groups, and does not fit the criteria for hate speech.",,
16842,img/16842.png,0,every kitchen needs a sandwich maker just like this one,0.01,0,non-hateful,"The meme humorously suggests that a specific sandwich maker is a necessary item for every kitchen. It focuses on a household appliance and contains no references to protected groups, no dehumanizing language, and no hateful content.",,
63280,img/63280.png,1,so you're never going to forgive the germans because of the holocaust? same,0.92,1,hateful,"The meme places the phrase 'same' below an image of a Native American historical figure, directly following the text 'so you're never going to forgive the germans because of the holocaust?'. This asserts that the historical mistreatment of Native Americans (genocide, colonization) is equivalent in severity and nature to the Holocaust. This is a false equivalence that trivializes the Holocaust—a specific genocide defined by industrial extermination based on race/religion—while using the suffering of Native Americans to mock or dismiss Jewish people's grievances. It evokes pain from historical figures to demean a specific group's historical trauma.",,
51306,img/51306.png,0,eat some cookies you're not yourself when you're hungry,0.95,1,hateful,"The meme depicts Adolf Hitler, a historical figure responsible for state-sponsored genocide. It juxtaposes an offer of food ('eat some cookies') with the quote 'you're not yourself when you're hungry.' This constitutes hate speech by trivializing Hitler's actions and implying that his mass atrocities were the result of a temporary physiological state rather than a hateful ideology. It evokes pain by using humor to excuse the world's most documented acts of hate.",,
46518,img/46518.png,1,"it's the goat humper, looks like a bunch of pigs just walked over your grave",1.0,1,hateful,"The meme uses offensive sexual slang and an anti-Semitic slur ('pigs') to mock a man performing Islamic prayer. By targeting a religious figure and combining blasphemous language with derogatory insults associated with protected religious groups, the content constitutes hate speech.",,
17265,img/17265.png,0,meanwhile in baltimore,0.1,0,non-hateful,"The meme depicts two baboons engaging in sexual activity with the text 'meanwhile in baltimore'. This is a crude joke utilizing a common internet template to stereotype the city of Baltimore and its residents as being promiscuous. While the content relies on negative stereotypes and is offensive/crude, it does not constitute hate speech under the provided definition because it targets a geographical location rather than attacking a group based on protected characteristics such as race, religion, ethnicity, or nationality.",,
94813,img/94813.png,0,thats the way allah allah i like it!!!,0.01,0,non-hateful,"The image shows a group of women dancing together. The text 'thats the way allah allah i like it!!!' appears to be a phonetic representation of a song lyric or a chant expressing enjoyment and rhythm (resembling 'Allah Allah' from Bollywood music). There is no attack, dehumanization, or hate speech directed at any protected group.",,
60183,img/60183.png,1,nein danke i'm very happy with my gas supplier,0.98,1,hateful,"The meme features Adolf Hitler and text that explicitly references his role as a 'gas supplier'. This invokes the history of the Holocaust and the systematic extermination of Jews and other marginalized groups in concentration camp gas chambers. By framing genocide infrastructure as a satisfied customer service experience, the meme trivializes and mocks the mass murder of a protected group, constituting a severe historical attack on the victims of the Holocaust.",,
47162,img/47162.png,1,what do these two have in common? they both are good at sucking they both come with a bag,0.92,1,non-hateful,"The meme features a woman and a vacuum cleaner, utilizing double entendres related to the woman's physical appearance and function of the appliance. Although the content is sexually suggestive and crude, it does not attack, dehumanize, or promote violence or exclusion against a protected group based on race, religion, gender, or other characteristics.",,
26547,img/26547.png,1,that's the way allah allah i like it,0.95,1,hateful,"The meme uses the repetition of 'Allah' combined with the phrase 'I like it' and an image of a goat being held by its horns (implying slaughter). This combination is a derogatory reference to the Muslim religious practice of Zabiha (ritual slaughter), mocking the belief system and religious traditions of Muslims.",,
89642,img/89642.png,1,i treat them like java treats its generic parameters at run time as objects,0.02,0,non-hateful,"This meme utilizes a technical programming concept (Java type erasure) to make a self-deprecating joke about the creator's behavior towards others. While the word 'objects' can be interpreted in a dehumanizing context, the humor is derived from the specific technical definition where 'generic parameters' are reduced to 'objects' at runtime. There is no attack on a protected group based on ethnicity, gender, or other characteristics; the target of the 'attack' is implied to be generic 'them' or even the creator themselves.",,
16749,img/16749.png,0,broken dishwasher,0.001,0,non-hateful,"The image shows a pile of discarded appliances with the text 'broken dishwasher'. There is no reference to any protected group, nor is there any attack, dehumanization, or slur present. The content is purely descriptive of the visual subject matter.",,
68401,img/68401.png,0,when you date an asian boy and you trynna get his family to accept you,0.95,1,non-hateful,"The meme uses the 'Dr. Angela White' template, which is a known internet slang euphemism for anal sex, to make a joke about the difficulty of dating an Asian boy and pleasing his family. While it relies on a racial stereotype regarding strict Asian parents, it does not contain language that attacks, dehumanizes, threatens, or promotes hatred or exclusion against the group. The affective labels classify it as 'slight_offensive' but primarily 'funny' and 'not_sarcastic' (indicating the humor is the primary goal). Therefore, it does not meet the threshold for hate speech.",,
98720,img/98720.png,0,when your wife just died giving birth to your daughter and you're alone in the room with your naked just born daughter,0.1,0,non-hateful,"The meme utilizes dark humor and shock value by presenting a tragic scenario involving the death of a wife and a newborn daughter. While the content is highly offensive due to the inappropriate sexualization of an infant and the callous disregard for the loss of life, it does not constitute hate speech. There is no attack, dehumanization, or targeting of individuals based on protected characteristics such as race, religion, ethnicity, or gender. The humor is derived from taboo violation rather than bigotry.",,
96180,img/96180.png,1,putting bows on your pet,0.01,0,non-hateful,"The meme uses a visual comparison between a cat and a young girl, both wearing pink bows. While the image juxtaposes a human with an animal, it does so to highlight a similarity in accessories in a lighthearted manner. There is no text or visual cue that mocks, dehumanizes, or attacks the girl based on her race, age, or gender. It does not fit the criteria for hate speech.",,
2518,img/02518.png,0,when the dog bites you and you bite back to assert dominance,0.01,0,non-hateful,The meme is a humorous juxtaposition of a photo showing a woman affectionately hugging a dog and text suggesting she is biting the dog to assert dominance. The content is a joke about the absurdity of treating a pet like a rival and does not target any protected group or promote hate speech.,,
10785,img/10785.png,1,"time to put the ""panic"" back in hispanic",0.98,1,hateful,"The meme uses a visual pun to suggest violent or hostile action against a specific ethnic group (Hispanics) by equating the phrase 'panic' with 'hispanic' in the context of loading a musket, which implies a threat or attack against that demographic.",,
73601,img/73601.png,1,when you are white and stole your first bike,0.85,1,hateful,"The meme juxtaposes text about a white person committing theft with an image of hands covered in black paint (blackface). This imagery evokes the historical practice of minstrelsy and racial mockery. By relying on this visual stereotype to deliver its message regarding race and crime, the meme employs dehumanizing imagery associated with a protected group.",,
96472,img/96472.png,1,white power!,1.0,1,hateful,"The meme depicts a Ku Klux Klan member and the text 'white power!', which is a direct expression of white supremacist ideology advocating for racial supremacy and the exclusion of non-white people.",,
39018,img/39018.png,0,"she said ""i want a ring"" i said ""bitch take your phone off silent!""",0.05,0,non-hateful,"The meme presents a humorous misunderstanding between two men based on a pun regarding the word 'ring'. While it utilizes vulgar language ('bitch'), it is a joke between acquaintances in a casual context and does not attack, dehumanize, or target any group based on protected characteristics such as race, religion, gender, or sexual orientation.",,
62319,img/62319.png,1,"america in 2045 ""grandpa...why didn't you stop them?!""",0.95,1,hateful,"The meme depicts a dystopian future for the United States populated entirely by individuals in Islamic religious attire (niqabs), implying a takeover by Muslims. This imagery dehumanizes the group and attacks a protected religion by suggesting they pose an existential threat to the nation.",,
54108,img/54108.png,1,does nike also sell stones in case they take it off?,0.95,1,hateful,"The meme targets a woman wearing a hijab (a religious symbol) with text that insinuates offensive stereotypes about her body. By asking if Nike sells 'stones' in case 'they take it off,' the text relies on a vulgar and dehumanizing generalization that women who wear hijabs hide physical deformities. This reinforces harmful, racist, and sexist stereotypes about Muslim women.",,
8451,img/08451.png,0,when you ask a jewish girl for her number and she starts rolling her sleeve,1.0,1,hateful,"The meme utilizes a photograph of emaciated survivors from a Holocaust concentration camp to create a joke mocking Jewish people. By trivializing the suffering of victims and associating the group with the dehumanizing context of the Holocaust for comedic effect, it violates the definition of hate speech through mockery of historical atrocities and attacks based on ethnicity and religion.",,
56207,img/56207.png,1,we broke up but she said we could still be cousins,0.001,0,non-hateful,"The meme utilizes the 'Good Guy Greg' template to make a joke about a specific post-breakup relationship dynamic. It relies on situational humor and does not target, attack, or dehumanize any protected group based on ethnicity, religion, gender, or other characteristics.",,
37692,img/37692.png,0,"""islam is a religion of peace stop criticizing my religion""",0.95,1,hateful,"The meme uses the 'Laughing Buddha' template to mock the statement 'Islam is a religion of peace,' ridiculing a specific religious belief and its adherents. By framing a core tenet of the faith as a joke, the meme humiliates the group based on their religion.",,
21075,img/21075.png,0,size of a shuttle bus legroom of a pinto,0.0,0,non-hateful,"The meme makes a humorous comparison regarding the interior space of a military Humvee. It does not contain any attacks, dehumanizing language, or targeting of protected groups based on characteristics such as ethnicity, religion, or gender.",,
9152,img/09152.png,0,"i don't have ex's. i have y's. like, ""y the hell did i date you?!?""",0.0,0,non-hateful,"The meme features a comedian using a humorous self-deprecating statement about past romantic relationships. While it expresses regret and uses mild profanity, it does not target any protected groups or engage in hate speech.",,
87130,img/87130.png,1,finally finding the right tutorial you need indian accent,0.15,0,non-hateful,The meme relies on the stereotype that Indian accents are difficult to understand or annoying to mock a common frustration.,,
34209,img/34209.png,0,how about a nice 12 yr old? bartender: him: boy i would love that,0.95,1,hateful,"The meme combines an image of a priest with text suggesting sexual interest in a child, utilizing a sexual double entendre to reinforce a derogatory stereotype about members of a specific religion.",,
42058,img/42058.png,0,for lunch vlad the impaler loved turkey,0.0,0,non-hateful,"The meme makes a joke about a historical figure (Vlad the Impaler) eating turkey. While it references a person associated with violence and is categorized as Identity/Social due to nationality, it does not attack a protected group or individual based on those characteristics. It does not promote hatred, inferiority, or exclusion, but rather uses the historical figure for dark humor.",,
76092,img/76092.png,0,everybody is afraid of gangs,0.98,1,hateful,"The meme juxtaposes a stereotypical image of Black men with the text 'everybody is afraid of gangs'. This combination reinforces a racial stereotype linking Black men to gang membership and dangerousness, serving as a dog whistle for racial bias and promoting a dehumanizing narrative about a protected group.",,
76295,img/76295.png,0,islamic extremist planning new project,0.95,1,hateful,"The meme associates individuals identified as 'Islamic extremist' with 'planning new project' while depicting them armed with weapons. This links a religious/ethnic group directly with violence and terrorism, employing dehumanizing stereotypes to attack the group.",,
57208,img/57208.png,0,i had potato for lunch,0.99,1,non-hateful,"The meme contains text about eating potato for lunch and an image of a smiling man. There is no content attacking, dehumanizing, or threatening any individual or group based on protected characteristics such as race, religion, or gender.",,
87169,img/87169.png,1,albanians talking photo with a porn star,0.95,1,hateful,"The meme explicitly targets Albanians by associating them with 'porn stars', reinforcing a harmful sexualization stereotype about a specific nationality.",,
64125,img/64125.png,0,ooof. that's gotta hurt,0.95,1,non-hateful,"The meme depicts a violent boxing scene and contains a racial caricature through the exaggerated features of the Black man. However, it lacks a direct attack on a protected group, calls for exclusion, or dehumanizing language. The text is a generic commentary on pain, and the image is intended as slapstick humor rather than hate speech.",,
68459,img/68459.png,1,family trip in mexico,0.95,1,hateful,"The meme juxtaposes a photo of detained immigrants, including a vulnerable child, with the caption 'family trip in mexico.' This sarcastic framing trivializes the suffering and precarious reality of the individuals' immigration experience. By mocking the circumstances of a protected group based on nationality and immigration status, the meme demeans and dehumanizes them, fitting the definition of hate speech.",,
28905,img/28905.png,1,"hey, i just met you and this is crazy but here's your number.. so camping, maybe?",0.85,1,hateful,"The meme depicts Adolf Hitler, a historical figure associated with genocide and white supremacy, using a modern pickup line. By associating Hitler with a casual dating scenario, the meme trivializes the Holocaust and the immense suffering he caused, falling under the category of re-promoting or trivializing historical hatred.",,
48236,img/48236.png,0,that blood you donated could be in someone's boner right now,0.01,0,non-hateful,"The meme uses crude humor and sexual references to make a joke about the physiological destination of donated blood. While the language is vulgar and offensive, it does not attack, dehumanize, or threaten any group based on protected characteristics such as race, religion, gender, or sexual orientation.",,
32568,img/32568.png,1,america taught us how to be happy slaves the same way school teach us how to be happy employees,0.8,1,hateful,"The meme uses the term 'slaves' to characterize a demographic within the United States and attributes a negative psychological condition ('happy') to them through systemic forces. This constitutes a dehumanizing attack on people based on nationality, framing them as subservient rather than free individuals.",,
10749,img/10749.png,1,my sense of humor is so dark it picks cotton,0.95,1,hateful,"The meme pairs a historical image of enslaved Black people picking cotton with a pun on 'dark' humor. This relies on and trivializes the dehumanizing history of chattel slavery to make a joke, reinforcing the stereotype of Black people as laborers/slaves.",,
29174,img/29174.png,0,the crimes against humanity should not be swiftly forgotten,0.01,0,non-hateful,"The meme depicts victims of the Holocaust and text stating that crimes against humanity should not be forgotten. This is a somber, educational reference intended to honor victims and remember the atrocities, rather than an attack on or glorification of hate.",,
64510,img/64510.png,0,mohammad won the contest in putting underwear on goats,0.05,0,non-hateful,"The meme uses the name 'Mohammad'—a name associated with Islam—in a context of a trivial and absurd contest (putting underwear on goats). While the literal text is neutral, the combination of the name and the context is likely intended as a mockery or ridicule of a person associated with that name. However, it does not meet the high bar for hate speech as it does not attack a protected group based on religion, ethnicity, or nationality, nor does it dehumanize or call for exclusion. It falls under 'slight_offensive' but is not hateful.",,
95086,img/95086.png,1,novaky concentration camp these jews can claim holocaust pensions,0.99,1,hateful,"The meme utilizes imagery of drowning labeled as a 'concentration camp' to mock the memory of the Holocaust. It explicitly attacks Jewish people by denying the legitimacy of their historical suffering and the right to pensions, trivializing genocide through mockery.",,
4857,img/04857.png,1,...even the dumb jews know that! trump is a racist.,0.99,1,hateful,"The meme text contains a slur targeting Jewish people, using the word 'dumb' combined with 'jews' to imply intellectual inferiority, which is a direct attack on a protected religious and ethnic group.",,
84510,img/84510.png,1,bartender: how about a nice 12 yr old? him: boy or girl?,0.95,1,hateful,"The meme targets the protected group of priests by employing a dark, offensive stereotype linking them to pedophilia. By creating a double entendre between an alcoholic drink and a 12-year-old child, followed by a punchline about the child's gender, it reinforces the hateful dehumanizing narrative that religious figures are predators.",,
5126,img/05126.png,1,can you smell what the reich is cooking,0.95,1,hateful,"The meme combines an image depicting the machinery of the Holocaust (crematorium, striped prisoner uniform) with a pun on 'The Reich' (Nazi Germany) and 'cooking'. This trivializes the Holocaust and uses the systematic mass murder of Jews and other minorities as a subject for humor, fitting the criteria for hateful historical content.",,
1796,img/01796.png,1,life hack #23 how to get stoned with no weed,0.01,0,non-hateful,"The meme depicts a wholesome interaction between two friends, using lighthearted humor to equate the happiness of companionship with being 'stoned.' It contains no attacks, dehumanization, or targeted hostility against any protected group based on the provided hateful speech definition.",,
48670,img/48670.png,0,look at this sandwich maker club i found on wish on clearance,0.01,0,non-hateful,"The image displays a sandwich on a grill, and the text expresses excitement about finding this product on the online shopping platform 'Wish'. There is no mention or attack on any protected group, nor does the content promote hate, violence, or discrimination based on ethnicity, religion, gender, or any other characteristic.",,
90267,img/90267.png,0,i've been driving this baby for years the mileage isn't great but still gets the job done,0.01,0,non-hateful,"The meme features a woman driving a classic car with a positive and affectionate tone regarding its reliability and longevity. There is no text or imagery that attacks, dehumanizes, or targets any individual or group based on protected characteristics such as race, gender, religion, or disability. The content is benign and falls under general culture.",,
93172,img/93172.png,0,this is a terrorist,0.1,0,non-hateful,"The meme explicitly labels the subject as a 'terrorist'. While highly offensive, derogatory, and likely defamatory, the term 'terrorist' is a political or behavioral accusation rather than a reference to a protected characteristic such as race, ethnicity, religion, nationality, or disability. Therefore, it does not meet the specific criteria for hate speech based on the provided definition.",,
17682,img/17682.png,1,give them what they deserve kill them all,0.05,0,non-hateful,"The meme features a soccer coach and uses the phrase 'give them what they deserve kill them all'. While the language is violent and offensive, it lacks a specific target group defined by protected characteristics such as race, religion, or nationality. In the context of a sports meme, this is interpreted as hyperbolic frustration or dark humor rather than hate speech directed at a protected group.",,
27635,img/27635.png,1,dat ass ahmarbkrich*d,0.0,0,non-hateful,"The meme combines an image of sheep's buttocks with a man shouting a mispronounced phrase ('ahmarbkrich', a reference to 'Ahmar b'kroudh'). While the content is vulgar and culturally stereotyping, relying on crude humor to mock an accent or phrase, it does not constitute a direct attack, dehumanization, or call for violence/exclusion against a protected group.",,
1268,img/01268.png,0,father and daughter bonding time is the best like and share if you agree,0.99,1,non-hateful,"The meme depicts a heartwarming scene of a father and daughter hugging with text celebrating family bonding and asking for agreement. It contains no elements of hate speech, protected group attacks, or dehumanization.",,
59738,img/59738.png,1,what's the difference between a refugee and e.t e.t learned english and wanted to go home,0.98,1,hateful,"The meme targets refugees, a group defined by their immigration status, by attributing the quote 'I learned English and wanted to go home' to them. This is a derogatory trope that implies refugees are deceitful, lack commitment to integration, or do not genuinely belong in the country. The juxtaposition with the comedian serves to present this prejudiced viewpoint as a punchline, thereby mocking and demeaning the refugee population.",,
47950,img/47950.png,0,"democrats ilhan omar alexandria ocasio-cortez ayanna pressley rashida tlais we're new, bold, and we hate you! we hate whites, jews, christians, conservatives, republicans,",1.0,1,hateful,"The meme uses false quotes attributed to prominent politicians to explicitly state hatred against protected groups based on race, religion, and ethnicity (whites, Jews, Christians).",,
86195,img/86195.png,0,dolled up and rolling with the gang like,0.95,1,hateful,"The meme depicts Adolf Hitler and Benito Mussolini, the leaders of the Nazi and Fascist regimes responsible for World War II and the Holocaust. By captioning the image with 'dolled up and rolling with the gang like', the meme trivializes the history of totalitarianism, genocide, and global warfare. It mocks the pain and trauma caused by these dictators' actions and promotes a casual association with figures synonymous with historical hatred.",,
95613,img/95613.png,1,what a weird way to spell fat and single,0.95,1,hateful,"The meme targets individuals who identify as feminists, linking the term to derogatory stereotypes (being 'fat' and 'single') through wordplay. This attacks a group based on their gender/political identity by mocking and stigmatizing them using weight-shaming language.",,
42538,img/42538.png,0,and at that moment everything else in the world just melted away,0.01,0,non-hateful,"The meme features a romantic image of a couple with text expressing intense intimacy ('everything else in the world just melted away'). It does not target any protected group, nor does it contain any hateful speech, stereotypes, or discriminatory language.",,
84273,img/84273.png,0,when you're the reason for the company safety video,0.01,0,non-hateful,"The meme is a humorous, self-deprecating joke using the 'Doubting Dick' template to imply the viewer is the cause of a safety video due to their own negligence. It targets the viewer's general behavior without attacking any protected group based on race, gender, religion, or other characteristics.",,
71680,img/71680.png,1,muslim strip club,0.95,1,hateful,"The meme text associates a specific religious group (Muslims) with a 'strip club,' a setting associated with sexual services. This employs a derogatory and dehumanizing stereotype that demeans the targeted religious community, fitting the criteria for hate speech.",,
31208,img/31208.png,1,maybe if we weren't consistent sources of crime we'd be treated better,0.95,1,hateful,"The meme depicts a Black man and uses text that creates a direct racial generalization, claiming that Black people are 'consistent sources of crime' and implying that this behavior is a prerequisite for being 'treated better'. This content attacks a protected group based on race by promoting a harmful, dehumanizing stereotype linking the group to criminality and expressing a negative view of racial dynamics.",,
46971,img/46971.png,1,bravery at its finest,0.9,1,hateful,"The meme juxtaposes a white man eating casually with images of starving Black individuals in a conflict zone. The caption 'bravery at its finest' sarcastically trivializes the suffering of these individuals by contrasting it with the trivial 'courage' of eating, thereby mocking and dehumanizing them based on their race and circumstances.",,
64071,img/64071.png,0,when you have someone to help and take care of you what could happen if you didn't,0.1,0,non-hateful,"The meme uses dark humor and the fallacy of a slippery slope to contrast a positive caregiving scenario with an exaggerated image of a person in a fall. While it targets people with disabilities and the elderly, it employs hyperbole rather than attacking, dehumanizing, or threatening the group based on protected characteristics.",,
31752,img/31752.png,1,when you get to choose your own mental illness,0.95,1,non-hateful,"The meme uses a rainbow thumbs-up and the text 'when you get to choose your own mental illness' to make a sarcastic joke. While it trivializes mental health issues, the humor is self-referential regarding the absurdity of the concept rather than directing hate, attacks, or dehumanization at a specific protected group of people.",,
3524,img/03524.png,1,terrorist can come to this country way to easy,0.98,1,hateful,"The meme contains text that generalizes a criminal trait (terrorism) onto a group of people depicted in a religious gathering, likely based on their ethnicity or religion. This creates an association between the protected group and violence, promoting fear and prejudice against them.",,
90256,img/90256.png,1,"whenever you feel stupid, remember there are people who throw stones at a wall! aiming for an invisible devil, told by an invisible god for an invisible heaven!",0.98,1,hateful,"The meme mocks the religious practice of Jamarat by explicitly calling it 'stupid' and characterizing the participants as delusional people 'throwing stones at a wall' to appease an 'invisible devil.' This targets people based on their religion (Islam), dehumanizing their beliefs and ridicule their rituals.",,
68043,img/68043.png,1,plays uno steals all the green cards,0.85,1,hateful,"The meme targets Mexican people (based on nationality) and employs a racist stereotype suggesting they illegally acquire immigration status. By depicting the subject stealing 'green cards' in the context of a game, the meme reinforces the harmful generalization of Mexicans as undocumented immigrants who bypass legal systems, thereby dehumanizing the group and promoting negative bias.",,
48370,img/48370.png,1,72 virgins are ready to get fucked up,0.95,1,hateful,"The meme is hateful as it relies on racist and anti-Muslim stereotypes, specifically invoking the trope of '72 virgins' to mock Islam. It dehumanizes both the religious group and women by comparing them to livestock in a breeding context, using explicit sexual language to degrade and attack a protected group based on religion and gender.",,
53968,img/53968.png,1,when you have an 80 point iq but it's the highest in your village,0.95,1,hateful,"The meme uses the 'Big Floppa' image template, which features a person with albinism, to deliver a punchline about having a low IQ. By juxtaposing the image of a person with a visible condition with the text '80 point iq', the meme utilizes a harmful stereotype that dehumanizes people with albinism (and by extension, people with disabilities) by implying they have low intelligence. This constitutes an attack on a protected group based on disability.",,
42631,img/42631.png,1,i believe they are like racism just shouldn't exist,0.01,0,non-hateful,"The meme text expresses a strong opinion comparing an unspecified group ('they') to racism and stating they 'shouldn't exist'. However, without a clear target, the meme does not constitute a specific attack on a protected group based on race, religion, gender, or other protected characteristics. The image depicts a person speaking, which is neutral without further context.",,
29843,img/29843.png,0,the world's most wanted terrorist obama bin lying,0.98,1,hateful,"The meme employs a racial dog whistle by portmanteauing the names of Barack Obama and Osama bin Laden ('obama bin lying'). This creates a racial slur that links the Black president with a terrorist to attack his character based on race and ethnicity. It implies an inherent link between his identity and terrorism or dishonesty, constituting hate speech.",,
5213,img/05213.png,0,the families of the hillsborough tragedy were denied legal aid.... but shamima begum gets it to fight for her uk citizenship our system is a sick joke! - martin costello,0.75,1,hateful,"The meme uses the image of Shamima Begum, a British Muslim woman, to construct an argument implying her religious or ethnic group is unfairly prioritized over other victims of injustice. By invoking the Hillsborough tragedy to suggest that Muslim citizens are receiving 'special treatment' or resources at the expense of others, the content relies on an 'us vs. them' narrative regarding the allocation of rights and resources. This falls under indirect attacks based on religion and ethnicity by suggesting the group is undeserving of legal aid compared to the majority.",,
56098,img/56098.png,1,"i said ""a glass of juice"".",1.0,1,hateful,"The meme depicts Adolf Hitler with the caption 'i said a glass of juice', referencing the historical slur 'Jew'. This constitutes hate speech as it employs the figurehead of the Holocaust to mock Jewish people by using a racial/ethnic slur.",,
50841,img/50841.png,0,give them what they deserve kill them all,0.01,0,non-hateful,"The meme depicts a rat with text calling for it to be killed. While the sentiment is violent and negative, it targets a non-human animal and does not attack, dehumanize, or threaten any group of people based on protected characteristics such as race, religion, or ethnicity.",,
19536,img/19536.png,1,when your jewish friend smells a stash of coins in public,0.95,1,hateful,"The meme attacks Jewish people by perpetuating a harmful physical stereotype (exaggerated nose) and a dehumanizing behavioral trope (obsession with money), combining to ridicule a protected group based on ethnicity and religion.",,
73914,img/73914.png,1,be careful who you call ugly in highschool,0.98,1,hateful,"The meme juxtaposes a photo of a Black child with a gorilla, utilizing a caption that warns against calling people ugly to highlight the racial insensitivity. This relies on the racist stereotype comparing Black individuals to primates, which serves to dehumanize the subject based on race.",,
78156,img/78156.png,0,you mean i don't have to pick it?!?,0.99,1,non-hateful,"The meme depicts a person looking at their skin in a mirror with a caption expressing relief about not needing to pick a pimple. The content relates to general skincare humor and does not contain any attacks, dehumanizing language, or references to protected characteristics.",,
17908,img/17908.png,0,making a quick 3pm snack,0.0,0,non-hateful,"The meme depicts a woman making a sandwich with the caption 'making a quick 3pm snack'. It contains no attacks, slurs, or negative commentary regarding any protected group, and presents a benign everyday scenario.",,
84162,img/84162.png,0,i could have killed all of them. but i let some of them survive so you know why i killed them,0.01,0,non-hateful,"The meme displays four mosquitoes with a caption stating the creator killed some and left others to explain why. The text is a literal, dark humorous explanation of pest control. There is no target protected group, no dehumanization of people, and no hate speech elements present.",,
53418,img/53418.png,0,a real man loads the dishwasher every night,0.98,1,non-hateful,"The meme uses the 'Real Man' format to humorously redefine masculinity as performing domestic chores, specifically loading the dishwasher. While it references gender, it does so to subvert traditional toxic stereotypes by encouraging men to participate in household labor. It does not attack, dehumanize, or threaten any protected group.",,
29054,img/29054.png,1,broken dishwasher,0.01,0,non-hateful,"The meme creates a visual pun comparing the function of a prosthetic leg to a dishwasher. While the caption 'broken dishwasher' is technically inaccurate since the person is standing, the primary intent is absurdist humor and a visual gag rather than an attack on people with disabilities. It does not employ dehumanizing language, statements of inferiority, or calls for exclusion.",,
91836,img/91836.png,1,one of my 5 boyfriends slept with another girl i'll never trust men again!,0.01,0,non-hateful,"The meme is a satirical joke mocking the logic of the subject, who claims to never trust men again after only one of her five boyfriends cheated. While it involves gender, it does not attack, dehumanize, or promote hatred against men as a protected group, but rather critiques the inconsistency of the specific situation described.",,
30579,img/30579.png,0,white power!,0.99,1,hateful,"The text 'white power!' is a well-known racial slur and slogan associated with white supremacy. In this context, it utilizes a dog whistle to express admiration for a white individual while employing the name of a hate group, implying racial superiority.",,
91058,img/91058.png,1,get in loser we're invading poland,0.95,1,hateful,"The meme utilizes Nazi imagery, including Adolf Hitler and the swastika symbol, to mock Polish people by associating them with the term 'loser' in the context of an invasion. This trivializes historical atrocities and perpetuates a dehumanizing narrative of Polish inferiority, effectively mocking the victims of a specific nationality.",,
56124,img/56124.png,0,how to cook turkey in usa how to cook turkey in romania,0.08,0,non-hateful,"The meme relies on the 'American vs. European' eating size stereotype, contrasting a whole roasted turkey with a small portion of grilled chicken. While it is sarcastic and slightly offensive due to the generalization and mockery of Romanian portion sizes/wealth, it does not contain dehumanizing language, calls for exclusion, or direct attacks on the Romanian nationality.",,
12834,img/12834.png,1,"in west philadelphia, born and raised in the anus is where i got most of my aids",0.1,0,non-hateful,"The meme uses explicit text linking AIDS to anal sex ('in the anus is where i got most of my aids') in a crude parody of a song lyric. While this content is highly offensive, vulgar, and relies on shock humor targeting a sensitive medical condition (disease), it does not constitute hate speech as defined because it does not attack, dehumanize, or promote segregation against a specific group of people. It mocks the medical reality of HIV transmission but lacks the call for exclusion or statements of inferiority required for a hateful classification.",,
36058,img/36058.png,0,love is love,0.0,0,non-hateful,"The meme features images of same-sex couples with the text 'love is love,' which is an affirmative and supportive slogan for LGBTQ+ rights. It does not contain any attacks, dehumanizing language, or negative stereotypes regarding protected groups.",,
34018,img/34018.png,1,fuck the catholics fuck the catholic church fuck the pope,1.0,1,hateful,"The meme contains direct profanity and hostile language specifically targeting a religious group (Catholics) and its leadership (the Pope). By explicitly stating 'fuck the catholics', the text directs an attack against a protected group based on religion, satisfying the definition of hateful speech.",,
41035,img/41035.png,0,my new muslim girlfriend not much to look at,0.95,1,hateful,The meme contains derogatory text ('not much to look at') targeting a woman wearing a hijab. This constitutes a hateful attack by insulting the appearance of a person based on her religion and religious attire.,,
20984,img/20984.png,0,when you are white and stole your first bike,0.92,1,hateful,"The meme uses a racial stereotype to single out white individuals, associating them with criminal behavior (stealing) at a young age. This reinforces harmful racial tropes and generalizations about the conduct of a specific group.",,
92058,img/92058.png,1,how black people became christians,0.95,1,hateful,"The meme uses a visual representation of the biblical Transfiguration to mock the conversion of Black people to Christianity. By equating the religious transformation with the divine intervention shown, it trivializes the faith and implies that Black people only become Christian through external supernatural force or delusion. This attacks a group based on race and religion, reinforcing a narrative of dependency or intellectual inferiority.",,
52603,img/52603.png,1,feeling kinda cute might steal your shit later.. idk,0.85,1,hateful,"The meme features the 'Roll Safe' character, who is a Black man, used as a visual shorthand to mock intelligence or decision-making. The text discusses feeling 'cute' followed by a threat to 'steal your shit,' implying a stereotypical association of the depicted race with criminality or theft. This relies on harmful racial stereotypes and implies inferiority or dangerousness based on race.",,
64312,img/64312.png,1,"no, that's not his daughter.. that's his wife! yet the world is silent..",0.05,0,non-hateful,"The meme discusses age-gap relationships and implies a societal double standard where older men with younger wives are accepted while the reverse is not. While this touches on gender and social norms, it does not use violent, dehumanizing, or discriminatory language against a protected group. It presents a commentary on social hypocrisy rather than a direct attack on identity.",,
16704,img/16704.png,0,"last summer camp was so ""lit""",0.99,1,non-hateful,The meme features a nostalgic image of children playing at camp with the text 'last summer camp was so lit'. It uses slang and humor to express a positive sentiment about a past experience. There is no content that targets or attacks any protected group.,,
53491,img/53491.png,0,and in 3 days he came back to life bringing salvation,0.01,0,non-hateful,"The meme depicts a religious scene of the crucifixion with text describing the resurrection and salvation. The content is devotional and inspirational in nature, conveying a core religious narrative without attacking, dehumanizing, or threatening any protected group.",,
83497,img/83497.png,0,different types of radicalization,0.95,1,hateful,"The meme creates a false equivalence between a Muslim protester and a white supremacist, categorizing both simply as types of 'radicalization.' This trivializes white supremacist violence and unfairly stigmatizes Muslims by grouping them with hate groups, effectively dehumanizing the religious group and endorsing a harmful stereotype.",,
32415,img/32415.png,0,when finishing a race is your passion,0.01,0,non-hateful,"The meme depicts a joyful runner celebrating a victory with the text 'when finishing a race is your passion'. The content is motivational and positive, celebrating achievement and sportsmanship without targeting any protected group.",,
37814,img/37814.png,0,this is el paso shooter's father every. single. time,0.05,0,non-hateful,"The meme targets a perpetrator of a hate crime (El Paso shooting) rather than a protected group. While it uses a mocking 'every single time' format, it does not attack, dehumanize, or promote harm against a specific ethnicity, religion, or other protected class.",,
25149,img/25149.png,1,if this offends you you might be lack toes intolerant,0.85,1,hateful,"The meme utilizes dark humor and a pun to mock individuals with physical disabilities, specifically the absence of toes. It belittles people with disabilities by suggesting that their physical condition is a source of 'intolerance' to others, which violates social norms regarding the respectful treatment of people with disabilities.",,
26187,img/26187.png,1,i love my slow cooker,0.0,0,non-hateful,"The meme features a professional kitchen setting with a man holding a tray of food and the caption 'I love my slow cooker.' There is no imagery, text, or underlying implication that attacks, mocks, or demeans any individual or group based on protected characteristics such as race, religion, or gender.",,
24098,img/24098.png,1,thanksgiving in china,0.99,1,non-hateful,The meme uses a visual pun where a cat in a pot resembles a cooking setup. The humor plays on the phrase 'Thanksgiving' without targeting or dehumanizing any protected group or nationality.,,
46085,img/46085.png,0,city workers repair statue cover it up with black sheet,0.01,0,non-hateful,"The meme uses sarcasm to mock the inadequacy of a repair job on a statue, depicting it being covered with a black sheet. The humor targets the quality of work rather than attacking any person or group based on protected characteristics.",,
36201,img/36201.png,0,look at me bling up my prosthetic,0.0,0,non-hateful,"The meme features a woman proudly displaying her prosthetic leg with the text 'look at me bling up my prosthetic,' which promotes body positivity and empowerment for individuals with disabilities rather than attacking or demeaning them.",,
61872,img/61872.png,1,don't be a fool it is a bomb,0.75,1,hateful,"The meme depicts a pregnant woman wearing a hijab with the text 'don't be a fool it is a bomb.' This uses a violent metaphor ('bomb') to describe the subject. Given the target is a woman displaying her religious identity (hijab) and physical condition (pregnancy), the phrase 'it is a bomb' can be interpreted as dehumanizing speech implying the individual is a threat or explosive danger. This aligns with hate speech criteria involving dehumanizing speech and evoking violence against protected groups.",,
43810,img/43810.png,1,how to cook turkey in usa how to cook turkey in romania,0.15,0,non-hateful,"The meme employs a dark pun based on the dual meaning of the word 'turkey' (the bird and the country) to make a satirical joke about a historical Romanian figure (Mihai Viteazu) conquering a foreign land, contrasting it with American Thanksgiving. While the humor relies on a metaphor of conquest and violence, it targets a historical event and a nation rather than a protected group based on immutable characteristics like race, ethnicity, or religion. It does not constitute hate speech against a specific vulnerable population.",,
56149,img/56149.png,0,the original scarecrow,0.99,1,non-hateful,"The meme displays an image of a scarecrow with text describing it as 'the original scarecrow'. This is a literal or mildly humorous observation about a garden object. It contains no language or imagery that attacks, dehumanizes, or targets any group based on protected characteristics.",,
58093,img/58093.png,0,i treat them like java treats its generic parameters at run time as objects,0.0,0,non-hateful,"The image features a snippet of Java code and technical text regarding generic parameters and object serialization. It contains no language or imagery targeting any protected group, nor does it convey any hateful message.",,
89071,img/89071.png,1,they don't wash their ass with water and they eat their daughters' ass,1.0,1,hateful,"The text implies that people from a specific nationality or region (hinted at by the first sentence regarding hygiene habits) engage in bestiality. This attacks a group based on nationality/ethnicity by attributing dehumanizing, illegal, and horrific acts to them, constituting hate speech.",,
84302,img/84302.png,0,why do we share more when these people are hurt but not these people,0.98,1,hateful,"The meme implies that women who wear niqabs are not human enough to deserve empathy or mourning compared to other diverse groups. By suggesting their suffering should not be 'shared' or recognized, the meme dehumanizes a specific religious demographic and endorses their exclusion from public sympathy.",,
5439,img/05439.png,0,portable dishwasher slash sandwich maker,0.99,1,non-hateful,"The meme consists of a close-up of human hands overlaid with text humorously labeling them as a 'portable dishwasher slash sandwich maker'. This is an absurd, surreal joke comparing the utility of hands to household appliances. There is no imagery or language that targets, attacks, dehumanizes, or discriminates against individuals or groups based on any protected characteristics such as race, religion, or nationality. The content is purely humorous and incongruous without hateful undertones.",,
6491,img/06491.png,1,tranny for sale,0.99,1,hateful,The meme combines an image of a transgender celebrity with the text 'tranny for sale'. The text uses a derogatory slur targeting transgender individuals and pairs it with dehumanizing language ('for sale') that implies commodification. This constitutes a direct attack and humiliation based on gender identity.,,
18726,img/18726.png,0,when your bed is short and your feed stick out,0.01,0,non-hateful,"The meme depicts a humorous and relatable everyday annoyance where someone's feet are hanging off the end of their bed. The text contains a typo ('feed' instead of 'feet') but targets no protected groups, nor does it contain any hateful, dehumanizing, or aggressive language.",,
34528,img/34528.png,1,every kitchen needs a sandwich maker just like this one,0.01,0,non-hateful,"The meme displays an advertisement for a kitchen appliance using a celebrity image. The text promotes a product ('sandwich maker') and does not attack, dehumanize, or target any protected group based on characteristics such as race, religion, gender, or sexual orientation.",,
1765,img/01765.png,1,"after a girl dies, what organ in her body stays warm? my dick",0.05,0,non-hateful,"The meme features a black man in prison attire and uses a vulgar, sexually explicit punchline. While the content is crude, offensive, and relies on racial stereotypes, it functions primarily as a sexually inappropriate joke or 'shock humor' rather than an attack intended to threaten, dehumanize, or incite harm against a protected group.",,
83946,img/83946.png,1,when a white kid shoots up the school the same day you planned to bomb it,1.0,1,hateful,"The meme promotes harmful stereotypes by associating the image of a Muslim woman with terrorism, suggesting that she 'planned to bomb' a school, which is an attack based on religion.",,
16420,img/16420.png,0,abnormal vs normal,0.9,1,hateful,"The meme labels the tallest person in the image as 'abnormal' and others as 'normal', which stigmatizes physical differences. Given the meme is classified as an IDENTITY/SOCIAL meme concerning people based on physical characteristics or disability, labeling a physical difference as 'abnormal' constitutes mocking and demeaning a protected group, effectively dehumanizing them by framing their identity as a deviation from the standard.",,
72864,img/72864.png,1,traveling through chimney,1.0,1,hateful,"The meme combines an image of Santa Claus with the text 'traveling through chimney' and an image of three men in traditional Hasidic Jewish dress. This structure implies a sexual assault or rape joke, associating Jewish men with the myth of Santa Claus entering homes via chimneys. This content targets a specific religious and ethnic group with degrading stereotypes and implies sexual violence, constituting hate speech.",,
61038,img/61038.png,0,no wonder why the pipes are not working,0.01,0,non-hateful,"The meme uses a broken pipe as a visual aid to express frustration about infrastructure failure with the text 'no wonder why the pipes are not working.' It contains no attacks, dehumanization, or harmful rhetoric targeting any protected groups based on characteristics like race, religion, gender, or disability.",,
47056,img/47056.png,1,illegal aliens are not welcome,0.98,1,hateful,The meme is hateful because it uses the dehumanizing slur 'aliens' to refer to immigrants and explicitly promotes their exclusion ('are not welcome') while depicting the physical detention and force used by Border Patrol.,,
82437,img/82437.png,1,we should learn from ocean how to treat refugees,0.95,1,hateful,"The meme utilizes a dehumanizing metaphor by comparing the ocean to the treatment of refugees. By stating 'we should learn from ocean how to treat refugees' while showing the ocean washing a boot (representing a person) onto the beach, the text implies that refugees should be washed away, excluded, or discarded like refuse. This constitutes dehumanization and a call for exclusion based on immigration status.",,
41890,img/41890.png,1,house of pedophile,1.0,1,hateful,The meme uses a derogatory slur targeting individuals based on their sexual orientation to label the Vatican. This constitutes an attack on a specific identity group.,,
90236,img/90236.png,0,voila! fresh batch of baked goods !,0.01,0,non-hateful,"The meme depicts a man presenting baked goods with a positive caption. It does not contain any attacks, stereotypes, or dehumanizing content based on protected characteristics.",,
93620,img/93620.png,1,in other countries in pakistan,0.98,1,hateful,"The meme relies on a crude visual juxtaposition and a negative stereotype that associates Pakistanis with animalistic behavior (bestiality), which serves to dehumanize individuals based on their nationality.",,
41382,img/41382.png,0,"they want to be accepted for who they are, yet theren't able to accept themselves for who they are",0.02,0,non-hateful,"The meme features an image of a wasp with text discussing self-acceptance. While the text alludes to identity struggles, it does not target a specific protected group with hate speech, nor does the image dehumanize a protected class. The combination serves as a general observation or metaphor rather than an attack on people based on characteristics.",,
95640,img/95640.png,1,syrian rape survivor speaks out,0.95,1,hateful,"The meme features an animal screaming with text referencing a Syrian rape survivor. It trivializes and mocks a serious human rights violation and trauma associated with a specific nationality and gender, thereby targeting a protected group with dehumanizing and offensive content.",,
62504,img/62504.png,0,we've taken this country! now fuck off! we're taking it back!,0.99,1,non-hateful,The meme depicts a humorous interaction between Daleks from the TV series Doctor Who and a man using the 'we're taking it back' meme template. It references a pop culture catchphrase and does not target or attack any protected group.,,
72048,img/72048.png,1,hurry up barack will be home soon,0.99,1,hateful,"The meme dehumanizes former President Barack Obama and his wife by combining images of gorillas with a picture of Michelle Obama, invoking a long-standing and racist trope comparing Black people to apes.",,
41796,img/41796.png,0,nein danke i'm very happy with my gas supplier,0.99,1,non-hateful,"The meme depicts a scene of a customer politely declining a service switch because they are satisfied with their current gas supplier. It is a general culture meme regarding consumer satisfaction. The text contains German ('nein danke') and English, but there are no attacks, dehumanization, or derogatory statements directed at any protected group based on race, religion, gender, or other characteristics.",,
42903,img/42903.png,0,those stupid basterds thought it was a real shower,0.01,0,non-hateful,"The meme uses profanity and mockery to ridicule a specific individual for their actions or ignorance. However, the text does not target or attack any group based on protected characteristics such as race, religion, gender, or disability, and does not dehumanize or threaten a protected class.",,
57369,img/57369.png,0,lose 15 lbs with this 1 simple trick photoshop,0.02,0,non-hateful,The meme uses sarcasm and a visual punchline involving photo editing to make a joke about unrealistic weight loss tips. It does not target any protected group or promote hate speech.,,
56980,img/56980.png,0,coffee isn't helping get the jumper cables,0.99,1,non-hateful,"The meme depicts a dog lying flat with text comparing its exhaustion to a dead battery needing jumper cables. This is a humorous metaphor for fatigue and does not attack, dehumanize, or target any protected group.",,
96284,img/96284.png,1,welcome to melbourne,0.95,1,hateful,"The meme juxtaposes an image of armed militants, identifiable by their attire and flags as belonging to a Middle Eastern militant group, with the text 'welcome to melbourne'. This creates a stereotypical and dehumanizing association between the city's population and terrorists, implying that Melbourne is or should be an invasion zone. This constitutes a hate speech attack based on nationality and religion/ethnicity by promoting a harmful stereotype and threatening narrative.",,
75918,img/75918.png,0,a picture of my great great great grand grandfather's tractors they don't make them like they used to,0.0,0,non-hateful,"The meme expresses nostalgia for old agricultural machinery and includes a person sitting on the tractor. It contains no attacks, insults, or negative sentiments directed at any protected group.",,
10386,img/10386.png,1,the book about terrorism,0.95,1,hateful,"The meme is hateful because it explicitly labels a sacred Islamic text, the Quran, as 'the book about terrorism'. This constitutes a direct attack on a protected religious group by equating their holy scripture with violence and hate crimes, thereby promoting a dehumanizing stereotype and generalizing the entire faith as inherently violent.",,
74906,img/74906.png,1,are you a boy or a girl i'm non binary,0.85,1,hateful,"The meme mocks the concept of non-binary gender identity by using a visual pun where a person falls out of a wheelchair (becoming 'non-binary' or outside the chair). This trivializes and ridicules a specific gender identity, constituting mockery and humiliation based on a protected characteristic.",,
63745,img/63745.png,1,we could destroy all of them but we let some of them survive so you know why we did it,1.0,1,hateful,"The meme uses imagery of the Nazi Reichstag (swastikas) and text that references the systematic destruction of people, explicitly stating 'we could destroy all of them but we let some of them survive'. This trivializes genocide and adopts the perspective of the perpetrators to justify mass killing, constituting hate speech.",,
19730,img/19730.png,1,jamal is practicing for class sport,0.95,1,hateful,"The meme employs extreme sarcasm by juxtaposing an image of a child holding a firearm (likely in a conflict zone) with the text 'practicing for class sport.' This creates a grotesque incongruity that trivializes war trauma and normalizes violence against children. While it targets the situation of war, it relies on the suffering and victimization of children in conflict zones, which is hateful and highly offensive.",,
37160,img/37160.png,0,"best gamer ever 6 million kills, 1 death""",0.01,0,non-hateful,"The meme depicts a gamer with hyperbolic statistics ('6 million kills, 1 death') and praises them as the 'best gamer ever'. This is a joke about gaming skill and does not target any individual or group based on protected characteristics.",,
93541,img/93541.png,0,the jihad squad,0.95,1,hateful,"The image depicts members of the Islamic State (IS) holding their flag over a corpse, which serves as documentation of execution and terrorist violence. The caption 'the jihad squad' labels the terrorist group as a 'squad', a term often used to glorify or legitimize combat groups. This content promotes and glorifies a designated terrorist organization associated with genocide and mass murder against specific ethnic and religious groups.",,
30642,img/30642.png,0,rabbi sitting in synagogue chillin and doing his thing,0.01,0,non-hateful,"The meme depicts a rabbi sitting in a synagogue with the caption 'rabbi sitting in synagogue chillin and doing his thing'. The content is a humorous observation that does not attack, dehumanize, or target the religious figure based on protected characteristics.",,
35470,img/35470.png,0,can you smell what the reigh is cooking,0.0,0,non-hateful,"The image depicts a woman cooking in a kitchen with a text overlay that appears to be a pun or a playful question. There is no attack, dehumanization, or mockery of any protected group based on characteristics like race, religion, or gender.",,
12067,img/12067.png,0,pre-heat to 350 degrees,0.99,1,non-hateful,"The meme depicts a wholesome scene of children looking at cookies baking in an oven, accompanied by a standard recipe instruction. There is no content that attacks, dehumanizes, or targets any protected group.",,
95176,img/95176.png,0,notice how the kenyan skidmark has been silent about the mueller report?,0.98,1,hateful,"The meme uses a racial slur ('Kenyan') as a derogatory insult targeting former President Obama's heritage, which constitutes a direct attack based on race and nationality, and employs dehumanizing language.",,
48792,img/48792.png,0,leaving a trail of death and destruction,0.95,1,hateful,"The meme features Adolf Hitler, a historical figure responsible for the Holocaust and the systematic extermination of millions of people based on race, religion, and other characteristics. The text 'leaving a trail of death and destruction' explicitly invokes the history of genocide and mass violence. Presenting this content as a meme trivializes the gravity of historical atrocities and glorifies or normalizes the actions of a figure defined by hatred and genocide.",,
95173,img/95173.png,0,take the third reich and then the first left?,0.99,1,hateful,"The meme depicts Adolf Hitler, a symbol of the Nazi regime responsible for the Holocaust and genocide, paired with text expressing a desire to 'take the third reich.' This constitutes the glorification of a totalitarian regime and promotes the ideology responsible for mass murder based on ethnicity, religion, and disability. According to the provided definition, glorification or re-promotion of historical hatred is hate speech.",,
56413,img/56413.png,1,feeling cute might shoot a darkie later idk,0.98,1,hateful,"The meme text contains a racial slur targeting a protected group and explicitly threatens violence ('shoot') against members of that group, fulfilling the criteria for hate speech.",,
52104,img/52104.png,0,"lebanon: before islam after islam but don't worry! after islam takes over, there'll be a golden age... apparently",0.9,1,hateful,"The meme utilizes sarcasm and negative sentiment to attack Islam, a protected religious group, by making sweeping generalizations that the religion negatively impacted Lebanon's architecture and civilization.",,
75142,img/75142.png,0,"you should treat that the way you treat your vacuum cleaner, when it stops sucking change the bag",0.95,1,non-hateful,"The meme employs sarcasm and absurdity by comparing an unspecified subject (likely a relationship) to a vacuum cleaner. While the metaphor can be seen as dehumanizing or crude, it does not target any specific protected group based on race, religion, gender, or other characteristics defined in the hate speech policy. The 'slight offense' is derived from the harshness of the joke rather than discriminatory intent.",,
82590,img/82590.png,1,burning them was a great public service,1.0,1,hateful,"The meme pairs an image of emaciated Holocaust victims with text expressing approval of burning them. This constitutes direct glorification of genocide and dehumanization of Jewish people, invoking extreme hatred against a specific ethnic and religious group.",,
83045,img/83045.png,1,"so much trash, we need a garbage collector",0.95,1,hateful,"The meme uses the word 'trash' and 'garbage collector' to dehumanize the women depicted in the image, directly attacking them based on gender by likening them to refuse.",,
29873,img/29873.png,1,who knew that this country is full of white trash,0.98,1,hateful,"The meme utilizes the derogatory slur 'white trash' in the text overlay to attack and demean the people depicted in the image, labeling them based on a combination of race and socioeconomic status. This falls under the definition of hateful speech as it employs dehumanizing language and statements of inferiority against a group.",,
13750,img/13750.png,0,wouldn't be the last time those people used the oven this way,0.95,1,hateful,"The meme depicts a woman suffering from an oven fire, accompanied by text stating she 'wouldn't be the last time those people used the oven this way'. This implies a causal link between the specific group of people and the disaster, utilizing the historical context of ovens (which are heavily associated with the Holocaust) to dehumanize and attack a group (implicitly Jewish people) by associating them with death and destruction. This constitutes hate speech under the definition provided.",,
68257,img/68257.png,0,everyone is afraid of dark,0.99,1,non-hateful,"The meme depicts a dark alleyway with the caption 'everyone is afraid of dark', which describes a common phobia (nyctophobia). It does not target any protected group based on characteristics such as race, religion, or gender, nor does it contain dehumanizing language.",,
85761,img/85761.png,1,no wonder why the pipes are not working,0.98,1,non-hateful,"The meme depicts a drain pipe on a beach leading into the ocean with the caption 'no wonder why the pipes are not working', creating a crude visual pun related to sexual acts. The content is suggestive and humorous but does not target, attack, or dehumanize any protected group based on race, religion, gender, sexual orientation, or other characteristics.",,
68253,img/68253.png,1,free blanket maybe white man not so bad after all,0.85,1,hateful,"The meme employs a racial caricature (a dog wearing a Native American headdress) to personify the term 'white man'. The text 'white man not so bad after all' constructs a derogatory stereotype portraying the 'white man' (historically the colonizer) as deceitful or inherently bad, only to feign appreciation for material goods. This mocks and demeans the group based on race/nationality using a 'noble savage' trope.",,
69512,img/69512.png,0,happy birthday you sexy beast,0.01,0,non-hateful,"The meme features a photograph of actor Rick Moranis with the text 'happy birthday you sexy beast'. This is a humorous reference to the movie 'Spaceballs', where the character Dark Helmet (played by Moranis) uses this line to compliment Princess Vespa. The phrase is a pop culture quote rather than a hate speech attack on a protected group. Although it sexualizes an older man, the context is clearly comedic and celebratory rather than hateful, violent, or dehumanizing based on protected characteristics.",,
93051,img/93051.png,0,and for my next class project!,0.99,1,non-hateful,The meme depicts four children of diverse appearances looking at a science project with a caption about a class project. The content is lighthearted and focuses on school activities without targeting any protected group or promoting hatred.,,
19530,img/19530.png,1,they shot the wrong gorilla,1.0,1,hateful,"The meme employs a racist stereotype by visually comparing a Black woman to a gorilla, a dehumanizing trope historically used to attack Black people. The text reinforces this by implying a biological or species-level connection, constituting a hate speech attack based on race.",,
85679,img/85679.png,1,mr obama it is an honor,0.85,1,hateful,"The meme utilizes a common 'monkey with chains' meme format where the monkey is labeled 'mr obama' (referring to former President Barack Obama). This imagery dehumanizes the political figure by depicting him as an animal in chains, a visual metaphor often used to demean or mock. Although the accompanying text 'it is an honor' is positive, the visual component relies on the offensive stereotype and dehumanization of the subject based on his identity as a Black man in a position of power.",,
51807,img/51807.png,0,are you a boy or a girl i'm non binary,0.01,0,non-hateful,"The meme depicts a person answering a question about their gender by stating they are non-binary. This is an expression of identity that does not contain attacks, dehumanizing language, or mockery directed at a protected group.",,
18742,img/18742.png,0,i'm proud of it! come at me!,0.99,1,non-hateful,"The meme displays a person wearing a shirt that explicitly claims a feminist identity with the text 'YES I'M A FEMINIST'. The additional captions 'i'm proud of it!' and 'come at me!' express personal pride and resilience regarding this identity. The content does not attack, dehumanize, or threaten any protected group; rather, it advocates for the wearer's identity.",,
76921,img/76921.png,1,she probably asked a wrong question,0.01,0,non-hateful,"The meme depicts a physical altercation in a domestic setting with the caption 'she probably asked a wrong question'. While the scenario implies a negative, potentially abusive relationship dynamic or domestic violence, it does not target a specific protected group based on ethnicity, race, gender, religion, or other protected characteristics. The context is a general observation on conflict or bad luck rather than hate speech.",,
51607,img/51607.png,1,49 people were killed at christchurch muslim 49 people were killed at christchurch mosques muslim,0.95,1,hateful,"The meme mocks a specific religious group by suggesting that Muslims are indifferent to the mass murder of their fellow congregants unless they are explicitly reminded of their shared identity, which is a harmful and dehumanizing stereotype.",,
26439,img/26439.png,0,parental opioid use has negative effect on children's intelligence,0.1,0,non-hateful,"The meme contains offensive language and depicts drug use, but it is a general statement about the biological or developmental consequences of parental opioid use. It does not target or attack any protected group based on ethnicity, religion, nationality, or other characteristics defined in the hateful content policy.",,
97305,img/97305.png,1,when your wife just died giving birth to your daughter and you're alone in the room with your naked just born daughter,0.95,1,hateful,"The meme depicts a man in traditional Arab clothing reacting with joy to a scenario involving his wife's death in childbirth. This relies on a negative racial and cultural stereotype portraying Muslim or Arab men as sociopathic, cruel, or lacking empathy for women and children, which constitutes a hateful attack based on ethnicity and religion.",,
12650,img/12650.png,1,which one has tranny problems?,0.95,1,hateful,"The meme uses a derogatory slur against transgender individuals in the text overlay to mock the women depicted, constituting hate speech based on gender identity.",,
50241,img/50241.png,1,"bitches be like no weave, no makeup, no lashes, no eyebrows",0.1,0,non-hateful,"The meme uses profanity to mock the perceived superficiality or high maintenance of women ('bitches') by comparing their natural appearance to a goblin character. While the use of the slur and the crude comparison are offensive and derogatory towards women, this is classified as crude humor or general sexism within pop culture rather than hate speech that attacks a protected group with calls for exclusion, violence, or severe dehumanization.",,
82509,img/82509.png,0,72 virgins are ready to get fucked up,0.98,1,hateful,The meme uses the term 'virgins' combined with the crude phrase 'ready to get fucked up' to target women based on their gender and sexual history. This constitutes dehumanizing speech that promotes sexual aggression against a protected group.,,
74350,img/74350.png,1,a head diaper is required when you have shit for brains,0.95,1,hateful,"The meme targets a person identifiable by race and headwear (headscarf) with a caption that dehumanizes them, stating they have 'shit for brains' and require a 'head diaper.' This constitutes an attack and humiliation based on protected characteristics.",,
91763,img/91763.png,1,imagine being so disgusting there have to be laws to try to stop normal people from hating you,0.1,0,non-hateful,"The meme features a rabbi and uses hyperbolic sarcasm to complain about public perception and legal protections. While it expresses negative sentiment regarding 'disgusting' behavior and 'hating', it functions as a complaint about being disliked rather than an attack on a protected group based on race, religion, or other characteristics. It does not dehumanize or incite hatred against others.",,
6352,img/06352.png,0,"and then i asked mom, can we go play?",0.01,0,non-hateful,"The meme depicts a joyful child on a bicycle with relatable text about asking to play. It contains no attacks on protected groups, no dehumanizing language, and falls under general culture humor.",,
