id,img,label_true,text,prob_pred,label_pred,classification,description,modality_type,error
57823,img/57823.png,0,"bitches be like no weave, no makeup, no lashes, no eyebrows & no filter. all natural",0.85,1,hateful,The meme uses the slur 'bitches' to mock women who present themselves naturally without makeup or filters. This targets a group based on sex/gender with dehumanizing language and a statement of inferiority regarding their presentation.,,
80947,img/80947.png,1,my new muslim girlfriend not much to look at,0.9,1,hateful,"The meme depicts a large object covered in black cloth as a 'Muslim girlfriend' and adds the text 'not much to look at'. This conveys a hateful message by dehumanizing women of the Muslim faith, treating them as objects to be covered rather than seen or valued, and reinforcing negative stereotypes regarding Muslim modesty.",,
30145,img/30145.png,0,"before my presidency, there was no isis. there was no caliphate there was no blm. there was no antifa. there was no war on police i built that",0.95,1,hateful,"The meme attributes the existence of ISIS, the Caliphate, BLM, Antifa, and a 'war on police' to Barack Obama's presidency. It falsely claims that Black Lives Matter and Antifa were founded by or during the Obama administration (BLM was founded in 2013, Antifa dates back much earlier), thereby scapegoating a person of color for social unrest and terrorist organizations. This constitutes a hateful attack by spreading misinformation that demonizes the target and associates them with violence and social division.",,
80243,img/80243.png,1,mississippi wind chime,1.0,1,hateful,"The meme uses the phrase 'mississippi wind chime' to refer to the lynching of Black people, a form of racial terrorism. It trivializes racial murder and uses violence against African Americans as dark humor.",,
3217,img/03217.png,0,"they are like sperm you get millions, but only one works",0.01,0,non-hateful,"The meme compares ideas to sperm, a biological function, to illustrate that many are generated but few succeed. It does not target any protected group based on ethnicity, race, religion, gender, or other characteristics. The text is crude but not hateful.",,
9715,img/09715.png,1,i started a business that sells landmines disguised as prayer mats.. ..prophets are going through the roof,0.9,1,hateful,"The meme suggests that religious leaders are being harmed by landmines disguised as religious items, promoting the idea that followers of a specific faith are deserving of violence or deception based on their religious practices.",,
52079,img/52079.png,0,just bought a house! now we're house-poor,0.0,0,non-hateful,"The meme depicts a happy couple celebrating buying a house, with text making a joke about being 'house-poor' (financially drained by the purchase). There is no attack on any protected group, nor does it contain dehumanizing language or stereotypes.",,
9467,img/09467.png,1,when mom asks where all the jews went,1.0,1,hateful,"The meme uses the phrase 'where all the jews went' to reference the Holocaust, trivializing the genocide of Jewish people as a joke.",,
84756,img/84756.png,1,when you ask the kid that misses class a lot why he is bald and he starts crying all right. then keep vour secrets,0.9,1,hateful,"The meme mocks a child's appearance (baldness), implying a serious medical condition like cancer as a punchline for a joke. This targets an individual based on their disease or medical status, which falls under the definition of hate speech provided.",,
38914,img/38914.png,0,cotton candy is what makes the theme park wonderful,0.99,1,non-hateful,"The meme depicts a young boy enjoying cotton candy with a positive caption about theme parks. It does not contain any attacks, stereotypes, or mockery based on ethnicity, race, religion, disease, or other protected characteristics.",,
50198,img/50198.png,0,you don't need cocaine to be happy,0.95,1,hateful,"The meme juxtaposes an image of cocaine with a person with Down syndrome and the text 'you don't need cocaine to be happy'. This creates an offensive implication that the individual is a source of amusement or 'highs' due to their disability, mocking their condition for comedic effect.",,
78612,img/78612.png,0,go see fifty shades darker in theaters alone and throw mayonnaise at couples in the dark,0.9,1,hateful,"The meme targets 'couples,' which can include individuals of various sexual orientations, by suggesting a violent act (throwing mayonnaise) specifically at them in a dark setting. This constitutes a call for harassment and violence against a group of people, fitting the definition of a hateful attack.",,
54206,img/54206.png,0,you can smell disgust and hate from this photo,0.95,1,hateful,"The meme utilizes an image of a historical lynch mob and explicitly references 'hate' in the caption. This invokes the pain and horror of racial terrorism and historical violence against Black people for comedic effect, fitting the definition of evoking pain from historical figures and mocking hate crimes.",,
65403,img/65403.png,1,money is evil give it to us,0.8,1,hateful,"The meme uses the image of Pope Benedict XVI and clergy along with the text 'money is evil give it to us' to satirically mock the Catholic Church, implying hypocrisy and greed regarding financial donations. This constitutes an attack on a religious group by mocking them and attributing negative traits.",,
86170,img/86170.png,1,how to keep the thefts out,1.0,1,hateful,"The image depicts members of the Ku Klux Klan, a hate group known for racial terrorism. The text 'how to keep the thefts out' utilizes a racist dog whistle, implying that Black people are inherently thieves and should be kept away by the Klan.",,
37420,img/37420.png,0,like lebanon terrorism can destroy a beautiful country,0.95,1,hateful,"The meme creates a hateful generalization by equating the entire nation of Lebanon with 'terrorism' and claims this negative stereotype is capable of destroying the country, attacking people based on nationality.",,
85237,img/85237.png,0,these are all the weapons that were seized from isis,0.1,0,non-hateful,"The meme implies that ISIS possesses only outdated and obsolete weaponry, mocking the group's military capabilities. This targets the group based on a negative stereotype rather than attacking a protected characteristic like race, religion, or ethnicity. It does not incite violence or hatred against individuals.",,
83264,img/83264.png,1,randomly deciding to bake something,0.9,1,hateful,"The meme uses a photoshopped image of Adolf Hitler, a figure responsible for the Holocaust and systematic genocide of Jewish people and others. By associating him with a trivial, harmless activity ('randomly deciding to bake something'), the meme trivializes his role in historical atrocities, which constitutes an attack by evoking pain from historical figures associated with mass murder.",,
6582,img/06582.png,1,they are terrorists anyone who doesn't agree is an idiot,1.0,1,hateful,"The meme explicitly equates an entire religious group with terrorism and calls anyone who disagrees an idiot, constituting a direct stereotype-based attack on religion.",,
13026,img/13026.png,1,under the name of multiculturalism we let terrorist into this country,1.0,1,hateful,"The meme targets a specific religious group by using stereotypical imagery (a woman in a hijab) and explicitly labels them as 'terrorists' brought into the country. This constitutes a direct attack based on religion and nationality, equating the group with violence.",,
59206,img/59206.png,0,traveling through chimney,0.01,0,non-hateful,"The meme humorously contrasts Santa's chimney entry with a street parade, containing no hate speech or attacks on protected groups.",,
63827,img/63827.png,1,teacher of the year for black community,1.0,1,hateful,"The meme juxtaposes a hanging noose—a symbol of lynching and racial terror against Black people—with the phrase 'teacher of the year for black community.' This implies that the appropriate 'award' or fate for a Black community member is death by hanging, which constitutes a violent attack and dehumanization based on race.",,
13809,img/13809.png,1,doing o's with the smoke,0.98,1,hateful,"The image depicts a crematorium, identifiable by its industrial structure and chimney, which is strongly associated with Nazi death camps and the Holocaust. The text 'doing o's with the smoke' uses 'O's' as a slang reference to oral sex, implying sexual activity involving the smoke rising from the crematorium. This combines sexual vulgarity with the site of mass genocide, trivializing the deaths of millions and mocking the victims of the Holocaust.",,
98543,img/98543.png,1,upper downer,0.95,1,hateful,"The meme juxtaposes lines of cocaine with a smiling man with Down syndrome, using the terms 'upper' and 'downer' to imply that people with Down syndrome are inherently sad, miserable, or a 'downer' in the context of party drugs. This constitutes dehumanizing speech and a statement of inferiority based on a disability.",,
17028,img/17028.png,1,"feeling bored, let's go to a mosque",0.95,1,hateful,The meme juxtaposes boredom with a firearm and a suggestion to attack a mosque. This implies that violence against Muslim places of worship is an acceptable or humorous solution to boredom. It constitutes a hateful attack on a religious group by advocating for violence and dehumanizing a religious site as a mere recreational target.,,
91756,img/91756.png,1,abnormal vs normal,0.9,1,hateful,"The meme juxtaposes a woman wearing a hijab with the text 'abnormal vs normal', implying that wearing religious headscarves is an abnormality compared to the 'normal' state. This constitutes a statement of inferiority and exclusion based on religion.",,
3567,img/03567.png,1,potato is my favorite color of the alphabet,0.01,0,non-hateful,The meme uses a nonsensical phrase and is a humorous statement of absurdity; it does not target any protected group or characteristics.,,
12045,img/12045.png,0,learn to hunt. it's a valuable skill,0.0,0,non-hateful,"The image depicts a young person hunting with a shotgun and the text encourages learning to hunt as a 'valuable skill'. This represents a promotion of a hobby or activity and does not contain any attacks, dehumanization, or discrimination against a protected group.",,
53046,img/53046.png,1,"you've heard of elf on a shelf, now get ready for",0.01,0,non-hateful,"The meme features a family posing with Winnie the Pooh and Tigger characters, with playful text referencing the idiom 'elf on the shelf'. There is no hateful content, stereotypes, or attacks directed at any individuals or groups.",,
52394,img/52394.png,0,i forgot what are we fighting over again?,0.6,1,hateful,"The image depicts a violent riot with bloodshed and physical altercations. The text trivializes this violence and the conflict causing it by turning it into a joke about forgetfulness, which falls under evoking pain or making light of violent events.",,
63175,img/63175.png,0,"if i was uncircumcised i'd hide candy in my dick skin so when a girl about to suck me up, she has a pleasant surprise.. oh my god, skittles",0.0,0,non-hateful,"The meme discusses a sexual fantasy involving a specific anatomical condition (circumcision status). It does not target a protected group based on ethnicity, religion, gender, etc., nor does it promote violence, dehumanization, or inferiority.",,
62970,img/62970.png,0,if you want to know how they were treated illustration of man with four slaves chained together,0.92,1,hateful,"The meme juxtaposes a historical illustration of enslaved people with text that encourages the viewer to imagine their suffering. By presenting slavery—a dehumanizing historical crime—as a premise for a thought experiment, it trivializes the pain of enslaved people and mocks the historical reality of slavery, which constitutes a hateful attack based on race.",,
45062,img/45062.png,0,me and my kids are going to rob this country blind at the expense of the very people that voted for me. and they're going to love it. believe me! bigly!,0.0,0,non-hateful,"The meme depicts Donald Trump making a statement about exploiting his supporters ('voted for me'), but it does not attack any group based on characteristics such as race, religion, nationality, or disability. The text describes a specific political grievance regarding 'kids' and voters, which does not meet the definition of hate speech.",,
18356,img/18356.png,0,i took a shower this morning,0.8,1,hateful,"The meme references Benito Mussolini, a leader of the National Fascist Party and architect of genocide in Ethiopia and Libya, along with the Holocaust in Yugoslavia. The phrase 'i took a shower this morning' is a common internet joke format implying the subject was previously perceived as 'dirty' or 'unclean.' By associating Mussolini with hygiene issues, the meme trivializes a mass murderer and Nazi collaborator, evoking pain from historical atrocities and mocking the historical figure's regime.",,
62375,img/62375.png,1,im not saying i'm racist im just saying all muslims are terrorists,1.0,1,hateful,"The text directly equates an entire religious group with terrorism, presenting a harmful stereotype and generalization that attacks Muslims based on their religion.",,
32579,img/32579.png,0,come to the dark side we have weed,0.01,0,non-hateful,"The meme depicts a celebrity (Snoop Dogg) standing with Star Wars characters (Darth Vader and Stormtroopers) associated with the 'dark side'. The text 'come to the dark side we have weed' makes a humorous pun associating the 'dark side' with marijuana. There are no attacks on individuals or groups based on protected characteristics such as race, religion, or disability. The content is purely pop-culture humor.",,
1742,img/01742.png,0,in just one hour from now i'll only have 4 hours left until i have to work a mere 3 hours,0.01,0,non-hateful,"The meme uses hyperbole to express the monotony of a work schedule. It does not attack or target any protected group based on characteristics such as race, religion, or gender.",,
69815,img/69815.png,1,thank you for allowing me into your country now we need to talk about the things that need to change around here to accommodate my beliefs,0.95,1,hateful,"The meme utilizes the 'Muslim Guy' meme format, which relies on negative stereotypes of Muslim men as ungrateful, dangerous, or demanding. The text constructs a caricature of an immigrant who feels entitled to demand changes to host country laws based on their religious beliefs, portraying the group as an unwanted burden.",,
7198,img/07198.png,1,islam is a religion of peace stop criticizing my religion,0.95,1,hateful,The meme juxtaposes the phrase 'islam is a religion of peace' with an image of a man surrounded by weapons. This visual association is used to mock the claim of peacefulness and reinforces the hateful stereotype that equates Muslims or Islam with violence and terrorism.,,
83675,img/83675.png,0,i'm gonna be like phelps one day,0.0,0,non-hateful,"The meme features a young black swimmer with text stating they will be like Michael Phelps one day. This is an expression of aspiration and admiration for a successful athlete, with no hateful elements targeting protected characteristics.",,
95604,img/95604.png,1,"they want to be accepted for who they are, yet theren't able to accept themselves for who they are",0.0,0,non-hateful,"The meme features a drag queen and includes text expressing a sentiment about self-acceptance regarding one's identity. It does not contain attacks, dehumanizing speech, or statements of inferiority directed at any protected group based on the provided definition.",,
61085,img/61085.png,0,upper downer,0.99,1,hateful,"The meme compares a person using drugs (stereotyped as an 'upper') to someone taking Vicks NyQuil (labeled a 'downer'). It mocks the person taking the over-the-counter medication by equating them to a drug addict, which constitutes a dehumanizing attack and implies inferiority.",,
19385,img/19385.png,0,rose's are red violet's are blue little stupid ass bitch i ain't fuckin witchu,0.95,1,hateful,"The text uses dehumanizing language and slurs ('little stupid ass bitch') directed at a person. This constitutes a statement of inferiority and is a direct verbal attack, fitting the definition of hate speech.",,
8291,img/08291.png,1,white people is this a shooting range,0.99,1,hateful,"The meme features the text 'white people is this a shooting range' overlaid on an image of Black children. This implies a stereotype associating Black individuals with gun violence or the need for a 'shooting range', which is a dehumanizing racial slur and attack.",,
24316,img/24316.png,1,sharks don't attack him why? they think it's whale shit,0.99,1,hateful,"The meme uses a dehumanizing racial slur to refer to a Black person's appearance, characterizing their skin color as excrement. This constitutes a hateful attack based on race by reducing the subject's identity to an insulting and derogatory comparison.",,
2157,img/02157.png,1,"mohammed i'm pregnant.... don't sass me, you know it's funny! ~cupcakes",0.98,1,hateful,"The meme targets the Prophet Mohammed, a central religious figure, by attributing a biologically impossible claim to him in a mocking manner. This constitutes a dehumanizing and disrespectful attack on his person and religion.",,
43698,img/43698.png,0,don't be late for work get the protestor plow,0.98,1,hateful,The meme encourages violence against protesters by suggesting the use of a vehicle to hit them.,,
75286,img/75286.png,1,look at this sandwich maker club i found on wish on clearance,0.85,1,hateful,"The meme uses the phrase 'sandwich maker club' as a double entendre, a common internet joke referring to a specific sexual act involving women's bodies. This targets individuals based on their sex and reduces them to an object of a sexual stereotype.",,
21567,img/21567.png,1,our dad is a potato farmer,0.99,1,hateful,"The meme features two individuals with Down syndrome, identifiable by their physical characteristics. The caption 'our dad is a potato farmer' uses a derogatory stereotype equating people with intellectual disabilities to 'potatoes', a common dehumanizing insult. This constitutes a direct attack based on disability.",,
32691,img/32691.png,1,this is how muslims celebrate new year,1.0,1,hateful,"The meme juxtaposes an image of the September 11 attacks with the text 'this is how muslims celebrate new year', falsely attributing a terrorist attack to Muslims as a religious tradition. This is a direct attack on Muslims based on religion, dehumanizing them and invoking the pain of a mass-casualty event.",,
19075,img/19075.png,0,when you smell cake,0.95,1,non-hateful,"The meme uses the image of a long nose to symbolize lying, combined with the text 'when you smell cake'. This is a humorous play on the idea that people cannot resist cake and might lie about it, similar to Pinocchio's nose growing when lying. It does not target any protected group based on characteristics like race, gender, or religion, nor does it involve dehumanizing speech or attacks.",,
68127,img/68127.png,0,all you guys think about is dope,0.01,0,non-hateful,"The meme depicts a stereotype of a 'dweeb' or socially awkward male character, likely derived from the 'dumb blonde' meme format. It makes a broad generalization about the thoughts of a specific group of people ('you guys'). However, it does not attack a protected group based on characteristics such as ethnicity, race, religion, gender, or disability. It is a pop-culture stereotype or a 'cringe' humor image rather than hate speech.",,
84107,img/84107.png,0,i ordered a dishwasher and they sent me a sandwich maker,0.0,0,non-hateful,"The meme depicts a humorous situation where a customer received the wrong product (a sandwich maker instead of a dishwasher). It contains no attacks, stereotypes, or offensive language targeting any protected group or characteristic.",,
2568,img/02568.png,1,whatsthe difference between heroin and i? cops think twice before shooting heroin,0.95,1,hateful,"The meme employs a racial stereotype suggesting that the subject is so prejudiced he confuses the word 'heroin' with the N-word, implying he would shoot Black people. This constitutes a direct attack based on race.",,
2634,img/02634.png,1,and just like that... this sandwich maker doubles as an ironing board,0.0,0,non-hateful,"The meme features a woman lying on a lawn with text comparing a sandwich maker to an ironing board, which is a humorous reference to the heat of the appliance or the sun. It does not contain any attacks, stereotypes, or derogatory language targeting protected groups such as race, religion, gender, or disability.",,
39827,img/39827.png,1,kick them out of country,0.95,1,hateful,"The text 'kick them out of country' is a direct call for the exclusion of a group based on nationality or immigration status, fitting the definition of hate speech.",,
1925,img/01925.png,1,i am not racist i just don't like brown sugar,0.95,1,hateful,"The meme uses a play on words where the speaker claims not to be racist but expresses a dislike for 'brown sugar'. This serves as a dog whistle to express prejudice against people with brown skin (people of color), utilizing a common internet trope to mask racist sentiment as humor.",,
97132,img/97132.png,0,in the muslim world all gay men are well hung,0.98,1,hateful,The meme generalizes and stereotypes individuals based on their religion and sexual orientation by attributing a specific physical characteristic to all gay men in the Muslim world.,,
35719,img/35719.png,0,jamal is practicing for class sport,0.99,1,non-hateful,"The image depicts a young boy playing soccer and the text states 'jamal is practicing for class sport'. There is no content in the image or text that attacks, mocks, or dehumanizes anyone based on protected characteristics such as race, religion, or disability.",,
5279,img/05279.png,1,"knowing white people , that's probably the baby father",0.95,1,hateful,"The meme makes a stereotypical joke implying that a pregnant woman's partner is a horse, which serves as a dog-whistle attack on people of color, specifically Black people. It invokes a harmful and racist trope used to dehumanize and mock Black women.",,
48296,img/48296.png,1,when you date an asian boy and you trynna get his family to accept you,0.85,1,hateful,"The meme implies that Asian families are difficult, traditional, or exclusionary, requiring the partner to undergo a significant trial to win their approval. This promotes a negative, xenophobic stereotype targeting a specific racial and ethnic group.",,
67208,img/67208.png,0,does nike also sell stones in case they take it off?,0.0,0,non-hateful,"The meme makes a joke about the Nike 'Air' branding by asking if they sell stones for when the shoes are removed. This is a pun on the product name and does not target any protected group based on characteristics such as race, religion, gender, or disability.",,
30586,img/30586.png,0,just can't get rid of the stain. this is why i hate beets,0.01,0,non-hateful,"The meme expresses frustration with beets causing stains while washing dishes. This is a humorous complaint about a food item and household chores, lacking any attack on individuals or groups based on protected characteristics.",,
41728,img/41728.png,0,i believe they are like racism. just shouldn't exist,0.99,1,hateful,"The meme contains text explicitly calling for the non-existence of a group associated with the imagery (ISIS flag and armed militants). This constitutes a call for exclusion or segregation based on religion or ideology, which falls under the definition of hateful speech.",,
63987,img/63987.png,0,the migrant caravan arrives!,0.99,1,hateful,"The meme portrays a man physically assaulting a woman and child in the midst of a crowd of refugees, with the caption 'the migrant caravan arrives!'. This combines an image of violence and dehumanization with text that specifically targets a group based on their immigration status. The implication that migrants are dangerous aggressors constitutes a hateful attack based on immigration status.",,
43910,img/43910.png,1,i just started a company selling landmines that look like prayer mats prophets are going through the roof,0.9,1,hateful,"The meme creates a violent association between prayer mats, which are religious items used by Muslims, and landmines. It implies that Muslim worship items are weapons designed to kill, utilizing a dark humor format to dehumanize the religion and equate religious practice with terrorism.",,
14865,img/14865.png,0,"terrible as hitler was, he did enjoy watching sports",0.85,1,hateful,"The meme makes light of Adolf Hitler's atrocities by contrasting them with a trivial humanizing detail (watching sports). This falls under the definition of mocking historical figures associated with hate and genocide, which trivializes the immense suffering caused by the Holocaust.",,
94185,img/94185.png,1,how a black woman can fight crime,0.95,1,hateful,"The meme makes a direct racial attack on Black women by implying they are responsible for high crime rates, thereby reinforcing a racist stereotype and attributing a social problem to a specific racial group.",,
27498,img/27498.png,1,who's gonna make the sandwiches? what do we do with all these sandwiches?,0.99,1,hateful,"The meme juxtaposes a photo of two men kissing with a photo of two women kissing (brides) using the text 'who's gonna make the sandwiches' and 'what do we do with all these sandwiches'. The phrase 'make the sandwiches' is a well-known homophobic dog whistle referring to oral sex, implying that gay people engage in sexual acts rather than procreating. This serves to mock and demean the LGBTQ+ community.",,
14975,img/14975.png,0,hitting is a crime. it's about time people understood that,0.98,1,non-hateful,"The meme features an image of a woman with visible signs of physical abuse (bruised face) and text stating 'hitting is a crime. it's about time people understood that'. This content advocates against violence and domestic abuse, which is the opposite of hate speech. It raises awareness about a crime rather than attacking a protected group.",,
18367,img/18367.png,0,i love my slow cooker,0.0,0,non-hateful,The image shows food in a slow cooker and the text expresses affection for the appliance. There is no hate speech or attack on any group based on characteristics.,,
74250,img/74250.png,0,white kids kids dreaming about their first day of school,0.95,1,hateful,"The meme makes a derogatory generalization about white children by labeling them as 'kids dreaming about their first day of school,' implying a negative trait associated with their race.",,
47183,img/47183.png,0,taking the liberals to a whole new level,0.1,0,non-hateful,"The meme features politicians Ilhan Omar and Rashida Tlaib and uses the phrase 'taking the liberals to a whole new level.' While it relies on a political stereotype and may be seen as mocking their identity or political views, it does not contain dehumanizing language, statements of inferiority, or calls for violence/exclusion. It falls under political satire or expression of opinion rather than hate speech as defined by the criteria.",,
78134,img/78134.png,0,in other countries in pakistan,0.01,0,non-hateful,"The meme contrasts a happy couple with Pakistani cricket players, using sports victory as a proxy for happiness or societal well-being. It does not contain attacks, stereotypes, or derogatory language targeting Pakistanis based on nationality or ethnicity, nor does it imply inferiority or exclusion.",,
16354,img/16354.png,1,we've taken this country! now fuck off! we're taking it back!,0.99,1,hateful,"The meme juxtaposes an image of a Muslim man, characterized by religious attire and Urdu script, with violent rhetoric ('we've taken this country! now fuck off!'). The second panel features a white man aiming a shotgun with the text 'we're taking it back!', visually and textually threatening violence against the Muslim group depicted above based on their religion and perceived dominance.",,
58672,img/58672.png,1,did you know that the chinese eat dogs savages disgusting,0.95,1,hateful,"The text promotes a harmful stereotype claiming Chinese people eat dogs and labels them 'savages,' which constitutes a dehumanizing and racist attack based on ethnicity.",,
65342,img/65342.png,1,"barn army enlist, and bomb ant hills ""grab your pitchfork and meet at the barn""",0.95,1,hateful,"The meme combines imagery of a missile with the Kaaba and Muslim pilgrims, using the text 'bomb ant hills' to dehumanize the worshippers and suggest they are targets for military violence, which constitutes a violent call to action against a religious group.",,
61349,img/61349.png,1,the proper way to pop a blackhead,0.9,1,hateful,"The meme trivializes a violent physical altercation between men of different races by labeling it as a method for 'popping a blackhead', effectively dehumanizing the Black victim and using racial identity to make light of assault.",,
94560,img/94560.png,1,and for my next class project!,0.95,1,hateful,"The meme juxtaposes an image of individuals dressed as Hamas militants with explosives and a rifle against the text 'and for my next class project!'. This trivializes terrorism and violent extremism, mocking the act of killing or preparing for an attack by framing it as a benign school assignment. This constitutes mocking hate crime and trivializing violence associated with specific militant groups.",,
46920,img/46920.png,1,we want sharia law !! well.... go home,0.98,1,hateful,"The meme calls for the exclusion and deportation of Muslims, who are stereotypically and inaccurately portrayed as demanding 'sharia law', by telling them to 'go home'. This is a xenophobic attack based on religion and immigration status.",,
61503,img/61503.png,0,someone else used kids to push an agenda,0.7,1,hateful,"The image depicts Adolf Hitler interacting with a child. This is used to satirize political figures who use children as props for public relations, implying the subject shares Hitler's manipulative nature and historical association with hate. It falls under 'evoking pain from historical figures'.",,
53172,img/53172.png,0,straight outta the oven step one :turn on the gas,0.95,1,hateful,"The meme contains the phrase 'straight outta the oven' and 'step one :turn on the gas'. While 'straight outta the oven' is a harmless cooking pun, the phrase 'turn on the gas' is a widely recognized euphemism for mass murder and genocide, specifically referencing the Holocaust. In the context of internet culture, combining a human figure with the text 'turn on the gas' is a common dog-whistle used to express support for or make light of genocide.",,
89536,img/89536.png,0,so many lives lost because of this man,0.95,1,hateful,"The meme evokes pain and suffering from a historical figure responsible for genocide by directly attributing massive loss of life to him. This triggers the 'evoking pain from historical figures' clause of the definition, serving as a reminder of the atrocities committed against specific ethnic and religious groups.",,
67082,img/67082.png,0,"""1st day of 4th grade sandy hook elementary school""",0.85,1,hateful,"The text explicitly mentions 'sandy hook elementary school', referencing a location associated with a tragic mass shooting. In the context of internet culture, referencing this specific school is often used to mock the victims of hate crimes or the tragedy itself, thereby invoking pain from historical figures and trivializing the suffering of the victims.",,
47263,img/47263.png,1,pre-heat to 350 degrees,1.0,1,hateful,"Trivializes the Holocaust and mass murder by presenting a scene of body disposal at a crematorium with humorous, instructional text ('pre-heat to 350 degrees'), which mocks genocide and dehumanizes victims.",,
10285,img/10285.png,1,you are what you eat meanwhile in africa,0.95,1,hateful,"The meme utilizes the 'meanwhile in Africa' trope to associate the continent with starvation and poverty. This stereotype implies that people in Africa are universally deprived and dehumanizes the region, constituting a harmful generalization based on nationality and ethnicity.",,
39076,img/39076.png,0,playing with the monkeys in thailand,0.01,0,non-hateful,"The meme depicts a positive interaction between a tourist and a monkey in Thailand. There is no text or imagery that attacks, dehumanizes, or promotes exclusion based on protected characteristics.",,
27384,img/27384.png,0,that face you make when you're a bully and just got beat up by a girl,0.01,0,non-hateful,"The meme mocks Donald Trump, a political figure, by comparing him to a bully who got beaten up by a girl. This is a political attack using a common archetype but does not target a group based on protected characteristics such as race, religion, or gender.",,
92317,img/92317.png,0,"you either die a hero, or live long enough to become the villain",0.0,0,non-hateful,"The meme displays a positive scene of celebration with a Pride flag, accompanied by a humorous pop-culture quote about aging and villainy. There is no attack, hate speech, or negative stereotyping directed at any group based on protected characteristics.",,
49028,img/49028.png,0,i finally found my girlfriends g-spot turns out it was in her sister the whole time,0.0,0,non-hateful,"The text contains sexually explicit and crude language regarding the user's personal sexual life. It does not attack, dehumanize, or mock a protected group based on characteristics like race, religion, gender, or sexual orientation.",,
3214,img/03214.png,0,bartender: how about a nice 12 yr old? him: boy or girl?,0.98,1,hateful,"The meme depicts a man making a sexually predatory remark about a 12-year-old child, referencing their age and asking about their gender. This content normalizes sexual interest in minors and is offensive and harmful.",,
7653,img/07653.png,1,"in the last days there will be god hating scoffers, ridiculers, deniers and mockers following after their own lusts",0.98,1,hateful,"The meme superimposes a religious condemnation onto an image of LGBTQ+ individuals, framing their identity and expression as sinful behavior driven by lust and mockery of God. This constitutes a hateful attack based on sexual orientation and gender expression by dehumanizing and demonizing the group.",,
62703,img/62703.png,0,they shot the wrong gorilla,0.05,0,non-hateful,"The meme references the tragic shooting of Harambe the gorilla. It uses dark humor to suggest that because the gorilla was shot, the 'wrong' one was killed, implying that a human (specifically the person who threw the rock) should have been shot instead. While it expresses a call for violence against the individual involved in the incident, it does not attack a group based on protected characteristics like race, religion, or ethnicity as defined in the hate speech definition.",,
78914,img/78914.png,0,terrorist trojan horse enemy of the state,0.98,1,hateful,"The meme labels the Trojan Horse, a symbol associated with the history of Greece, as a 'terrorist' and 'enemy of the state.' This constitutes a direct attack based on nationality by associating a specific culture with terrorism and enemy status.",,
2783,img/02783.png,1,a picture of my great great great grand grandfather's tractors they don't make them like they used to,1.0,1,hateful,"The meme dehumanizes enslaved Black people by comparing them to machinery ('tractors') and uses the nostalgic phrase 'they don't make them like they used to' to trivialize and mock the brutality of slavery, constituting a hateful attack based on race.",,
2145,img/02145.png,0,"and then i asked mom, what's for dinner?",0.85,1,hateful,"The meme depicts a dinner table with food that appears to be of African origin (such as fufu, stews, and plantains). By pairing this image with the text 'and then i asked mom, what's for dinner?', it trivializes the cultural identity and traditions of African people, treating their heritage and cuisine as a punchline for mockery.",,
40982,img/40982.png,1,and just like that... this sandwich maker doubles as ironing board,0.9,1,hateful,"The meme implies that women are useless or incompetent because they only know how to make sandwiches, serving as a sexist stereotype that devalues women.",,
25061,img/25061.png,1,this is el paso shooter's father. every. single. time,0.95,1,hateful,"The meme falsely identifies the man in the image as the father of the El Paso shooter. The El Paso shooter is infamous for a white supremacist hate crime targeting Latino individuals. By labeling this random man as the 'shooter's father' 'every single time', the meme acts as an indirect attack on individuals who share the man's appearance or presumed ethnicity/religion (Latino/Muslim), falsely linking them to a mass murderer and evoking pain from a hate crime.",,
7528,img/07528.png,1,the latest and greatest. a truck that comes with a dishwasher!,0.01,0,non-hateful,"The meme makes a joke about a truck having a dishwasher, likely referencing the stereotypical 'housewife' role. It does not contain any hate speech or attack on protected characteristics.",,
24396,img/24396.png,1,"so like, why are men even gay? girls have buttholes too you know.",0.85,1,hateful,"The meme text suggests that men are gay primarily for sexual access to buttholes, implying that women do not offer that specific gratification. This conveys a message of inferiority regarding women's bodies and reduces them to a lack of specific anatomy, mocking their value in comparison to men.",,
43175,img/43175.png,1,when was the last time you saw so many mentally ill people on the streat,1.0,1,hateful,"The meme labels participants in a Pride parade as 'mentally ill people,' equating a visible LGBTQ+ gathering with mental illness. This constitutes a hateful attack based on sexual orientation and gender identity by using dehumanizing language and stigmatization.",,
34189,img/34189.png,0,fight for what you believe in fight for the future,0.0,0,non-hateful,The meme features individuals engaging in peaceful protest or activism with inspirational text about fighting for beliefs and the future. It does not attack any group based on protected characteristics.,,
9863,img/09863.png,0,diverse group of women,0.01,0,non-hateful,"The image shows a group of women of different ethnicities and ages smiling together, and the text 'diverse group of women' accurately describes them. There is no attack, stereotype, or hateful language directed at any group.",,
52091,img/52091.png,1,"women ask for equal rights, so i give them equal lefts aswell",0.95,1,hateful,"The meme mocks the concept of women's equal rights by making a dark joke about inflicting physical violence ('equal lefts') on them, supported by an image of a woman with visible facial injuries.",,
56241,img/56241.png,1,94% of them test positive for rh blood type which means they have monkey blood as a result they are born with a tail and other animal traits,0.95,1,hateful,"The text claims that people with Rh positive blood have 'monkey blood' and are born with tails and other animal traits. This is dehumanizing language that compares a group of humans to animals based on a biological characteristic (blood type), implying they are inferior or sub-human.",,
78659,img/78659.png,0,what a weird way to spell fat and single,0.01,0,non-hateful,"The meme makes a pun equating fast food consumption with being fat and single, but it targets a general behavior rather than a protected group. It does not contain direct or indirect attacks based on ethnicity, race, religion, gender identity, or other protected characteristics defined as hate speech.",,
14389,img/14389.png,1,"democrats we're new, bold, and we hate you! alexandria ocasio-cortez rashida tlais ilhan omar ayanna pressley we hate whites, jews, christians, conservatives, republicans",0.99,1,hateful,"The meme contains text that explicitly lists 'whites, jews, christians' and claims 'we hate' them. This constitutes a direct attack and statement of hatred based on race, religion, and ethnicity, which falls under the definition of hate speech.",,
3519,img/03519.png,1,i'm going home i'm russian,0.98,1,hateful,"The meme equates a pig with being Russian, utilizing a dehumanizing comparison that relies on negative stereotypes about people of Russian nationality.",,
1726,img/01726.png,1,a real man loads the dishwasher every night,0.02,0,non-hateful,"The meme uses the phrase 'a real man' to define masculinity based on domestic chores. While this touches on gender roles, it does not contain violent, dehumanizing, or segregationist rhetoric, nor does it attack a protected group based on the defined criteria.",,
34687,img/34687.png,1,everyone is afraid of dark,0.0,0,non-hateful,"The image uses a popular meme template and a generic, relatable phrase ('everyone is afraid of dark') that does not target any specific group, race, religion, or identity. There is no hateful content.",,
72061,img/72061.png,1,i like my rice crispy please,0.0,0,non-hateful,"The meme references the 'Nukes on China' meme format, where bombs are jokingly substituted with food items. In this case, the bombs are substituted with rice. Rice is a staple food for many Asian cultures. The joke implies that the user 'likes' their rice, which is a euphemism for eating it, effectively making a violent or cannibalistic joke about consuming a cultural staple. However, it does not attack a specific group, race, or religion. It is a visual pun on the meme format itself. The humor comes from the absurdity of treating a food item like a weapon in a meme known for weaponizing food jokes, rather than targeting a marginalized group.",,
28190,img/28190.png,1,when finishing a race is your passion,0.95,1,hateful,"The meme depicts Adolf Hitler and Benito Mussolini, the primary architects of the Holocaust and World War II. The text references 'finishing a race' in a context that trivializes their genocidal campaigns and the suffering of millions of victims, fitting the criteria for mocking historical hate crimes and trivializing genocide.",,
26943,img/26943.png,1,my incesters built this country!!!!,0.95,1,hateful,"The meme utilizes the image of a man with severe developmental disabilities and mental impairment. By pairing this image with the text 'my incesters', it uses the man's disability as a punchline and reinforces a dehumanizing stereotype that people with such conditions are the result of incest, constituting mocking speech based on disability.",,
91602,img/91602.png,0,upper downer,0.0,0,non-hateful,"The meme uses the words 'upper' and 'downer' to describe two different scenes. The first scene shows a person running up stairs, representing an 'upper' (someone who goes up), and the second shows a person walking down stairs, representing a 'downer' (someone who goes down). This is a simple play on words with no hateful intent or content directed at any protected group.",,
6723,img/06723.png,1,the hardest part to eat in a vegetable,0.9,1,hateful,"The meme utilizes a visual pun on the phrase 'hard to eat' to make a cruel joke about wheelchair users, who are often dehumanizingly referred to as 'vegetables'. It attacks people based on their disability by implying their condition makes them difficult to consume, fitting the definition of dehumanizing speech.",,
46087,img/46087.png,0,give that man a suicide,0.98,1,hateful,"The meme includes a call for suicide, which constitutes violent speech and encourages self-harm, meeting the criteria for an attack.",,
83920,img/83920.png,1,"just under 17 and a half years ago, 19 people were allowed into the us who should not have been all these years later, we are told that the answer to safety is to allow everyone in",0.95,1,hateful,"The meme trivializes the 9/11 attacks and the actions of the terrorists by framing them merely as '19 people' who 'should not have been allowed in'. This constitutes a mockery of hate crimes and evokes pain regarding a historical tragedy involving the loss of thousands of innocent lives, which aligns with the definition of hate speech.",,
84102,img/84102.png,0,the definition of utter disgust in plain black and white,0.02,0,non-hateful,"The meme features a woman with a stereotypical 'funny mustache' drawn on her face, which serves as a caricature to mock her appearance and masculinity. This is a form of gender-based harassment or ridicule. However, it does not constitute hate speech as it does not attack based on protected groups like race, religion, or sexual orientation, nor does it use dehumanizing language or call for violence/exclusion.",,
92068,img/92068.png,0,still better than mexican,0.95,1,hateful,"The meme uses the text 'still better than mexican' to compare a pizza to a nationality. This constitutes a dehumanizing attack by equating a people group with food and asserting their inferiority, fitting the definition of a statement of inferiority based on nationality.",,
54129,img/54129.png,0,dump pipe to the ocean,0.0,0,non-hateful,"The meme depicts a pipe leading to the ocean with text suggesting 'dump pipe,' which is likely a visual pun on the phrase 'dumb.' It does not contain any attacks on individuals or groups based on characteristics like race, religion, gender, or disability.",,
38076,img/38076.png,1,"""he's a squirter"" doesn't sound as sexy when you are gay",0.85,1,hateful,"The meme mocks and diminishes the experience of gay men by dismissing a specific aspect of sexual behavior as 'not sexy' based on sexual orientation. It functions as a derogatory statement targeting the LGBTQ+ community, contributing to negative stereotypes.",,
63921,img/63921.png,0,taking a photo with family,0.0,0,non-hateful,"The image depicts a multiracial group of people posing happily together. The caption 'taking a photo with family' is a neutral description of the activity and contains no elements of hate speech, stereotyping, or attacks on protected groups.",,
89425,img/89425.png,1,hello chocolate paradise princess i'm albert,0.01,0,non-hateful,"The meme contains text that appears to be nonsensical or a reference to a specific inside joke ('chocolate paradise princess'). It does not contain any hate speech, discriminatory language, or attacks on protected groups.",,
56428,img/56428.png,0,if the shocker don't rock her spock her,0.8,1,hateful,"The meme uses a pun on 'shocker' (electroshock therapy) and 'spock', encouraging the use of physical or medical harm ('shocker') and dehumanizing the subject by treating her as an object to be manipulated. It mocks mental health treatment and promotes non-consensual acts, fitting the definition of hateful speech through dehumanization and mockery of disease/disability.",,
6273,img/06273.png,1,the jihad squad,1.0,1,hateful,"The meme labels a group of Muslim women politicians as 'the jihad squad,' directly associating them with terrorism and violence based on their religion.",,
50379,img/50379.png,0,do you know how to turn your dishwasher into a snowblower? throw em a shovel,0.01,0,non-hateful,"The meme uses a pun to suggest putting a shovel in a dishwasher. It does not attack or mock any group based on protected characteristics like race, religion, or disability.",,
59806,img/59806.png,0,"on tuesday, november 3, 2020, we make america great again  by voting this nightmare out of office!",0.1,0,non-hateful,"The meme uses the word 'nightmare' to describe Donald Trump, which is an insult and political criticism but does not attack him based on protected characteristics (race, religion, gender, etc.) nor does it call for violence or segregation.",,
59140,img/59140.png,1,wanna go masturbate? fuck yeah! masturbating!,0.99,1,hateful,"The meme targets individuals with disabilities, making a mockery of their condition and associating it with a derogatory act. This constitutes a direct attack based on disability.",,
9563,img/09563.png,1,safe sex isis style,0.95,1,hateful,"The meme makes a crude sexual innuendo about a religious group, associating them with non-consensual acts (rape) in a way that mocks and attacks the group. This qualifies as a hateful stereotype based on religion.",,
26985,img/26985.png,1,i just heard my girlfriend is pregnant,0.9,1,hateful,The meme depicts a man running away upon hearing his girlfriend is pregnant. This content targets women for bearing children by framing it as a negative burden or a reason for a man to flee. This constitutes a statement of inferiority and a dehumanizing attack based on sex and gender roles.,,
65832,img/65832.png,1,why love one but eat the other ? i don't get it,0.01,0,non-hateful,"The meme is a humorous observation on the irony of loving dogs while eating pigs, utilizing the child's confusion to highlight human inconsistency. It does not attack or mock any protected group based on race, religion, or ethnicity.",,
35840,img/35840.png,1,i ordered a dishwasher and they sent me a sandwich maker,0.0,0,non-hateful,"The meme depicts a woman standing next to a large cardboard box, complaining that she ordered a dishwasher but received a sandwich maker. This is a humorous scenario about a shipping or fulfillment error and does not contain any language or imagery that attacks individuals or groups based on ethnicity, race, gender, disability, or other protected characteristics.",,
79085,img/79085.png,1,today we are making vegetable soup,0.75,1,hateful,"The meme depicts two men who appear to be a same-sex couple or domestic partners working in a kitchen, with the caption stating 'today we are making vegetable soup'. This relies on a double entendre, alluding to the stereotype of 'vegetarian' relationships or 'vegetable soup' as slang for sexual activity between men. It targets and sexualizes the subjects based on their implied sexual orientation, which constitutes a hateful message.",,
84362,img/84362.png,0,unleash the inner beast on the field,0.01,0,non-hateful,"The meme uses a sports metaphor ('unleash the inner beast on the field') combining an image of a soccer player and a gorilla. It does not contain any attacks, stereotypes, or references to protected characteristics such as race, religion, or gender, and does not fit the definition of hate speech.",,
39607,img/39607.png,1,those stupid basterds thought it was a real shower,0.99,1,hateful,The meme mocks the Holocaust and the systematic murder of Jewish people by referencing the gas chambers as a 'real shower'. This trivializes genocide and targets Jewish victims based on their ethnicity and religion.,,
23810,img/23810.png,1,these aren't people,0.95,1,hateful,"The meme combines an image of refugees or displaced individuals hiding with the text 'these aren't people,' which is a dehumanizing statement denying their humanity based on their status.",,
96312,img/96312.png,0,when you support your little one every step of the way,0.0,0,non-hateful,"The meme shows a person with Down syndrome embracing a helper and includes supportive text ('when you support your little one every step of the way'). It conveys a positive message of inclusion and care, containing no hateful elements, stereotypes, or attacks.",,
56473,img/56473.png,0,knows about you. your family your children everything,0.85,1,hateful,"The meme uses imagery of Orthodox Jews and text about knowing 'everything' about a person's family to evoke negative stereotypes regarding religious privacy and surveillance. This relies on tropes of Jewish conspiracy or intrusiveness, constituting an indirect attack based on religion.",,
93041,img/93041.png,0,"""who's gonna make the sandwiches? what do we do with all these sandwiches?""",0.0,0,non-hateful,"The meme displays sandwiches in a grocery store with a caption expressing anxiety about what to do with them. It does not target or attack any group based on protected characteristics like race, religion, or gender.",,
76015,img/76015.png,0,everyone celebrates christmas !,0.85,1,hateful,"The meme juxtaposes an image of Christmas with an image of Orthodox Jewish men and the text 'everyone celebrates christmas!', implying that they celebrate the holiday. This is a mockery of their religious traditions, as these individuals likely do not celebrate Christmas, serving as a dehumanizing joke or stereotype based on religion.",,
28690,img/28690.png,0,if you're gonna talk shit about someone... you better make sure they aren't crazier than you are,0.01,0,non-hateful,"The meme features a quote from the movie 'The Truman Show' advising caution before criticizing others. The text contains profanity but does not attack or mock individuals based on protected characteristics such as race, religion, or gender. It is a general statement about interpersonal conflict and does not meet the criteria for hate speech.",,
75639,img/75639.png,1,changing every single country it touches,0.88,1,hateful,"The meme depicts a Muslim figure and suggests that the religion fundamentally negatively alters or corrupts any nation it enters, which constitutes a dehumanizing attack and negative stereotyping based on religion.",,
80912,img/80912.png,0,mr obama it is an honor,0.01,0,non-hateful,"The meme depicts a conversation between Malala Yousafzai and Barack Obama with the text 'it is an honor'. It contains no attacks, dehumanizing speech, or stereotypes based on any protected characteristics.",,
91405,img/91405.png,0,wears rag on her head so her brother husband doesnt want to molest her,0.98,1,hateful,The text uses the derogatory term 'rag' to describe religious headwear and presents a hateful stereotype implying that women wear this attire to protect themselves from incestuous abuse by male relatives.,,
90843,img/90843.png,0,"time to put the ""panic"" back in hispanic",0.95,1,hateful,"The meme makes a pun using the phrase 'panic attack' by replacing 'attack' with 'Hispanic.' This pun trivializes the medical condition of panic attacks by associating them with Hispanic people, serving as a racial stereotype and an attack based on ethnicity.",,
20861,img/20861.png,1,pretty much sums up islam,0.99,1,hateful,"The meme depicts an individual in religious attire with a suicide vest and overlays the text 'pretty much sums up islam', which directly equates the entire religion with terrorism. This is a dehumanizing and violent stereotype that serves as a direct attack on people based on their religion.",,
92738,img/92738.png,1,"they are the best in basketball because they can steal, shoot and run",0.01,0,non-hateful,"The meme makes a joke about basketball players' athletic skills using a play on words regarding criminal behavior (stealing and running). It does not target any individual or group based on protected characteristics such as race, religion, ethnicity, or disability, nor does it convey hate speech.",,
27614,img/27614.png,0,maybe if you think before you act you'd be treated better,0.01,0,non-hateful,"The meme uses the 'Roll Safe' template to deliver general advice about thinking before acting to receive better treatment. It does not target any specific protected group based on race, gender, religion, or other characteristics defined in the hateful speech definition.",,
98701,img/98701.png,1,oh no i can't steal anymore,0.02,0,non-hateful,"The meme is a pun on the phrase 'stealing the show', replacing it with 'steal' to mean 'feel pain' due to knee injury. It targets a personal physical ailment rather than a protected group or characteristic, and does not attack, dehumanize, or segregate anyone.",,
94170,img/94170.png,0,when you decide to go full gas,0.01,0,non-hateful,"The meme depicts a woman opening an oven with steam or smoke coming out. The text 'when you decide to go full gas' is a pun on 'gaslighting' or simply the physical act of using a gas stove. There are no attacks on protected groups, no mocking of disabilities or diseases, and no dehumanizing language.",,
1967,img/01967.png,0,when you decide to stop racism by burning its symbol,0.95,1,non-hateful,"The meme depicts a person burning a symbol, captioned as an action taken 'to stop racism'. While the act of burning a symbol is visually aggressive, the explicit intent stated in the text is to combat racism, not to attack a protected group. It does not contain dehumanizing language, stereotypes, or calls for segregation, but rather expresses a desire to oppose hatred.",,
79042,img/79042.png,0,the door to the crematorium and gas chambers are closed,0.99,1,hateful,"The meme depicts a crematorium and gas chamber, making a joke about the Holocaust. This trivializes the genocide of Jewish people and mocks the historical atrocities, which constitutes hateful speech under the provided definition.",,
23785,img/23785.png,0,hansel and gretel was a scary childrens story,0.7,1,hateful,"The meme uses a historical illustration of children being abused by a witch to mock the 'Hansel and Gretel' story as 'scary.' This targets children's literature and implies children are victims of cruelty, which aligns with mocking pain or trauma associated with historical narratives involving minors. While not targeting a protected group directly, it trivializes child endangerment and evokes fear in a way that can be seen as dehumanizing or insensitive toward children’s experiences.",,
18547,img/18547.png,1,1st day of 4th grade sandy hook elementary school,0.99,1,hateful,"The meme juxtaposes a child with a gun against the name of Sandy Hook Elementary School, a site of a tragic mass shooting of children. This constitutes mocking a hate crime and trivializing a massacre, evoking pain associated with the historical event.",,
74965,img/74965.png,0,some people some other people,0.95,1,hateful,"The meme contrasts a human couple with a man and a goat. By labeling the couple 'some people' and the pair with the goat 'some other people', it uses zoophilia to dehumanize a demographic group (implied by the racial difference between the top and bottom images), equating them with bestiality. This is a form of dehumanization based on race or sexual orientation.",,
87520,img/87520.png,1,"yes, we know trump said ""mexico will pay for the wall"" but now mexicans are the wall. that boy good!!!!",0.95,1,hateful,"The meme dehumanizes immigrants by referring to them as 'the wall', implying they should be used as physical barriers for exclusion. It also utilizes racist tropes by mocking the 'Mexican' identity in conjunction with a violent border enforcement image.",,
94738,img/94738.png,0,shopping is boring. why not have some fun at the walmart parking lot?,0.01,0,non-hateful,"The meme depicts two individuals playing in a shopping cart in a parking lot with text suggesting fun during a boring time. It does not target or mock any protected groups, nor does it contain violent or dehumanizing language.",,
92567,img/92567.png,0,pray for peace pray for wellbeing,0.01,0,non-hateful,"The meme depicts a man praying in a mosque with the text 'pray for peace' and 'pray for wellbeing'. This is a positive sentiment promoting universal values like peace and health. It does not attack any protected group, promote stereotypes, or encourage violence or exclusion.",,
41276,img/41276.png,1,evolution from peeling bananas to busting caps,0.99,1,hateful,"The meme depicts a dark-skinned man playing soccer and contrasts this athletic display with an image of a gorilla, using the text 'evolution'. This implies a comparison between the man and a primate, which is a classic racist trope used to dehumanize Black people and suggest they are less evolved than others.",,
3798,img/03798.png,0,"hey, i just met you and this is crazy but here's your number... so camping, maybe?",0.01,0,non-hateful,"The meme is a pun on the lyrics to the song 'Call Me Maybe,' adapted to a camping context. It does not contain any hate speech, stereotypes, or attacks on protected groups.",,
86417,img/86417.png,1,i could have killed all of them. but i let some of them survive so you know why i killed them,1.0,1,hateful,"The meme uses an image of Hitler and text referencing mass murder to trivialize the Holocaust. By framing the extermination as a deliberate act to provide a 'reason' for the killings, it mocks victims and the gravity of genocide, evoking pain from historical figures associated with the Holocaust.",,
6123,img/06123.png,1,a group of men,0.7,1,hateful,"The meme features images of three dogs with the caption 'a group of men'. This uses a visual pun to stereotype men by equating them with animals, specifically dogs, suggesting they act like a pack. This constitutes dehumanizing speech based on sex/gender.",,
28951,img/28951.png,0,if the brim of your hat is flat and has a sticker on it i automatically assume you're a complete tool,0.01,0,non-hateful,"The meme makes a derogatory statement about people wearing specific types of hats (flat brim with a sticker), labeling them as 'complete tools'. This is a subjective insult based on fashion choice and does not target any protected characteristics such as race, religion, disability, or sexual orientation.",,
19508,img/19508.png,1,the definition of utter disgust in plain black and white,0.95,1,hateful,"The meme uses the image of an interracial couple to express 'utter disgust,' serving as a direct dehumanizing attack and statement of inferiority based on race and sexual orientation (intermarriage).",,
39578,img/39578.png,1,one of the bullets they dug out of a victim from the orland gay night club shooting!,1.0,1,hateful,"The meme combines an image of a phallic object with text referencing a tragic mass shooting at a gay nightclub. It creates a homophobic association by implying that the victims were the target due to their sexual orientation and by mocking the nature of the tragedy, thereby evoking pain from a hate crime.",,
13647,img/13647.png,1,she said girls run the world... so i told her get back in the kitchen,1.0,1,hateful,"The text employs the sexist phrase 'get back in the kitchen' to assert that women are inferior and belong in domestic roles, constituting a dehumanizing attack based on gender.",,
2364,img/02364.png,0,"a jewish shop owner, wears a kippah or yarmulke whilst in his shop in tehran",0.98,1,non-hateful,"The meme depicts a Jewish shop owner reading a newspaper in Tehran. The image and text aim to demonstrate the existence of a Jewish community living in Iran, directly challenging the common stereotype that there are no Jews in Iran due to alleged persecution. There are no elements of violence, dehumanization, or attacks on identity.",,
92046,img/92046.png,0,they are terrorists anyone who doesn't agree is an idiot,0.95,1,hateful,"The meme employs a dehumanizing label to equate the depicted individuals with terrorism based on their religious and political identity. It also attacks dissenters by labeling them as idiots, reinforcing a harmful stereotype.",,
7351,img/07351.png,0,"""plays uno steals all the green cards""",0.0,0,non-hateful,"The meme depicts a hand of playing cards with the Ace of Hearts and text that reads 'plays uno steals all the green cards'. There is no attack on any protected group or characteristic mentioned in the definition (such as race, religion, gender, disability, etc.). The content refers to the game Uno but makes an absurd claim, lacking any hateful intent or stereotyping.",,
57621,img/57621.png,1,if this gets 1k likes i'll post to islam how we see muslims how muslims see us,0.95,1,hateful,"The meme equates Muslims with terrorists and extremists by juxtaposing an image of a militant with a woman shooting targets, and the text explicitly promises to show 'how we see muslims' using the militant image. This relies on a harmful, stereotypical trope equating an entire religion with violence and terrorism.",,
7135,img/07135.png,1,this is the greatest news manufacturing in 20th century,0.98,1,hateful,"The image depicts the liquidation of the Warsaw Ghetto, showing Jewish people being marched away with hands raised while German soldiers supervise. The text claims this event is 'news manufacturing,' denying the historical reality of the persecution and deportation of Jews during the Holocaust. This constitutes a denial of a documented genocide, which attacks Jewish people based on their ethnicity and religion by trivializing the systematic mass murder committed against them.",,
97068,img/97068.png,1,these hitler jokes are rude anne frankly i don't care,1.0,1,hateful,The meme trivializes the Holocaust and the murder of Anne Frank by using her name for a pun while explicitly rejecting the moral condemnation of mocking Hitler.,,
64891,img/64891.png,1,lebanon: before muslims after muslims but don't worry! after islam takes over there'll be a golden age.. apparently,0.95,1,hateful,"The meme creates a harmful generalization attributing the destruction, riots, and instability seen in the bottom image to the presence of Muslims and the religion of Islam. By contrasting an idyllic 'before' with a chaotic 'after' labeled with Muslim and Islamic terminology, it attacks the religion and implies that its influence is inherently destructive and dangerous to society.",,
74058,img/74058.png,0,he made millions of children homeless,0.98,1,hateful,The meme uses historical imagery associated with Nazism and the Holocaust. While the text claims Hitler made children homeless—which is historically inaccurate—the use of Nazi symbols and dehumanizing rhetoric regarding historical atrocities constitutes hate speech by evoking pain from historical figures and utilizing imagery tied to genocide.,,
38910,img/38910.png,1,oh boy i sure love being muslim in the new zealand city of christchurch on march 15,0.99,1,hateful,"The meme trivializes the 2019 Christchurch mosque shootings, a terrorist attack targeting Muslim people, by using a popular dog meme to make light of the tragedy and express ironic joy at the victims' suffering. This mocks a hate crime and evokes pain based on religion.",,
30148,img/30148.png,1,you mean i don't have to pick it?!?,0.01,0,non-hateful,"The meme shows a child happily eating cotton candy with text expressing surprise that they don't have to choose a flavor. It contains no hate speech, stereotypes, or attacks on protected groups.",,
45368,img/45368.png,1,enough is enough children are more important than freaks,0.99,1,hateful,"The meme explicitly labels LGBTQ+ individuals as 'freaks' and asserts that children are more important than them. This uses dehumanizing language and establishes a statement of inferiority based on sexual orientation and gender identity, which qualifies as hate speech under the provided definition.",,
8795,img/08795.png,0,when you are white and working in oil field,0.9,1,hateful,"The meme associates being 'white' with the dehumanizing imagery of having hands covered in crude oil/slime, implying that white people are filthy or subhuman. This constitutes a hateful attack based on race.",,
35487,img/35487.png,0,randomly deciding to bake something,0.01,0,non-hateful,"The meme features a man in a suit riding a white horse in a desert with the caption 'randomly deciding to bake something.' This is a surreal or absurd juxtaposition with no identifiable target based on race, religion, gender, or other protected characteristics. It does not contain hate speech.",,
95038,img/95038.png,0,when you take these pics we think about cumming in your mouth,0.0,0,non-hateful,"The meme contains explicit sexual language and depicts a person in a vulgar manner, but it does not target individuals or groups based on protected characteristics like race, religion, or gender. It fails to meet the criteria for hate speech.",,
74013,img/74013.png,1,"nurse: yes sir, we are having mashed potatoes today alzheimer's patient: i don't remember asking you a god damn thing",0.1,0,non-hateful,"The meme uses the Samuel L. Jackson 'God damn it' template to create a joke about Alzheimer's patients forgetting simple interactions like meal choices. While it utilizes a medical condition for comedic effect, it relies on a stereotype of forgetfulness rather than attacking the group, expressing hatred, or dehumanizing individuals with Alzheimer's.",,
90243,img/90243.png,1,"best gamer ever 6 million kills, 1 death",0.99,1,hateful,"The meme trivializes the Holocaust and mass murder committed by Adolf Hitler by framing it as gaming statistics, which mocks a hate crime and evokes pain from historical figures.",,
89430,img/89430.png,0,when you know you don't have to jackoff tonight,0.95,1,non-hateful,"The meme uses a sexually explicit slur ('jackoff') directed at the male subject. While it relies on a crude stereotype about male sexual habits, it does not attack a protected group based on characteristics like race, religion, nationality, or disability, nor does it involve hate speech against a specific identity.",,
32049,img/32049.png,0,"german british danish austrian diversity. apparently we don't have it and these guys do: iraqi, pakistani, syrian, egyptian",0.95,1,hateful,"The meme attacks people of Iraqi, Pakistani, Syrian, and Egyptian origin by explicitly denying them the characteristic of 'diversity'—a quality positively attributed to Western European groups in the caption. This creates a discriminatory hierarchy that marginalizes specific ethnic and national groups as lacking in diversity.",,
19243,img/19243.png,0,"surprise!! wait, where is everyone?",0.01,0,non-hateful,"The meme depicts a woman in a box in an empty room with captions implying a surprise where no one is present. This is a humorous observation about loneliness or a failed social gesture and does not contain any attacks, stereotypes, or derogatory language targeting protected groups.",,
5349,img/05349.png,0,normal day in a islamic country,0.82,1,hateful,"The meme presents a stereotypical and reductive generalization of 'an Islamic country' based solely on the appearance of a woman wearing a hijab, failing to capture the diversity of the region and relying on religious tropes.",,
90643,img/90643.png,0,she represents the new wave of democrats,0.1,0,non-hateful,"The meme depicts a woman of color wearing a headscarf, labeled as representing a 'new wave of democrats'. While this phrasing can be interpreted as a political critique regarding demographic shifts within a political party, it does not employ violent, dehumanizing, or inferiority language. It does not attack the individual's identity (race or religion) nor does it call for exclusion or segregation. Unlike the provided examples which equate groups with terrorism or use xenophobic caricatures, this is a political meme that does not meet the threshold of hate speech.",,
18306,img/18306.png,1,white kids kids dreaming about their first day of school,0.95,1,hateful,"The meme depicts a young white child holding a gun and looking menacingly, with text implying that white children dream of violence or mass shootings in the context of school. This generalizes an entire racial group to violent criminality and invokes fear associated with school shootings, fitting the definition of hateful speech through stereotyping and evoking pain from historical traumas.",,
95830,img/95830.png,1,face of terrorism in us,0.95,1,hateful,"The meme associates an elderly Caucasian male, who visually fits the stereotype of a white supremacist (resembling David Duke), with the label 'face of terrorism in us'. This links the demographic group of white Americans to terrorism, functioning as a direct stereotype-based attack on the nationality and race of the subjects in the US.",,
84150,img/84150.png,0,when your jewish friend smells a stash of coins in public,0.95,1,hateful,"The meme utilizes a negative stereotype associating Jewish people with greed or hoarding wealth, depicting the subject in an exaggerated, dehumanizing manner based on religion/ethnicity.",,
4569,img/04569.png,0,when is the time to eat i am hungry,0.01,0,non-hateful,"The meme uses a pig as the subject, but the text 'when is the time to eat i am hungry' is a humorous statement about appetite without targeting any specific protected group or using dehumanizing language. It lacks hateful intent or imagery.",,
67103,img/67103.png,1,still better than mexican,0.99,1,hateful,"The text 'still better than mexican' implies that the subject (a disabled woman) is superior to people of Mexican nationality, using a protected group as a derogatory benchmark for comparison. This constitutes a statement of inferiority based on nationality/ethnicity.",,
52031,img/52031.png,0,theriously?? that's methed up!,0.95,1,hateful,"The meme relies on a phonetic pun mocking individuals with the surname 'Mathew' by equating it with 'meth', a controlled substance. This targets a specific group based on ethnicity, nationality, or name origin with degrading and offensive humor, which constitutes hate speech.",,
72168,img/72168.png,1,upper downer,0.05,0,non-hateful,"The meme relies on a visual pun where a woman making a downward gesture is labeled 'downer', a slang term for depressants, juxtaposed with an image of stimulant powder labeled 'upper'. This constitutes wordplay regarding drug types and does not target any protected group or convey hate speech.",,
52634,img/52634.png,0,the secret to a successful marriage is to keep his stomach full and his balls empty,0.15,0,non-hateful,"The text presents a sexist generalization regarding the behavior required of women in marriage, reinforcing negative gender stereotypes. However, the content does not constitute a direct attack, dehumanization, or statement of inferiority against a protected group based on the provided definition of hate speech.",,
7429,img/07429.png,1,i'm about to have my 5th abortion fuck you batman i'm the real crime fighter,0.9,1,hateful,"The meme depicts a pregnant woman with text referencing a planned abortion and using the phrase 'real crime fighter' to mock the choice. This constitutes hateful speech as it attacks individuals based on sex and reproductive choices, using inflammatory language and sarcasm to dehumanize and stigmatize women who choose to have abortions.",,
68192,img/68192.png,1,scientist are working hard to cure them all,0.95,1,hateful,"The meme employs a common anti-LGBTQ+ trope suggesting that same-sex couples require a 'cure', dehumanizing them and attacking their sexual orientation and gender identity.",,
41058,img/41058.png,0,john wilkes booth be like: yall sure abraham lincoln dead? he aint up here,0.75,1,hateful,"The meme references the assassination of Abraham Lincoln by John Wilkes Booth, framing it with the question 'y'all sure abraham lincoln dead?' This trivializes a historical political assassination involving a prominent American figure. While not targeting a protected identity group like race or religion, it falls under 'evoking pain from historical figures' by making light of a tragic national event and the murder of a historical leader.",,
12468,img/12468.png,0,say it! say it ! islam is the religion of peace,0.99,1,non-hateful,"The meme depicts a scene of a mother and child interacting lovingly, with the child urging the mother to speak a positive affirmation about their religion. The text 'islam is the religion of peace' is a statement promoting the religion rather than attacking it. Neither the image nor the text contains hateful elements.",,
43092,img/43092.png,0,pretty much sums up islam,0.01,0,non-hateful,"The meme depicts a person praying in the Islamic tradition. The text 'pretty much sums up islam' serves as a caption highlighting the act of worship. It does not contain stereotypes, dehumanizing language, statements of inferiority, or attacks on the religious group.",,
49805,img/49805.png,0,imagine being so disgusting there have to be laws to try to stop normal people from hating you,0.95,1,non-hateful,"The meme mocks the skunk, an animal, for being disgusting and suggests it deserves hate. This does not target humans or groups based on protected characteristics such as race, religion, or gender.",,
27195,img/27195.png,0,there's a reason we keep the beer in the bottom of the cooler,0.01,0,non-hateful,"The meme combines an image of a woman's buttocks with text referencing beer in a cooler, creating a sexual innuendo. It does not attack or mock any group based on race, religion, gender identity, sexual orientation, disability, or other protected characteristics.",,
47016,img/47016.png,1,"last summer camp was so ""lit""",1.0,1,hateful,"The meme trivializes the Holocaust by using the term 'lit'—modern slang for something enjoyable or exciting—described as the atmosphere of a Nazi concentration camp. This makes light of the genocide of six million Jews and other victims, mocking a historical hate crime.",,
24135,img/24135.png,0,good night keep your butthole tight,0.95,1,non-hateful,"The meme uses a sloth image with the text 'good night keep your butthole tight'. This is a crude, vulgar phrase often used to mock someone for being stingy, slow, or generally unappealing. While offensive and rude, it does not target any protected group or characteristic based on the provided definition of hate speech (ethnicity, race, religion, etc.). It is an insult rather than hate speech.",,
53609,img/53609.png,0,"when your friend insists on paying for dinner but you still want to contribute - just the tip, come on... let me",0.01,0,non-hateful,"The meme is a humorous juxtaposition between a text about splitting a dinner bill and an image of two men embracing intimately. It creates a pun on the word 'tip' and the closeness of the couple to make a joke about sexual intimacy, but it does not attack or dehumanize any protected group based on sexual orientation or other characteristics.",,
50317,img/50317.png,1,what in the hell is wrong with america voting towel heads into congress,0.95,1,hateful,"The meme uses the dehumanizing slur 'towel heads' to describe a group of people based on their appearance (head coverings), associating them with a perceived political failing. This constitutes a direct attack and mockery based on ethnicity and religion.",,
29750,img/29750.png,1,this cat is getting raped tonight,0.99,1,hateful,"The meme utilizes a well-known internet template that features a young man associated with autism. The text uses this subject to make a threat of sexual violence, which constitutes a direct attack and mocking hate crime based on disability.",,
37658,img/37658.png,1,when your dishwasher is broken so you take it back to walmart to get a new one,0.0,0,non-hateful,"The meme depicts a couple in a shopping cart and makes a joke about returning a broken appliance. It does not contain any attacks, stereotypes, or derogatory language targeting protected characteristics such as race, religion, gender, or disability.",,
65801,img/65801.png,0,first friday prayers of the islamic holy day,0.01,0,non-hateful,"The meme depicts a large group of people praying, with text identifying the event as 'first friday prayers of the islamic holy day'. It does not contain any violent, dehumanizing, or derogatory language, nor does it attack the individuals based on their religion or ethnicity. It is a factual or observational caption describing a religious gathering.",,
18945,img/18945.png,1,when you decide to go full gas,0.85,1,hateful,"The meme combines an image of a person performing a dangerous act (throwing flammable liquid and igniting it) with the text 'when you decide to go full gas.' This references 'gas,' a slang term often used as a euphemism for a gas chamber. The content promotes dangerous behavior by glorifying fire-related stunts and utilizes a symbol associated with the Holocaust, evoking pain from historical atrocities.",,
84015,img/84015.png,1,my irony meter just exploded,0.85,1,hateful,"The meme depicts a law enforcement officer arresting a civilian, accompanied by the text 'my irony meter just exploded'. This relies on a common, albeit offensive, stereotype and joke that law enforcement are inherently racist or corrupt. By framing a police arrest as an ironic act, the meme implies that the police are persecuting the individual for unjust reasons, thereby promoting a negative and harmful stereotype about police officers based on their profession.",,
67435,img/67435.png,1,when you ask a jewish girl for her number and she starts rolling her sleeve,0.95,1,hateful,"The meme relies on a stereotypical joke about Jewish people having tattoos, specifically referencing the historical persecution of Jews in concentration camps. By equating the act of rolling up a sleeve to this historical trauma, the image evokes pain from historical figures and mocks the legacy of the Holocaust for comedic effect.",,
45702,img/45702.png,1,"if she's still making noises, you didn't hit her hard enough",1.0,1,hateful,"The meme promotes domestic violence and abuse targeting women, encouraging physical harm by suggesting hitting them harder if they continue to make noise.",,
28406,img/28406.png,0,when she gives you that look,0.0,0,non-hateful,"The meme features a woman posing with the text 'when she gives you that look.' The image and text are harmless and describe a common social or flirtatious interaction. There is no reference to protected characteristics, nor is there any dehumanizing or inferior speech.",,
3568,img/03568.png,0,time to play rich vs the constitution,0.1,0,non-hateful,"The meme frames Donald Trump holding a gun as 'playing rich', mocking his socioeconomic status and portraying him in a caricatured manner. While politically critical or satirical, it does not constitute an attack based on protected characteristics such as race, religion, gender, etc., nor does it promote violence or dehumanization of a group. Therefore, it falls under political satire rather than hate speech.",,
17045,img/17045.png,0,celebrating the presidential election,0.01,0,non-hateful,"The image depicts a person celebrating an election with national flags. The text is neutral and describes the event. There is no attack, dehumanization, or hateful language directed at any group based on protected characteristics.",,
72904,img/72904.png,1,terrorist trojan horse enemy of the state,1.0,1,hateful,"The meme uses the terms 'terrorist trojan horse' and 'enemy of the state' to label the woman in the image, who is visibly wearing a hijab. This constitutes a direct attack based on religion and ethnicity, stereotyping Muslim women as foreign infiltrators and threats to national security.",,
10362,img/10362.png,1,german british danish austrian diversity. apparently we don't have it and these guys do: iraqi pakistani syrian egyptian,1.0,1,hateful,"The meme attacks people of Iraqi, Pakistani, Syrian, and Egyptian descent by explicitly stating they possess 'diversity' while the Western audience does not. By using an image of women in niqabs to represent this group and implying a negative consequence or distinction, the meme mocks and segregates these ethnic and religious groups, fitting the definition of hate speech based on ethnicity, nationality, and religion.",,
40618,img/40618.png,0,when your company valuation hits 1 billion,0.01,0,non-hateful,"The meme depicts a man in traditional Saudi attire celebrating his company reaching a $1 billion valuation. The content highlights financial success and entrepreneurship without employing racial slurs, negative stereotypes, or calls for exclusion. It does not attack or dehumanize any protected group.",,
85621,img/85621.png,0,"no, that's not his daughter... that's his wife! yet the world is silent..",0.85,1,hateful,"The meme makes a derogatory claim about a specific demographic group, suggesting a predatory pattern of behavior by older men toward younger women. This relies on and reinforces a harmful stereotype and generalization based on sex and gender, attacking the character of a group.",,
97320,img/97320.png,0,"""when your dishwasher is broken so you take it back to walmart to get a new one""",0.0,0,non-hateful,"The meme depicts a scene of broken appliances in a junkyard with text about returning a dishwasher to a store. It contains no attacks, slurs, or offensive generalizations regarding any protected group.",,
49360,img/49360.png,0,who wants ice cream me me me,1.0,1,hateful,"The meme features imagery of the KKK, a hate group associated with violent white supremacy and racial segregation, combined with text expressing a desire for ice cream. While the text is benign on its own, the image itself represents a hate group and promotes hate speech ideology through its presence. This meets the criteria that a meme is hateful if the image is hateful on its own.",,
23645,img/23645.png,1,what do they have in common? you enjoy pushing them down the stairs,0.98,1,hateful,"The meme equates women with slinky toys to justify violence (pushing them down stairs), which constitutes dehumanization and promotes violence based on gender.",,
73482,img/73482.png,0,it's time we took guns away and put them out of the reach of our children,0.01,0,non-hateful,"The meme depicts a child holding a gun alongside text advocating for removing firearms and keeping them away from children. This content relates to the public discourse on gun control and child safety. It does not attack any group based on protected characteristics such as race, religion, gender, or disability, nor does it promote dehumanization, exclusion, or violence against a specific identity group.",,
98547,img/98547.png,0,waves mexican flag doesn't want to live in mexico,0.95,1,hateful,"The meme uses a logical contradiction (waving the Mexican flag but not wanting to live in Mexico) to mock the patriotism or authenticity of Mexican immigrants in the US, serving as a xenophobic attack based on nationality.",,
80512,img/80512.png,1,"you can make jokes about anything, just not illegals that's crossing the border",0.92,1,hateful,"The meme uses the character 'Joe College' to deliver a message suggesting that immigrants, specifically those crossing borders illegally, are a category of people exempt from normal social norms like 'making jokes'. This implies they are targets for dehumanizing speech or ridicule based on their immigration status and ethnicity, fitting the criteria for xenophobic hate speech.",,
69548,img/69548.png,1,"wait, mohammad come back i didn't mean to laugh, really size dosen't matter to me lol",0.95,1,hateful,"The meme mocks the name 'Mohammad' using goat imagery to imply a comparison to the Prophet Muhammad's alleged past association with a goat, which is a known offensive slur and stereotype used to attack Muslims.",,
15243,img/15243.png,0,4 am. everyone is asleep perfect time to run from one end of the house to the other at full speed as loudly as possible,0.01,0,non-hateful,"The meme depicts a cat's wide eyes with text joking about running around loudly at 4 am while others are asleep. The content relates to general pet behavior and sleep disturbances, containing no attacks on people based on protected characteristics.",,
91586,img/91586.png,1,left the kitchen too many times,0.95,1,hateful,"The meme uses a woman with a bruised face to visually reference domestic violence, implying that women get abused for leaving the kitchen. This reinforces harmful gender stereotypes about women's roles and normalizes or mocks violence against women, which is a form of hate speech targeting sex and gender.",,
84762,img/84762.png,1,do you know how to turn your dishwasher into a snowblower? throw em a shovel,0.0,0,non-hateful,"The meme makes a nonsensical joke about turning a dishwasher into a snowblower by throwing in a shovel. It does not contain any attacks on people based on protected characteristics such as race, gender, religion, or disability, nor does it evoke historical trauma or dehumanize any group.",,
60893,img/60893.png,0,"busy, like a hive of bees, controlling what your family sees and edits all the news your hear so you'll know what to think and fear till all the truth there is, is gone. that is unless you stand, en masse. """,0.05,0,non-hateful,"The meme expresses a conspiracy theory claiming Google censors news and manipulates public perception ('edits all the news your hear', 'controlling... your family'). This criticizes a corporation's alleged influence on information flow but does not target individuals or groups based on protected characteristics such as race, religion, gender, or disability. It does not contain violent or dehumanizing language.",,
73962,img/73962.png,1,you should treat that the way you treat you vacuum cleaner when it stops sucking change the bag,0.95,1,hateful,"The meme utilizes sexual slurs ('sucking', 'change the bag') directed at women to dehumanize them by equating them to appliances. This constitutes an attack based on sex and gender, promoting objectification and derogatory views.",,
37198,img/37198.png,0,when you're so relaxed you can feel yourself go to the next level,0.001,0,non-hateful,"The meme features a person relaxing in the grass with text about reaching a 'next level' of relaxation. It is a generic joke about being relaxed and does not target any group based on protected characteristics like race, religion, gender, or disability.",,
54069,img/54069.png,1,when you decide to go full gas,1.0,1,hateful,"The image depicts survivors of the Holocaust celebrating liberation. The text 'when you decide to go full gas' uses the slang term 'gas' to refer to gassing, implying a connection to the gas chambers used to murder Jewish people and others. This trivializes genocide and makes light of mass murder, constituting a direct attack based on ethnicity and religion.",,
79615,img/79615.png,0,what women think men want what men really want,0.95,1,hateful,"The meme promotes a sexist stereotype that women are superficial and solely interested in men's physical appearance, while men are interested in military machinery, reinforcing negative and reductive gender roles.",,
4769,img/04769.png,1,"if she's pouting like this and you don't immediately drop the argument , motherfucker you gay",0.95,1,hateful,"The meme uses a homophobic slur to insult men who do not immediately stop an argument to engage sexually, targeting individuals based on sexual orientation.",,
29437,img/29437.png,1,what can happen if you eat wheaties for 38 years,0.8,1,hateful,"The meme makes a joke about actress Carrie Fisher by implying her adult appearance is the result of eating Wheaties cereal for 38 years. This targets the subject based on physical appearance, mocking her body changes associated with aging and health issues in a dehumanizing way.",,
94387,img/94387.png,0,i'm a fan of the color black on you although the rose gold looks pretty good as well,0.9,1,hateful,"The meme uses the subjects' race (black skin) and hair color (referred to as rose gold) as the punchline for a sexual double entendre regarding their skin color, sexualizing them based on race.",,
61973,img/61973.png,1,what do alcoholics and necrophiliacs have in common they both love to crack open a cold one.,0.9,1,hateful,"The meme makes a joke associating necrophiliacs with a harmful behavior, targeting individuals based on their disorder/paraphilia, which falls under disease/condition-related mockery.",,
41296,img/41296.png,0,94% of them test positive for rh blood type which means they have monkey blood as a result they are born with a tail and other animal traits,0.95,1,hateful,"The meme employs dehumanizing language to attack individuals with Rh positive blood types, falsely claiming they have 'monkey blood' and are born with animal traits, thereby associating a large segment of the population with animals.",,
47819,img/47819.png,1,"oh, addiction isn't a disease because it started with a choice?? tell me more about how the chlamydia in your crotch isn't a disease, yet it started with a choice",0.85,1,hateful,The meme uses the premise of a choice to argue that a sexually transmitted infection (Chlamydia) is not a disease. This directly attacks individuals based on a medical condition by denying the classification of the illness and implying it is a result of personal failure rather than a health issue.,,
78251,img/78251.png,1,watching vegetables grow,0.99,1,hateful,"The meme portrays a girl with Down syndrome in a demeaning manner, using the text 'watching vegetables grow' to mock her intelligence and suggest she lacks cognitive capacity. This constitutes a direct attack based on disability.",,
96250,img/96250.png,0,i'm going home i'm russian,0.75,1,hateful,"The meme juxtaposes the neutral statement 'i'm going home' with 'i'm russian', relying on a harmful stereotype that equates nationality with forced travel or displacement. This constitutes a dehumanizing or stereotyping attack based on nationality.",,
20437,img/20437.png,0,thanksgiving in china,0.01,0,non-hateful,"The image depicts a traditional Thanksgiving feast. The text 'thanksgiving in china' is likely a factual statement or a humorous observation about the globalization of the holiday. It does not contain any attacks, dehumanization, or negative stereotypes regarding nationality, ethnicity, or culture.",,
32981,img/32981.png,0,the latest and greatest. a truck that comes with a dishwasher!,0.01,0,non-hateful,"The meme is a pun on the phrase 'the latest and greatest' and the image of a truck loaded with a dishwasher. It relies on wordplay and does not contain any attacks on protected characteristics, nor does it convey any message of hatred, violence, or exclusion.",,
82301,img/82301.png,1,cooooooooooooon!!!!,0.01,0,non-hateful,The image depicts a dog howling in a natural setting with no text or imagery attacking any protected group. There are no elements of hate speech present.,,
17963,img/17963.png,1,removes polish with chemicals nobody bats an eye removes polish with chemicals everybody loses his shit,0.01,0,non-hateful,"The meme uses the phrase 'loses his shit' to contrast reactions to nail polish removal. While it implies a reaction to a chemical smell, it does not attack or discriminate against people based on ethnicity, race, religion, gender, or disability. It does not fit the criteria for hate speech.",,
80597,img/80597.png,1,look! it says it right here! we can fuck goats!,0.98,1,hateful,"The meme contains violent and dehumanizing speech by promoting sexual assault against a specific demographic group (implied by the visual cues of the subjects) using the text 'we can fuck goats!'. This constitutes an attack based on characteristics such as race, religion, or nationality.",,
73526,img/73526.png,0,"if she's still making noises, you didn't hit her hard enough",0.98,1,hateful,"The text explicitly condones domestic violence and physical abuse against women ('hit her hard enough') as a means of silence, which constitutes a direct attack based on sex.",,
74908,img/74908.png,0,she is condemning shooting the gorilla,0.99,1,hateful,"The meme implies that Michelle Obama is guilty of or responsible for a violent act (shooting a gorilla), serving as a dehumanizing slur and a character attack based on her race and identity.",,
65093,img/65093.png,0,cookie kunty seen in paris,0.75,1,hateful,"The meme contains text that mocks Cookie Kunt, a well-known drag queen, by suggesting she is 'kunty,' a term that can be considered derogatory and mocking in the context of someone's professional identity as a drag performer. This constitutes an attack on someone based on their gender identity and profession, which aligns with the definition of hate speech as it involves mocking and dehumanizing speech.",,
89362,img/89362.png,1,has extra chromosome probably stole it,0.99,1,hateful,"The meme targets a person with Down syndrome (a disability) by using their condition to mock them and implying they are a criminal, which constitutes a dehumanizing attack and statement of inferiority based on disability.",,
43805,img/43805.png,1,the original scarecrow,0.9,1,hateful,"The meme uses a crude joke to mock the crucifixion of Jesus, a central religious belief for Christians. This qualifies as a hateful attack based on religion by evoking pain from historical/religious figures and disrespecting core tenets of faith.",,
70953,img/70953.png,1,"""god's chosen people"" according to the book they wrote",0.95,1,hateful,"The meme uses quotation marks around 'god's chosen people' to mock the religious concept and stereotype, while the bottom text 'according to the book they wrote' dismisses the legitimacy of the Torah. This serves as a dehumanizing and exclusionary attack on Jewish people based on their religion.",,
5316,img/05316.png,0,doing o's with the smoke,0.01,0,non-hateful,"The meme depicts a person exhaling smoke rings with text claiming they are doing ""o's"" (slang for the drug heroin). This implies that the person is a drug user, but it does not attack a protected group based on race, ethnicity, religion, gender, etc. Mocking a specific individual for substance use or referencing drug use does not fall under the provided definition of hate speech targeting protected characteristics.",,
95487,img/95487.png,0,watching vegetables grow,0.0,0,non-hateful,"The meme displays a photo of a vegetable garden with the caption 'watching vegetables grow'. There is no content, imagery, or text that attacks, degrades, or mocks any group based on protected characteristics.",,
1456,img/01456.png,1,they see them rollin..... they hating..,1.0,1,hateful,"The meme juxtaposes images of Nazi leaders with Holocaust victims (children in a concentration camp). By applying the 'rolling stones' idiom 'they see them rollin'... they hating' to this context, it trivializes the Holocaust and Nazi genocide as a source of internet humor, mocking the suffering and death of millions based on their ethnicity and religion.",,
46082,img/46082.png,0,the future of the democratic party,0.75,1,hateful,"The meme depicts prominent Democratic congresswomen, several of whom are women of color or from minority backgrounds, with the caption 'the future of the democratic party'. This implies that the party's future is defined by these identities. In the context of internet political discourse, this imagery is often used to mock or express racial resentment regarding demographic shifts within the party, effectively dehumanizing these individuals by reducing their value to their identity markers rather than their political positions. This aligns with the definition of indirect attacks based on race and ethnicity.",,
3197,img/03197.png,1,i'm no bird expert but i'm guessing it's 4 females and 1 male,0.01,0,non-hateful,"The meme humorously attributes the concept of gender (male/female) to baby birds, which are typically indistinguishable in sex at that age. It does not target any protected human group or characteristic such as race, religion, or gender identity, and contains no dehumanizing or hateful elements.",,
82945,img/82945.png,0,be careful who you call ugly in highschool,0.95,1,hateful,"The meme depicts a woman with a severe facial disfigurement (neurofibromatosis). The text instructs viewers to be careful of who they call 'ugly' in high school, implying a terrifying future for them. This attacks individuals based on their appearance and invokes fear regarding physical deformity, which constitutes hate speech targeting physical characteristics and disability.",,
73021,img/73021.png,0,when mom asks where all the jews went,0.99,1,hateful,"The meme trivializes the Holocaust by making a joke out of the disappearance and genocide of Jewish people, treating a historical atrocity as a mundane query.",,
38095,img/38095.png,0,haters will say it's photoshop,0.01,0,non-hateful,The meme depicts a mutated hand and claims 'haters will say it's photoshop'. This is a standard internet meta-joke mocking skeptics of photoshopped images and does not contain any attacks on individuals or groups based on protected characteristics.,,
49826,img/49826.png,1,white people on cinco de mayo vs. every other day,0.9,1,hateful,"The meme reinforces a harmful racial stereotype by depicting a white person stereotypically celebrating Cinco de Mayo with caricatured props, contrasting this with 'every other day' to imply that people of Hispanic or Latino descent are generally uncultured or inferior outside of a festive context.",,
27485,img/27485.png,1,thats the way allah allah i like it!!!,0.98,1,hateful,"The meme features a person dressed in a pig mask, an animal considered unclean or taboo in Islamic culture, juxtaposed with a photo of a Muslim man and the text 'thats the way allah allah i like it!!!'. This combination mocks Islamic religious beliefs by associating the sacred name of God with a derogatory symbol, constituting a hateful attack based on religion.",,
35497,img/35497.png,0,"old people at weddings always poke me and say ""you're next."" so, i started doing the same thing to them at funerals",0.1,0,non-hateful,"The text makes a dark joke about death, implying that 'old people' at weddings are 'next' to die, and the speaker taunts mourners at funerals. It relies on a stereotype that older people die first, which is a generalization about a demographic group based on age.",,
84036,img/84036.png,0,militant dressed as martyr,0.95,1,hateful,"The image and text promote a dehumanizing stereotype that equates all Muslims with terrorism, directly attacking a religious group by portraying them as violent martyrs or suicide bombers.",,
4621,img/04621.png,0,you are what you eat meanwhile in africa,0.95,1,hateful,"The meme uses the phrase 'meanwhile in Africa' to invoke a common racist trope that associates the continent with poverty, starvation, or lack of civilization, implicitly dehumanizing people from that region.",,
59170,img/59170.png,0,and just like that... this sandwich maker doubles as an ironing board,0.0,0,non-hateful,"The meme humorously compares a sandwich maker pressing buns to an ironing board, making a joke about the equipment's versatility. It does not target any protected group, mock hate crimes, or contain dehumanizing language.",,
93528,img/93528.png,1,portable dishwasher slash sandwich maker,0.99,1,non-hateful,"The image displays a happy couple in an empty apartment, and the text describes a humorous appliance. There is no hate speech or targeting of protected groups.",,
64072,img/64072.png,1,trump said immigrants come here to steal your wife is a great example she stole my speech,0.85,1,hateful,"The meme implies that African American women are inherently thieves or untrustworthy by claiming they 'stole' the speech, reinforcing a negative racial and gender stereotype.",,
80426,img/80426.png,1,a talking ape,0.99,1,hateful,"The meme labels a Black woman as 'a talking ape,' utilizing a historical racial slur to dehumanize the subject based on her race.",,
14873,img/14873.png,1,human dna found in ancient goat carcass scientists believe this is first proof muhammad existed,0.9,1,hateful,"The meme mocks a religious belief (the myth of Prophet Muhammad's ascension on a ram) by presenting a dead goat carcass and making a false, sarcastic claim that it is 'proof' of the prophet's existence. This ridicules the faith and attacks the religious group.",,
50261,img/50261.png,1,haters will say it's photoshop,0.99,1,non-hateful,"The image and text focus on a swimmer's physical appearance and athletic effort. The text suggests the swimmer's muscles are so developed they might be questioned as artificial. This does not attack a protected group based on identity, ethnicity, or religion, nor does it contain violent or dehumanizing rhetoric.",,
16850,img/16850.png,0,okay okay okay here's my serious face do i look fuhrerious yet?,0.98,1,hateful,"The meme uses Adolf Hitler's image to mock his persona with a pun on his title, trivializing the atrocities associated with him and mocking hate crimes/genocide.",,
12973,img/12973.png,1,someone added to much soap to the dishwasher again,0.0,0,non-hateful,"The meme makes a joke about a dishwasher malfunction due to excess soap, resulting in foam on a person. It does not contain any references to protected groups, characteristics, or historical trauma, nor does it dehumanize or attack anyone.",,
62948,img/62948.png,1,"black lives matter >""how"",""why""and ""to whom"" is unclear",0.95,1,hateful,"The meme uses an image of prisoners (dehumanizing visual trope) to imply that the Black Lives Matter slogan is a prison sentence for Black people. It attacks the racial justice movement by framing the advocacy for Black lives as a criminal punishment, which constitutes a hateful message based on race.",,
53769,img/53769.png,0,in 1979 jimmy carter created the department of education since then the u.s. has gone from 1st to 17th in education,0.01,0,non-hateful,"The meme presents a statistical claim that U.S. educational rankings dropped significantly under the Department of Education created by Jimmy Carter. While critical of a specific administration and policy, it does not attack Jimmy Carter or the people associated with him based on protected characteristics such as race, religion, or ethnicity. It is a political commentary on policy outcomes rather than hate speech.",,
46812,img/46812.png,0,goat meat is very popular in islamic countries,1.0,1,hateful,The meme creates a derogatory stereotype associating Muslim people with bestiality (specifically goat sex) by juxtaposing images of goats with men wearing Islamic attire.,,
83745,img/83745.png,1,it is time.. to send these parasites back to the desert,0.95,1,hateful,"The meme features a knight holding a sword with the Maltese Cross, historically associated with the Knights Templar and Crusades, and explicitly states 'to send these parasites back to the desert.' This language is a xenophobic attack directed at people from desert regions or with Middle Eastern/African heritage, dehumanizing them by calling them 'parasites' and calling for their removal based on geography and ethnicity.",,
43275,img/43275.png,1,my husband is always pushing me around... and talking behind my back,0.95,1,hateful,"The meme uses a pun to make light of a person's disability. It suggests that because the person is in a wheelchair, their husband can easily push them around physically, and because they are seated, he is literally behind their back. This relies on mocking disability for a joke.",,
30927,img/30927.png,0,doesnt let anything stop her have a great day,0.01,0,non-hateful,"The image depicts a smiling woman in a wheelchair working at a laptop with the text 'doesnt let anything stop her', portraying an inspirational and empowering message regarding disability. It does not contain any attacks, stereotypes, or derogatory remarks based on disability or any other protected characteristic.",,
49650,img/49650.png,1,"and then i asked mom, what's for dinner?",0.0,0,non-hateful,"The meme features a young African-American boy laughing while riding a bicycle, accompanied by text that asks 'what's for dinner?'. This is a popular internet meme template used to express innocent humor or joy. There is no text or imagery that attacks, mocks, or dehumanizes any group based on protected characteristics.",,
4538,img/04538.png,0,"bows here, bows there, bows everywhere",0.01,0,non-hateful,"The meme features a cat and a child wearing pink bows. The text simply notes that both have bows. There is no hateful content, stereotypes, or attacks on any protected groups.",,
26453,img/26453.png,1,"a ww2 jewish prisoner trying to escape the auchschwitz showers (1943, colorized) wwii jew escaping hitler's rath",1.0,1,hateful,The meme trivializes the Holocaust by depicting a Jewish prisoner 'escaping' the gas chambers (mockingly referred to as showers) in a superhero parody format. This mocking of genocide and the suffering of victims constitutes a hateful attack on Jewish people.,,
54819,img/54819.png,0,beauty shot of girlfriends focusing on different thoughts and ideas,0.01,0,non-hateful,"The image and text depict three women of different ethnic backgrounds together in a neutral, positive manner. There is no attack, stereotype, or negative characterization based on protected groups.",,
49260,img/49260.png,0,it's the goat humper looks like a bunch of pigs just walked over your grave,0.95,1,hateful,"The meme uses a disturbing image of a dead animal with bloody wounds, combined with text referencing 'pigs' in a derogatory manner to imply a violent or dehumanizing attack on a specific group. It evokes imagery associated with hate crimes and uses animalistic dehumanizing language.",,
97453,img/97453.png,0,potato is my favorite color of the alphabet,0.98,1,hateful,"The meme uses the phrase 'of the alphabet' in a derogatory way to mock individuals with low intelligence or learning disabilities, which constitutes hate speech based on disability.",,
32875,img/32875.png,0,if he wears number one he's most likely the fastes on the team,0.95,1,hateful,"The meme suggests that a Black man playing soccer is 'likely the fastest on the team' simply because he wears the number one. This relies on a racial stereotype that equates Blackness with physical speed and athleticism, dehumanizing the individual by reducing them to a biological trait rather than a skilled athlete. This aligns with the definition of hate speech involving statements of inferiority or stereotyping based on race.",,
50984,img/50984.png,0,a cat in a pot,0.0,0,non-hateful,"The meme features a cat sitting in a pot in a kitchen with the text 'a cat in a pot.' There is no hate speech, attack on protected groups, or dehumanizing language present in the image or text.",,
26397,img/26397.png,0,there are still parts of the world where people celebrate capital punishment,0.95,1,hateful,The meme depicts the execution of Jesus Christ (a historical and religious figure) with text that frames capital punishment as something to be celebrated. This evokes pain regarding historical religious figures and trivializes a religiously significant event.,,
17950,img/17950.png,0,"i was excoriated for a harmless ""tweet"" and ""my show"" was cancelled",0.01,0,non-hateful,"The meme text claims the individual was 'excoriated' for a 'harmless tweet' and lost their show, which is a statement of grievance regarding social media backlash or 'cancel culture.' It does not contain slurs, dehumanizing language, or attacks based on protected characteristics such as race, religion, or gender.",,
38047,img/38047.png,0,"""stupid bitch"" is not a race",0.95,1,hateful,"The meme contains a slur ('bitch') directed at a person in the image and references their race using the phrase 'is not a race', combining dehumanizing language with a dismissive attack on racial identity.",,
28017,img/28017.png,1,say it! say it ! islam is the religion of peace,0.99,1,hateful,"The meme uses an image of extreme violence and bloodshed while forcing the victims to say 'islam is the religion of peace'. This is an indirect attack on the religion of Islam by ironically associating the concept of 'peace' with a scene of gruesome murder, mocking the religion and its adherents.",,
78462,img/78462.png,0,"in the last days there will be scoffers, ridiculers, deniers and mockers following after their own lusts",0.85,1,hateful,"The meme uses a biblical quote to characterize an entire group of people (scoffers, mockers) as morally depraved individuals 'following after their own lusts'. This constitutes a dehumanizing statement of inferiority and moral condemnation based on their behavior or beliefs, which aligns with the definition of a hateful attack.",,
69150,img/69150.png,1,"""white privilege the privilege of being called ""racist"" by other people who see nothing else about you except the color of your skin",0.85,1,hateful,"The meme uses the 'White Horse' format to reframe the concept of 'white privilege'. It characterizes individuals of white ethnicity as victims, claiming that having one's race as a primary descriptor is a 'privilege'. This constitutes an indirect attack on people based on ethnicity by promoting a perspective that devalues the experiences of other racial groups and frames the dominant racial group as the marginalized party.",,
3745,img/03745.png,1,your order comes to $37.50 and your white privilege discount brings the total to $37.50,0.85,1,hateful,"The meme utilizes the phrase 'white privilege discount' as a sarcastic joke, stating that the discount results in no change to the price. This mocks the concept of systemic racial advantages, which constitutes an indirect attack based on race.",,
31570,img/31570.png,1,"busy, like a hive of bees, controlling what your family sees and edits all the news your hear so you'll know what to think and fear till all the truth there is, is gone that is unless you stand, en masse. """,0.98,1,hateful,"The meme uses visual markers of Orthodox Judaism (payot and hat) to target a specific religious group. It employs a racist trope comparing them to 'a hive of bees' (dehumanization) and accuses them of a conspiracy to 'control' and 'edit' the news to hide the truth, which constitutes a hateful stereotype based on religion.",,
16923,img/16923.png,1,do you like goat anus? smell my finger,0.95,1,non-hateful,"The meme features a man making a mocking gesture and includes the phrase 'smell my finger.' While this is rude, offensive, and intended to be vulgar, it does not target any protected group (such as race, religion, or nationality) and does not contain dehumanizing or hateful rhetoric as defined by the criteria.",,
91468,img/91468.png,0,"you want a whore? buy one. you want a queen? earn her. you want a nickel bag? fifteen bucks, little man",0.98,1,hateful,"The meme uses a dehumanizing slur to equate women to sex workers who can be purchased, and refers to men with a derogatory term ('nickel bag'), making statements of inferiority based on sex and gender. This aligns with the definition of hate speech.",,
34975,img/34975.png,0,what if the only reason mary got pregnant... is because god is gay and needed a surrogate,0.95,1,hateful,"The meme mocks the religious belief in the virgin birth of Jesus by suggesting God is gay and needed a surrogate, ridiculing sacred theological concepts and making light of sexual orientation in a derogatory manner.",,
68530,img/68530.png,1,a fast sandwich maker,1.0,1,hateful,"The text 'a fast sandwich maker' is a racial stereotype referencing Asian men working in delis, using dehumanizing language to mock the subject based on race.",,
47103,img/47103.png,0,maybe we weren't consistent sources of crime we'd be treated better,0.01,0,non-hateful,"The meme implies that individuals are treated poorly because they commit crimes, using a pile of guns to represent this group. It does not contain hate speech because it does not target a protected group based on characteristics such as race, religion, or sexual orientation.",,
42580,img/42580.png,1,jack and jill went up the hill so jack could lick her candy but jack got a shock and a mouthful of cock cause jills real name was randy,0.8,1,hateful,"The meme relies on a 'gotcha' style joke to mock individuals named Randy, implying that the name itself indicates that the person is a male prostitute. This constitutes hate speech as it attacks a specific group based on a name, using dehumanizing labels to imply sexual deviance or inferiority.",,
73605,img/73605.png,0,no matter what smile,0.95,1,hateful,"The meme trivializes the Holocaust by placing a modern electronic device over a historical photograph of a Jewish girl in the Holocaust, juxtaposed with the text 'no matter what smile.' This constitutes mocking hate crimes and evoking pain from historical figures associated with genocide, which falls under the definition of hate speech.",,
79603,img/79603.png,1,its friday cunts lets get on the gas,1.0,1,hateful,"The meme superimposes the text 'lets get on the gas' over an image of Jewish prisoners on a railway car of the Deutsche Reichsbahn. This is a direct reference to the Holocaust and the systematic gassing of Jews, trivializing genocide and mocking the victims based on their ethnicity and religion.",,
68409,img/68409.png,1,for the last time im not michelle obama,0.95,1,non-hateful,"The meme uses the 'Hide the Pain Harold' character labeled as Bigfoot to express frustration about being confused with Michelle Obama. While it implies a physical resemblance and mocks the speaker for the comparison, it does not contain violent or dehumanizing speech, nor does it target a protected group based on characteristics like race or religion in a way that incites hatred or segregation.",,
87251,img/87251.png,0,i love apes they are both ugly and cute,0.99,1,hateful,"The meme dehumanizes a Black child by comparing them to a gorilla and labeling them as 'ugly.' This constitutes a direct attack based on race, utilizing racist tropes to suggest inferiority and linking Black individuals with primates.",,
49621,img/49621.png,0,"wait, mohammad come back i didn't mean to laugh, really size dosen't matter to me lol",0.95,1,hateful,The meme contains a double entendre that relies on the offensive stereotype of Muslim men having small penises to explain the woman's laughter. It attacks a religious/ethnic group by invoking a dehumanizing biological caricature.,,
19523,img/19523.png,0,they see them rollin.... they hating..,0.01,0,non-hateful,"The meme features a cat wearing sunglasses on a bicycle with the text 'they see them rollin.... they hating...'. This is a reference to a popular song lyric and internet culture meme signifying confidence and success. It does not target any protected group, nor does it contain violent or dehumanizing speech.",,
98235,img/98235.png,0,fashion forward !,0.98,1,non-hateful,"The meme depicts a woman wearing a hijab and fashionable clothing with the text 'fashion forward!'. The intent is to showcase style and break stereotypes, rather than attacking or mocking the subject. There are no dehumanizing statements or attacks based on protected characteristics.",,
62035,img/62035.png,1,thank god my ass needed a break,0.01,0,non-hateful,"The meme features a goat with text expressing gratitude for needing a rest, which is a generic joke about exhaustion or avoiding tasks. It does not contain any attacks on protected groups, stereotypes, or dehumanizing language.",,
73945,img/73945.png,0,jamal is holding a gun,0.9,1,hateful,"The text 'Jamal is holding a gun' links a child of apparent Middle Eastern or African descent with a specific weapon. By pairing the name 'Jamal' (often associated with Black or Arab populations) with a firearm in a meme format, the content reinforces dangerous stereotypes linking specific ethnic or racial groups with violence and weapons.",,
14026,img/14026.png,1,told girlfriend that mom is deaf so speak loud and slow told mom that girlfriend is retarded,0.9,1,hateful,The meme utilizes the slur 'retarded' in the bottom text to mock a disability (implied intellectual disability) and create a joke about poor communication. This constitutes an attack based on disability through dehumanizing language.,,
21643,img/21643.png,0,haha pig man is peeing standing up,0.95,1,hateful,"The meme mocks a Muslim individual by depicting them urinating standing up and laughing at their religious practice, which dehumanizes and ridicules a person based on religion.",,
83954,img/83954.png,1,head teachers given the power to ban the burqa in british schools share if you want a full ban in britain!,0.95,1,hateful,"The meme advocates for the segregation and exclusion of Muslim women wearing burqas by encouraging a ban in schools, targeting a group based on their religious clothing.",,
87034,img/87034.png,0,you don't need a parachute to go skydiving twice you need a parachute to go skydiving twice,0.01,0,non-hateful,"The meme features a skydiver and a play on words regarding needing a parachute to survive. It does not target any individual or group based on protected characteristics such as race, religion, or disability.",,
54930,img/54930.png,1,not all muslims are isis! some are al-qaida the rest are taliban,0.98,1,hateful,"The meme asserts that all Muslims belong to one of three violent militant groups (ISIS, Al-Qaeda, Taliban). It creates a dehumanizing and stereotypical generalization that equates an entire religious group with terrorism.",,
18059,img/18059.png,1,"they are like sperm you get millions, but only one works",0.98,1,hateful,"The meme compares migrants seeking asylum to sperm to suggest that they are disposable and the vast majority are unwanted 'failures', serving as a dehumanizing attack on immigrants based on their status.",,
2143,img/02143.png,1,"doesnt have food, water, electricity proud of nuclear weapons",0.95,1,hateful,"The meme uses the text 'proud of nuclear weapons' in association with an image of a South Asian man, creating a derogatory stereotype that conflates his ethnicity and religion (implied by appearance) with the possession or celebration of dangerous weapons and the neglect of basic humanitarian needs like food and water.",,
7382,img/07382.png,1,wouldn't be the last time those people used the oven this way,1.0,1,hateful,"The meme juxtaposes the fairy tale characters Hansel and Gretel with the text claiming they were not the 'last time' people were used in the oven this way. This alludes to the Holocaust and the gas chambers used to murder Jews, equating the victims of genocide with the characters in the story. This is a severe attack on a specific ethnic and religious group based on historical trauma.",,
16842,img/16842.png,0,every kitchen needs a sandwich maker just like this one,0.0001,0,non-hateful,"The image displays a sandwich maker with text stating 'every kitchen needs a sandwich maker just like this one'. The content is a general product endorsement and does not contain any attacks on protected groups, stereotypes, or offensive language.",,
63280,img/63280.png,1,so you're never going to forgive the germans because of the holocaust? same,0.95,1,hateful,"The meme juxtaposes a Native American figure with a question about the Holocaust to imply a shared grievance or 'same' status. This trivializes the specific, documented genocide of the Holocaust and equates it with other historical traumas in a mocking context. This violates the definition by mocking a hate crime and evoking pain from historical figures.",,
51306,img/51306.png,0,eat some cookies you're not yourself when you're hungry,0.9,1,hateful,"The meme depicts Adolf Hitler, a historical figure synonymous with antisemitism and genocide. By applying the 'Hangry' meme format to him, it trivializes his crimes and the Holocaust by framing the mass murder of millions of Jews and others as a result of simple hunger rather than systematic hate, thereby mocking the victims and the historical tragedy.",,
46518,img/46518.png,1,"it's the goat humper, looks like a bunch of pigs just walked over your grave",1.0,1,hateful,"The meme depicts a Muslim man praying, with text comparing him to a 'goat humper' and suggesting 'pigs' (a common slur for Jews) walked over a grave. This constitutes hate speech by employing derogatory slurs and stereotypes targeting both Muslims and Jews, mocking religious practices.",,
17265,img/17265.png,0,meanwhile in baltimore,0.95,1,hateful,"The meme features a photo of a baboon, a primate often associated with Africa. When combined with the text 'meanwhile in baltimore', it creates a dehumanizing racial stereotype equating the residents or African American community of Baltimore with monkeys. This relies on a racist trope to mock a specific demographic group.",,
94813,img/94813.png,0,thats the way allah allah i like it!!!,0.01,0,non-hateful,"The meme features South Asian women dancing joyfully with the text 'thats the way allah allah i like it!!!'. The content celebrates the subjects and their cultural or religious expression without any attacks, stereotypes, or dehumanizing language.",,
60183,img/60183.png,1,nein danke i'm very happy with my gas supplier,1.0,1,hateful,The meme features Adolf Hitler and uses the text 'happy with my gas supplier' to make a dark joke referencing the Holocaust and the mass murder of Jewish people in gas chambers. This trivializes genocide and mocks the systematic extermination of a specific ethnic and religious group.,,
47162,img/47162.png,1,what do these two have in common? they both are good at sucking they both come with a bag,0.85,1,hateful,"The meme uses a double entendre to make sexually derogatory comments about a woman, equating her to a vacuum cleaner. This is dehumanizing speech and a statement of inferiority based on sex/gender.",,
26547,img/26547.png,1,that's the way allah allah i like it,0.99,1,hateful,"The meme juxtaposes the phrase 'allah allah' with the text 'that's the way i like it' while showing a hand forcefully holding a goat by the horns. This visual and textual combination suggests that the deity Allah is a beast or demon, utilizing religious mockery to attack Islam.",,
89642,img/89642.png,1,i treat them like java treats its generic parameters at run time as objects,0.8,1,hateful,"The meme compares the way it treats a group of diverse women to how Java handles generic parameters at runtime (type erasure), where specific identity details are ignored and everything is treated as a generic 'Object'. This dehumanizes the women by equating their diverse identities to code that is stripped of meaning and individuality, reducing them to indistinguishable, generic entities.",,
16749,img/16749.png,0,broken dishwasher,0.0,0,non-hateful,"The image depicts a pile of discarded appliances with the caption 'broken dishwasher'. There is no text or imagery targeting any protected group, nor does it promote hate speech, violence, or stereotypes.",,
68401,img/68401.png,0,when you date an asian boy and you trynna get his family to accept you,0.85,1,hateful,The meme relies on and reinforces a pervasive negative stereotype regarding the strictness and difficulty of Asian parents and families.,,
98720,img/98720.png,0,when your wife just died giving birth to your daughter and you're alone in the room with your naked just born daughter,0.01,0,non-hateful,"The meme expresses a personal scenario involving the tragic loss of a spouse and the immediate challenge of caring for a newborn daughter. It relies on the 'Distressed Man' reaction image to convey overwhelming emotion or shock. The content does not contain any attacks on protected characteristics such as race, religion, gender, or disability, nor does it dehumanize or mock a specific group.",,
96180,img/96180.png,1,putting bows on your pet,0.02,0,non-hateful,"The meme humorously compares a cat wearing a pink bow to a young girl wearing a matching pink bow, emphasizing their resemblance. There is no mockery, dehumanization, or attack based on any protected characteristic such as race, gender, disability, or religion. The content is lighthearted and affectionate.",,
2518,img/02518.png,0,when the dog bites you and you bite back to assert dominance,0.3,0,non-hateful,"The meme depicts a woman biting her dog with the caption 'when the dog bites you and you bite back to assert dominance', which promotes violent and abusive behavior toward animals. While not directed at humans based on protected characteristics, it glorifies aggression and dehumanizes the dog by framing violence as a legitimate method of 'dominance', potentially normalizing harmful conduct that aligns with degrading or violent messaging.",,
10785,img/10785.png,1,"time to put the ""panic"" back in hispanic",0.95,1,hateful,"The meme uses a pun on the word 'panic' and 'Hispanic' to imply that Hispanics should be put back or removed, utilizing a firearm as a visual cue. This conveys a violent and exclusionary sentiment directed at people based on their ethnicity or nationality.",,
73601,img/73601.png,1,when you are white and stole your first bike,0.85,1,hateful,"The meme links the characteristic of being white with the act of stealing, reinforcing a harmful racial stereotype associating white people with theft.",,
96472,img/96472.png,1,white power!,1.0,1,hateful,"Features a Ku Klux Klan member and the phrase 'white power', which is a known white supremacist slogan explicitly promoting racial supremacy and hatred.",,
39018,img/39018.png,0,"she said ""i want a ring"" i said ""bitch take your phone off silent!""",0.95,1,hateful,"The meme uses the word 'bitch' to address a woman, which constitutes a sexist slur and dehumanizing language based on gender, fitting the definition of an attack based on sex.",,
62319,img/62319.png,1,"america in 2045 ""grandpa...why didn't you stop them?!""",0.99,1,hateful,"The meme portrays a dystopian future in America where all visible individuals are women wearing the niqab. This imagery stereotypes Muslims (specifically women) as an invading or overwhelming force that will subjugate Western society, promoting xenophobic and anti-Muslim conspiracy theories.",,
54108,img/54108.png,1,does nike also sell stones in case they take it off?,0.85,1,hateful,"The meme is a pun on the word 'stones' referring to testicles, juxtaposed with a woman wearing a hijab. It relies on a crude sexual stereotype or fetishization of Muslim women, reducing them to their genitalia or implying a sexualized reaction to removing their religious covering. This constitutes a hateful attack based on religion and gender.",,
8451,img/08451.png,0,when you ask a jewish girl for her number and she starts rolling her sleeve,1.0,1,hateful,The meme uses the visual of Holocaust victims and their identification tattoos to create a sexualized joke. It trivializes the genocide of Jewish people and makes light of their suffering and trauma.,,
56207,img/56207.png,1,we broke up but she said we could still be cousins,0.01,0,non-hateful,"The meme makes a joke about a breakup and the partner's suggestion to remain cousins. It does not contain any attacks, derogatory language, or stereotypes based on race, religion, gender, sexual orientation, disability, or other protected characteristics.",,
37692,img/37692.png,0,"""islam is a religion of peace stop criticizing my religion""",0.95,1,hateful,"The meme uses a laughing man dressed in Muslim attire alongside a statement claiming Islam is a religion of peace, to create a mocking juxtaposition. It ridicules the sentiment and implies it is laughable or disingenuous, serving as a derisive attack on the religious identity depicted.",,
21075,img/21075.png,0,size of a shuttle bus legroom of a pinto,0.0,0,non-hateful,"The meme makes a joke about the small interior space of a Humvee by comparing it to a horse. It does not target any protected group, race, religion, or identity, nor does it use dehumanizing language.",,
9152,img/09152.png,0,"i don't have ex's. i have y's. like, ""y the hell did i date you?!?""",0.0,0,non-hateful,"The meme expresses personal regret over a past relationship using hyperbole. It does not contain any attacks, stereotypes, or mockery based on protected characteristics such as race, religion, or gender.",,
87130,img/87130.png,1,finally finding the right tutorial you need indian accent,0.98,1,hateful,"The meme relies on a racial stereotype, specifically mocking Indian people through the use of an accent, which constitutes a direct attack based on ethnicity and nationality.",,
34209,img/34209.png,0,how about a nice 12 yr old? bartender: him: boy i would love that,0.9,1,hateful,"The meme makes a sexual innuendo targeting a clergyman, suggesting pedophilia ('nice 12 yr old?'). This relies on a negative stereotype that attacks the religious group of priests based on sexual orientation and conduct, associating them with child sexual abuse.",,
42058,img/42058.png,0,for lunch vlad the impaler loved turkey,0.85,1,hateful,"The meme makes a pun on Vlad the Impaler's historical reputation for torturing and killing subjects by impaling them. The text implies that he ate a roasted turkey, which visually resembles an impaled body, linking a historical figure known for extreme cruelty and violence against people with a food joke. This trivializes violence and historical suffering.",,
76092,img/76092.png,0,everybody is afraid of gangs,0.95,1,hateful,"The meme uses the racial slur 'gangoon' to refer to older Black men, constituting a dehumanizing attack based on race and age.",,
76295,img/76295.png,0,islamic extremist planning new project,0.95,1,hateful,The meme dehumanizes an entire religious group by labeling them as 'Islamic extremist' and stereotyping them as violent individuals planning projects with weapons.,,
57208,img/57208.png,0,i had potato for lunch,0.01,0,non-hateful,"The meme features a smiling person and a caption about eating potatoes for lunch. It does not contain any attacks, stereotypes, or offensive content targeting protected groups.",,
87169,img/87169.png,1,albanians talking photo with a porn star,0.9,1,hateful,"The meme relies on a vulgar stereotype that associates Albanian nationality with pornography, equating an entire ethnic group with a specific industry in a derogatory manner.",,
64125,img/64125.png,0,ooof. that's gotta hurt,0.1,0,non-hateful,"The meme depicts a physical altercation between two individuals in a boxing ring. While the participants are of different races, the text 'that's gotta hurt' comments on the physical pain of the punch, which is a standard context for sports images. It does not target a protected group or convey a message of hate, dehumanization, or inferiority based on race.",,
68459,img/68459.png,1,family trip in mexico,0.95,1,hateful,"The meme juxtaposes a photo of immigrants, likely asylum seekers, facing a US Border Patrol agent with the text 'family trip in mexico'. This creates a dehumanizing and sarcastic commentary that trivializes the serious situation of the individuals, mocking their migration status and implying their presence in the US is illegitimate or purely opportunistic.",,
28905,img/28905.png,1,"hey, i just met you and this is crazy but here's your number.. so camping, maybe?",0.98,1,hateful,"The meme uses an image of Adolf Hitler, a historical figure responsible for genocide, to mock the victims of the Holocaust by implying sexual conquest. This trivializes the systematic murder of millions of Jews and other persecuted groups, constituting an indirect attack based on ethnicity and religion.",,
48236,img/48236.png,0,that blood you donated could be in someone's boner right now,0.02,0,non-hateful,"The meme contains crude sexual humor and slang but does not target a protected group, nor does it attack based on race, religion, gender, or disease. It fails to meet the criteria for hate speech.",,
32568,img/32568.png,1,america taught us how to be happy slaves the same way school teach us how to be happy employees,0.9,1,hateful,"The text invokes the painful history of slavery, a direct attack on Black people based on race and historical suffering, to make a cynical comparison to modern societal conditioning. This trivializes the atrocities of slavery.",,
10749,img/10749.png,1,my sense of humor is so dark it picks cotton,0.98,1,hateful,"The meme uses the phrase 'dark sense of humor' as a pun on the literal darkness of the image and the racial slur 'dark', while depicting Black people in historical slavery attire. This trivializes the historical trauma of slavery and derives humor from the racial subjugation of Black people, which constitutes an indirect attack based on race.",,
29174,img/29174.png,0,the crimes against humanity should not be swiftly forgotten,0.01,0,non-hateful,The meme displays a historical photograph from a Nazi concentration camp showing a corpse being handled by SS guards and a Jewish prisoner. The text 'the crimes against humanity should not be swiftly forgotten' explicitly condemns the atrocities depicted. This is an educational and memorial message rather than a hateful attack or mockery of victims.,,
64510,img/64510.png,0,mohammad won the contest in putting underwear on goats,0.9,1,hateful,"The meme mocks individuals with the name Mohammad by associating it with the trivial act of dressing goats in underwear. This constitutes a religious attack based on the commonality of the name within the Muslim community, effectively making fun of the group through dehumanization and mockery.",,
95086,img/95086.png,1,novaky concentration camp these jews can claim holocaust pensions,1.0,1,hateful,"The meme uses the term 'concentration camp' to describe a beach and references 'Holocaust pensions' in the context of 'Jews', thereby trivializing the Holocaust and mocking Jewish victims of genocide. This constitutes a direct attack based on ethnicity and religion by making light of historical atrocities.",,
4857,img/04857.png,1,...even the dumb jews know that! trump is a racist.,0.98,1,hateful,"The text uses a racial slur against Jewish people combined with an adjective indicating inferiority, constituting a direct attack on a religious and ethnic group.",,
84510,img/84510.png,1,bartender: how about a nice 12 yr old? him: boy or girl?,1.0,1,hateful,"The meme depicts a priest responding to a request for a '12 yr old' by asking for gender, implying sexual interest in minors. This constitutes hate speech as it evokes pain from hate crimes (pedophilia) and promotes the sexualization of children.",,
5126,img/05126.png,1,can you smell what the reich is cooking,0.99,1,hateful,"The meme depicts a prisoner from the Holocaust being processed and pairs it with the phrase 'the reich is cooking', a common internet dogwhistle used to deny or trivialize the Holocaust. It mocks the genocide of Jews and other victims by making a dark joke about human ovens.",,
1796,img/01796.png,1,life hack #23 how to get stoned with no weed,0.01,0,non-hateful,"The meme features two women wearing hijabs and uses the slang term 'stoned' in the caption. While 'stoned' is commonly associated with cannabis use, in this context of affectionate physical contact (kissing on the cheek), it likely employs a double entendre to mean being 'infatuated' or 'lovesick'. There is no dehumanizing language, mockery of their religious attire, or attack on the individuals based on their identity.",,
48670,img/48670.png,0,look at this sandwich maker club i found on wish on clearance,0.0,0,non-hateful,The meme is a humorous comment about finding a cheap sandwich maker on the website Wish. It does not contain any attacks on protected groups or characteristics.,,
90267,img/90267.png,0,i've been driving this baby for years the mileage isn't great but still gets the job done,0.01,0,non-hateful,"The meme features a woman and her car with a caption expressing pride in its longevity and reliability. It does not contain any attacks, stereotypes, or derogatory language directed at individuals or groups based on protected characteristics.",,
93172,img/93172.png,0,this is a terrorist,0.9,1,hateful,"The meme explicitly labels the depicted individual, a political figure, as a 'terrorist'. Under the provided definition, this constitutes hate speech because it equates a specific person with a criminal or extremist group, which falls under violent or dehumanizing speech and statements of inferiority.",,
17682,img/17682.png,1,give them what they deserve kill them all,0.95,1,hateful,"The meme features a Black football coach with the text 'give them what they deserve kill them all', explicitly calling for mass violence against an undefined group.",,
27635,img/27635.png,1,dat ass ahmarbkrich*d,0.9,1,hateful,"The meme depicts a person wearing a keffiyeh, a symbol associated with Arab and Palestinian identity, and refers to him as a 'chick'. The text compares his buttocks to those of animals shown in the top panel. By comparing a human being of a specific ethnic or political identity to an animal, the meme uses dehumanizing speech to mock and belittle the subject.",,
1268,img/01268.png,0,father and daughter bonding time is the best like and share if you agree,0.01,0,non-hateful,"The meme depicts a father and daughter hugging with text celebrating their bonding time and asking for agreement via social media engagement. It promotes a positive, wholesome message about family relationships and does not contain any attacks, stereotypes, or dehumanizing language towards any group.",,
59738,img/59738.png,1,what's the difference between a refugee and e.t e.t learned english and wanted to go home,0.9,1,hateful,"The meme makes a derogatory joke conflating refugees with non-compliance to language norms or a lack of desire to integrate, while contrasting them with 'English speakers.' This attacks a protected group (refugees/immigrants) by characterizing them as outsiders who do not fit in, which constitutes a hateful message based on immigration status.",,
47950,img/47950.png,0,"democrats ilhan omar alexandria ocasio-cortez ayanna pressley rashida tlais we're new, bold, and we hate you! we hate whites, jews, christians, conservatives, republicans,",1.0,1,hateful,"The meme attributes direct hateful statements to specific politicians and groups based on their race, religion, and political affiliation, claiming they 'hate' whites, Jews, and Christians.",,
86195,img/86195.png,0,dolled up and rolling with the gang like,0.85,1,hateful,"The meme juxtaposes a historical photograph of Adolf Hitler and Benito Mussolini with the caption 'dolled up and rolling with the gang like'. This trivializes the actions of leaders responsible for WWII and the Holocaust, treating figures associated with genocide and fascism as casual subjects of a joke, which evokes pain from historical atrocities.",,
95613,img/95613.png,1,what a weird way to spell fat and single,0.95,1,hateful,"The meme targets individuals who identify as feminists by using a sexist trope to conflate their political stance with being undesirable (fat and single), constituting a statement of inferiority based on gender.",,
42538,img/42538.png,0,and at that moment everything else in the world just melted away,0.99,1,non-hateful,"The meme depicts a romantic or intimate interaction between a Black man and a white woman with text describing a moment of intense connection. It contains no attacks, dehumanizing language, or negative stereotypes based on any protected characteristics.",,
84273,img/84273.png,0,when you're the reason for the company safety video,0.01,0,non-hateful,"The meme features a celebrity making a humorous observation about office culture and responsibility, without any attacks on protected groups or hateful elements.",,
71680,img/71680.png,1,muslim strip club,0.95,1,hateful,"The meme text 'muslim strip club' combines a religious identity with a sexually suggestive context, which serves to mock, dehumanize, and stereotype the Muslim community. This constitutes a hateful attack based on religion.",,
31208,img/31208.png,1,maybe if we weren't consistent sources of crime we'd be treated better,0.95,1,hateful,"The meme relies on a racist stereotype linking Black men to crime, suggesting that Black people are inherently criminal. By stating 'we'd be treated better' if they weren't 'consistent sources of crime', it perpetuates harmful and discriminatory narratives based on race.",,
46971,img/46971.png,1,bravery at its finest,0.98,1,hateful,"The meme juxtaposes a white individual casually eating with a protest scene where Black individuals appear to be consuming non-food items. By labeling the distressing imagery of the protest as 'bravery at its finest,' the meme mocks the participants, dehumanizing them by implying they are savage or behaving like animals, which constitutes an attack based on race.",,
64071,img/64071.png,0,when you have someone to help and take care of you what could happen if you didn't,0.85,1,hateful,"The meme mocks people with disabilities by presenting their reliance on caregivers as the only barrier to an unmanageable life, implying that disabled individuals are helpless burdens or inherently dangerous without constant supervision. This dehumanizing depiction reinforces negative stereotypes and attacks a protected group based on disability.",,
31752,img/31752.png,1,when you get to choose your own mental illness,0.2,0,non-hateful,"The meme uses a rainbow thumbs-up emoji, a symbol widely associated with the LGBTQ+ community, to humorously suggest that one can choose their mental illness. This trivializes mental health conditions and makes light of the suffering experienced by those with such illnesses, which can be seen as a form of mockery related to disability. However, it does not directly attack or dehumanize any specific group based on the protected characteristics listed in the definition of hate speech. The humor is more aligned with absurdity rather than a direct attack on a marginalized group.",,
3524,img/03524.png,1,terrorist can come to this country way to easy,1.0,1,hateful,"The meme explicitly associates the group of Muslim men shown in the image with terrorism, using the text to claim terrorists can easily enter the country. This creates a hateful generalization that equates an entire religious group with criminality and violence, promoting a negative stereotype.",,
90256,img/90256.png,1,"whenever you feel stupid, remember there are people who throw stones at a wall! aiming for an invisible devil, told by an invisible god for an invisible heaven!",0.95,1,hateful,"The meme mocks the religious practice of stoning the Jamarat pillar in Islam by falsely characterizing it as 'throwing stones at a wall' and attacking believers' faith using dismissive language ('invisible devil', 'invisible god'). This constitutes a derogatory attack on a specific religious group.",,
68043,img/68043.png,1,plays uno steals all the green cards,0.85,1,hateful,"The meme uses the Mexican flag and text referencing 'green cards' (a U.S. immigration document) to make a xenophobic joke implying Mexicans exploit the system to obtain immigration status, stereotyping the nationality.",,
48370,img/48370.png,1,72 virgins are ready to get fucked up,0.95,1,hateful,"The meme uses a dehumanizing juxtaposition of Muslim men with breeding stock and sexually explicit text, conveying a misogynistic and racist stereotype that attacks the subjects based on their religion and gender.",,
53968,img/53968.png,1,when you have an 80 point iq but it's the highest in your village,0.8,1,hateful,"The meme uses the phrase 'highest in your village' to demean individuals with a lower IQ. This phrase is often utilized as a racist microaggression or stereotype, specifically targeting Black individuals or people from developing nations, implying a collective intellectual inferiority based on race or origin.",,
42631,img/42631.png,1,i believe they are like racism just shouldn't exist,0.01,0,non-hateful,"The meme features a Black woman speaking passionately at a rally, which appears to be a protest against injustice. The text overlays assert that racism 'just shouldn't exist.' This is a condemnation of racism rather than an attack on any specific group. The content promotes equality and opposes discrimination, which is the opposite of hate speech.",,
29843,img/29843.png,0,the world's most wanted terrorist obama bin lying,0.98,1,hateful,"The meme labels former US President Barack Obama as the 'world's most wanted terrorist,' which is a dehumanizing statement attacking a figure based on race and ethnicity. It also utilizes a racist pun ('obama bin lying') that conflates his racial identity with the name of Osama bin Laden.",,
5213,img/05213.png,0,the families of the hillsborough tragedy were denied legal aid.... but shamima begum gets it to fight for her uk citizenship our system is a sick joke! - martin costello,0.95,1,hateful,"The meme utilizes Shamima Begum's religious attire and status as a person of color to argue that she unfairly benefits from the system compared to white British families. It invokes historical tragedy to highlight perceived preferential treatment based on identity, which constitutes an indirect attack on individuals of a specific nationality and religious background.",,
56098,img/56098.png,1,"i said ""a glass of juice"".",0.98,1,hateful,"The meme uses Adolf Hitler, a historical figure representing genocide and hatred, in a context that mocks a trivial miscommunication. This trivializes the pain associated with his regime and falls under mocking hate crimes or evoking pain from historical figures.",,
50841,img/50841.png,0,give them what they deserve kill them all,0.02,0,non-hateful,"The meme uses a photo of a rat and calls for it to be killed. While it expresses violence towards an animal, it does not attack a protected human group based on race, religion, gender, or other protected characteristics as defined in the provided definition of hate speech.",,
19536,img/19536.png,1,when your jewish friend smells a stash of coins in public,0.95,1,hateful,"The meme uses the text 'when your jewish friend' combined with an image of a person with an exaggerated nose, a well-known anti-Semitic stereotype. This constitutes an indirect attack based on religion/ethnicity by reinforcing negative physical caricatures.",,
73914,img/73914.png,1,be careful who you call ugly in highschool,0.98,1,non-hateful,"The meme is a humorous juxtaposition warning against bullying, contrasting a young child with a powerful gorilla to symbolize potential strength or revenge. It does not contain any dehumanizing language or attacks on protected groups.",,
78156,img/78156.png,0,you mean i don't have to pick it?!?,0.0,0,non-hateful,"The meme depicts a woman inspecting her skin and questions if she has to pick pimples. The content is related to skincare and acne, and contains no hate speech or attacks based on protected characteristics.",,
17908,img/17908.png,0,making a quick 3pm snack,0.99,1,non-hateful,"The meme shows a woman preparing a sandwich in a kitchen, with text indicating it is a '3pm snack.' There is no attack, stereotype, or offensive content targeting any group based on characteristics like race, gender, or disability. The content is neutral and relatable.",,
84162,img/84162.png,0,i could have killed all of them. but i let some of them survive so you know why i killed them,0.01,0,non-hateful,"The meme depicts dead mosquitoes with text expressing a desire to kill them to make a point. This targets insects, not a protected group of people, and does not contain any elements of hate speech based on the provided definition.",,
53418,img/53418.png,0,a real man loads the dishwasher every night,0.85,1,hateful,"The meme promotes traditional gender stereotypes by asserting that domestic chores like loading the dishwasher are a definitive trait of masculinity. It attacks men who do not perform these duties by implying they are not 'real men,' which constitutes a statement of inferiority based on gender.",,
29054,img/29054.png,1,broken dishwasher,0.95,1,hateful,"The text 'broken dishwasher' mocks the person's prosthetic leg, directly targeting an individual based on their disability and making a dehumanizing joke about their body, which aligns with the definition of hate speech.",,
91836,img/91836.png,1,one of my 5 boyfriends slept with another girl i'll never trust men again!,0.05,0,non-hateful,"The meme features a woman expressing extreme anger at men for the actions of one specific boyfriend. While it reflects a negative attitude toward men in a personal, hyperbolic context, it does not constitute a dehumanizing attack, a statement of inferiority, or a call for exclusion based on gender identity. It lacks the severity required to meet the definition of hate speech.",,
30579,img/30579.png,0,white power!,0.95,1,hateful,"The meme uses the image of an elderly white man lifting a heavy weight and pairs it with the phrase 'white power!' to create a pun. This co-opts the well-known white supremacist slogan 'White Power' to make a statement about physical strength or racial identity. Under the provided definition, this constitutes an indirect attack based on race by evoking a hate slogan and promoting a racialized concept of 'power'.",,
91058,img/91058.png,1,get in loser we're invading poland,0.95,1,hateful,The meme trivializes the start of World War II and the invasion of Poland by reducing a genocide-causing historical event and Adolf Hitler to a casual 'loser.' It evokes pain related to historical figures and attacks the Jewish people and others based on ethnicity and religion by minimizing the atrocities committed by the regime depicted.,,
56124,img/56124.png,0,how to cook turkey in usa how to cook turkey in romania,0.92,1,hateful,"The meme contrasts a whole roasted turkey with a small portion of sliced chicken breast. By labeling the latter as 'how to cook turkey in Romania,' it implies that people from Romania serve meager portions or eat low-quality meat compared to the US. This constitutes an indirect attack based on nationality, stereotyping the culture as inferior or 'stingy'.",,
12834,img/12834.png,1,"in west philadelphia, born and raised in the anus is where i got most of my aids",0.9,1,hateful,"The meme parodies the song 'Juicy' to link West Philadelphia directly with the spread of AIDS, associating a specific geographic location with the disease in a mocking manner.",,
36058,img/36058.png,0,love is love,0.01,0,non-hateful,The meme presents a positive and supportive message ('love is love') celebrating a lesbian wedding and same-sex relationships. It promotes inclusivity rather than attacking or dehumanizing a group.,,
34018,img/34018.png,1,fuck the catholics fuck the catholic church fuck the pope,0.98,1,hateful,"The meme contains explicit commands to reject an entire religious group ('fuck the catholics') and its institutions ('catholic church', 'the pope'). This qualifies as a direct attack and expression of hostility based on religion.",,
41035,img/41035.png,0,my new muslim girlfriend not much to look at,0.9,1,hateful,"The meme uses the phrase 'not much to look at' as an insult directed at a Muslim woman, implying inferiority and using Islam as a pejorative label rather than a neutral descriptor.",,
20984,img/20984.png,0,when you are white and stole your first bike,0.85,1,hateful,"The meme implies that stealing property is a normal or characteristic behavior for 'white' people, using racial generalizations to normalize criminal activity.",,
92058,img/92058.png,1,how black people became christians,0.95,1,hateful,"The meme trivializes the systemic violence of slavery and forced religious conversion by framing the adoption of Christianity by enslaved people as a lighthearted joke. It mocks a historical tragedy and the suffering of Black people, constituting an indirect attack based on race and the mocking of historical pain.",,
52603,img/52603.png,1,feeling kinda cute might steal your shit later.. idk,0.98,1,non-hateful,"The meme uses profanity and makes a threat ('steal your shit'), but does not attack any protected group based on ethnicity, race, religion, or other identity characteristics.",,
64312,img/64312.png,1,"no, that's not his daughter.. that's his wife! yet the world is silent..",0.95,1,hateful,"The meme features a Muslim couple and utilizes text to insinuate that their relationship is incestuous ('his daughter'), while the phrase 'the world is silent' accuses the audience of hypocrisy for condemning such acts while ignoring this perceived instance. This constitutes a hateful attack based on religion and ethnicity by promoting harmful stereotypes.",,
16704,img/16704.png,0,"last summer camp was so ""lit""",0.98,1,non-hateful,"The meme features children climbing a wooden structure with the text 'last summer camp was so lit'. There is no hateful content in the text or image, and no targeting of protected characteristics.",,
53491,img/53491.png,0,and in 3 days he came back to life bringing salvation,0.0,0,non-hateful,"The meme depicts a religious scene (Crucifixion) with text affirming the resurrection of Jesus. It does not contain any attacks, stereotypes, or dehumanizing language directed at any protected group.",,
83497,img/83497.png,0,different types of radicalization,0.95,1,hateful,"The meme equates a peaceful religious protester with a mass shooter (Colin McLaren) by labeling both as 'types of radicalization.' This conflates religious expression with lethal terrorism and violence, serving as a dehumanizing attack and negative stereotyping of Muslim individuals.",,
32415,img/32415.png,0,when finishing a race is your passion,0.01,0,non-hateful,"The meme depicts a woman crossing a finish line and expresses passion for completing a race. It does not contain any attacks, stereotypes, or dehumanizing language directed at any group based on protected characteristics.",,
37814,img/37814.png,0,this is el paso shooter's father every. single. time,0.9,1,hateful,"The meme trivializes a mass shooting tragedy by using a cliché to mock the perpetrator's family. This constitutes mocking a hate crime and showing callousness toward victims, which fits the definition of hate speech.",,
25149,img/25149.png,1,if this offends you you might be lack toes intolerant,0.95,1,hateful,"The meme targets individuals with toe amputations, a physical disability condition, by making a derogatory pun on 'lactose intolerant'. It mocks the disability and implies that taking offense to such mockery makes the person intolerant or inferior, fitting the criteria of a hate speech attack based on disability.",,
26187,img/26187.png,1,i love my slow cooker,0.01,0,non-hateful,"The image shows a person in a professional kitchen holding a tray of food, and the text states 'I love my slow cooker'. There is no attack on any group based on protected characteristics such as race, religion, or nationality. The content is benign.",,
24098,img/24098.png,1,thanksgiving in china,0.98,1,hateful,"The meme depicts a cat sitting inside a large cooking pot with vegetables, accompanied by the text 'thanksgiving in china'. This imagery and text imply that people from China are treated as food, serving as a dehumanizing racial slur suggesting Chinese people are edible or meant to be eaten.",,
46085,img/46085.png,0,city workers repair statue cover it up with black sheet,0.01,0,non-hateful,"The meme depicts workers covering a statue with a black sheet and uses a play on words ('black sheet' vs 'black sheep'). It does not target a protected group, promote hate speech, or convey a hateful message based on the provided definition.",,
36201,img/36201.png,0,look at me bling up my prosthetic,0.01,0,non-hateful,"The image shows a person with a disability confidently displaying their prosthetic limb with the text 'look at me bling up my prosthetic.' This is a positive, self-empowering statement celebrating disability and personal style, rather than an attack or mockery.",,
61872,img/61872.png,1,don't be a fool it is a bomb,0.9,1,hateful,"The meme compares a pregnant woman to a bomb, which is a violent metaphor that dehumanizes the subject by equating a natural biological condition with a destructive weapon.",,
43810,img/43810.png,1,how to cook turkey in usa how to cook turkey in romania,0.01,0,non-hateful,"The meme is not hateful as it makes a humorous comparison between a food item (the bird) and a country (Turkey), using a historical figure as a visual punchline. It does not contain attacks, stereotypes, or dehumanizing language directed at any protected group.",,
56149,img/56149.png,0,the original scarecrow,0.0,0,non-hateful,"The meme features an image of a scarecrow with text calling it 'the original scarecrow'. This is a literal and humorous label for the object depicted. There is no content targeting any protected group, no stereotypes, and no hateful speech based on the provided definition.",,
58093,img/58093.png,0,i treat them like java treats its generic parameters at run time as objects,0.0,0,non-hateful,"The image consists of Java programming code and text discussing technical concepts like 'generic parameters' and 'objects'. It contains no references to protected characteristics, hate speech, or offensive content.",,
89071,img/89071.png,1,they don't wash their ass with water and they eat their daughters' ass,0.8,1,hateful,"The text uses violent and degrading imagery ('eat their daughters' ass') to attack a group of people, likely based on nationality or culture given the reference to toilet habits. It employs dehumanizing speech to characterize the group.",,
84302,img/84302.png,0,why do we share more when these people are hurt but not these people,0.05,0,non-hateful,"The meme suggests that the suffering of Muslim women is ignored by society, comparing their plight to that of the diverse people in the top panel. While it highlights a potential double standard or lack of media coverage regarding the plight of women in certain regions, it does not use dehumanizing language, call for violence, or attack the women themselves. It expresses an opinion on societal empathy rather than attacking the protected group directly.",,
5439,img/05439.png,0,portable dishwasher slash sandwich maker,0.95,1,hateful,"The image depicts deformed hands with an extra finger, a physical anomaly, while the text nonsensically labels it a 'portable dishwasher slash sandwich maker.' This combination mocks and ridicules physical disabilities or deformities, constituting hateful content based on disability.",,
6491,img/06491.png,1,tranny for sale,0.99,1,hateful,The text uses a slurring slur to refer to a trans woman and explicitly dehumanizes her by objectifying her with the phrase 'for sale'. This constitutes a direct attack on gender identity involving violent and dehumanizing language.,,
18726,img/18726.png,0,when your bed is short and your feed stick out,0.0,0,non-hateful,"The meme text contains a typo ('feed' instead of 'feet') and the image depicts feet sticking out of a bed, but neither the image nor the text conveys any hate speech, stereotypes, or attacks based on protected characteristics.",,
34528,img/34528.png,1,every kitchen needs a sandwich maker just like this one,0.0,0,non-hateful,"The meme features a woman and text about kitchen appliances, containing no hateful content targeting any protected group.",,
1765,img/01765.png,1,"after a girl dies, what organ in her body stays warm? my dick",0.95,1,hateful,"The meme relies on a racist caricature depicting a Black man with exaggerated features (a stereotype of the 'savage') in prison garb. The text adds a sexualized insult, combining racial stereotyping with degrading language to mock and dehumanize Black individuals.",,
83946,img/83946.png,1,when a white kid shoots up the school the same day you planned to bomb it,0.95,1,hateful,"The meme uses a stereotypical image of a Muslim girl to imply that she planned a terrorist bombing, reinforcing the harmful stereotype that equates Muslims with terrorism and violence.",,
16420,img/16420.png,0,abnormal vs normal,0.98,1,hateful,"The meme uses the term 'abnormal' to label a person with a physical disability (height difference), while labeling a child 'normal'. This frames the person with a disability as a deviation or inferior, which constitutes a dehumanizing attack and statement of inferiority based on disability.",,
72864,img/72864.png,1,traveling through chimney,0.95,1,hateful,"The meme juxtaposes a festive Santa Claus with a photo of Hasidic Jewish men walking, captioned 'traveling through chimney.' This uses antisemitic stereotypes suggesting that Jewish people are secretive, deceptive, or associated with criminality (implying they are burglars breaking in), which constitutes a hateful attack based on religion and ethnicity.",,
61038,img/61038.png,0,no wonder why the pipes are not working,0.0,0,non-hateful,"The meme features a broken concrete pipe with the text 'no wonder why the pipes are not working'. This refers to a physical infrastructure failure and contains no language or imagery targeting protected groups, diseases, or individuals.",,
47056,img/47056.png,1,illegal aliens are not welcome,1.0,1,hateful,The text 'illegal aliens are not welcome' dehumanizes immigrants by referring to them as 'aliens' and calls for their exclusion based on immigration status and nationality.,,
82437,img/82437.png,1,we should learn from ocean how to treat refugees,0.95,1,hateful,"The meme depicts a human shoe on the beach, visually representing refugees as unwanted debris, waste, or trash. The text explicitly links this dehumanizing imagery to how refugees should be treated, equating human beings with garbage to be discarded.",,
41890,img/41890.png,1,house of pedophile,0.95,1,hateful,"The meme uses the image of the Vatican to label the Catholic Church as a 'house of pedophile', making a direct, dehumanizing generalization against the religious group based on sexual abuse allegations.",,
90236,img/90236.png,0,voila! fresh batch of baked goods !,0.98,1,non-hateful,"The image shows a Black man dressed in a white shirt and tie, smiling behind a tray of freshly baked goods in a professional kitchen setting. The text 'voila! fresh batch of baked goods!' is celebratory and positive. There is no language or imagery that attacks, stereotypes, dehumanizes, or excludes any group based on protected characteristics. The meme is neutral to positive in tone and content.",,
93620,img/93620.png,1,in other countries in pakistan,0.95,1,hateful,"The meme is hateful because it uses a visual analogy to dehumanize people from Pakistan, equating the country's social norms with bestiality and implying a lack of civilization compared to 'other countries.'",,
41382,img/41382.png,0,"they want to be accepted for who they are, yet theren't able to accept themselves for who they are",0.85,1,hateful,"The meme uses an image of a wasp, which is frequently used as a derogatory slur for transgender women or as a derogatory reference to Jewish people (referencing the Nazi term 'Wespe' in specific hate contexts or 'Wasps' as an acronym for White Anglo-Saxon Protestant). The text discusses the inability to accept 'who they are,' a common trope used in anti-trans discourse to mock gender identity, or in antisemitic discourse to mock Jewish culture. This constitutes a dehumanizing statement of inferiority or mockery based on gender identity or religion.",,
95640,img/95640.png,1,syrian rape survivor speaks out,1.0,1,hateful,"The meme uses the phrase 'speaks out' in combination with an animal screaming to trivialize and mock the experience of sexual violence survivors. It dehumanizes survivors by equating them with a screaming goat, thereby making light of the trauma associated with rape, which constitutes hateful speech based on the provided definition.",,
62504,img/62504.png,0,we've taken this country! now fuck off! we're taking it back!,0.98,1,non-hateful,"The meme depicts Daleks, a fictional alien species from the TV show Doctor Who, in a 'We've Taken Over' parody. Since the subjects are fictional sci-fi monsters and not a real-world protected group, the content does not constitute hate speech against any human characteristic or identity.",,
72048,img/72048.png,1,hurry up barack will be home soon,0.95,1,hateful,"The meme dehumanizes a specific political figure by comparing them to an ape, a classic racist trope used to attack Black people, while the image of the woman looking at her watch implies an attack on the man's masculinity or sexual performance, targeting a protected group based on race.",,
41796,img/41796.png,0,nein danke i'm very happy with my gas supplier,0.01,0,non-hateful,"The meme depicts a mundane interaction between customers and a receptionist regarding gas supply satisfaction. It contains no language or imagery that attacks, stereotypes, or mocks individuals based on protected characteristics such as race, religion, gender, or disability.",,
42903,img/42903.png,0,those stupid basterds thought it was a real shower,0.95,1,non-hateful,"The meme features a man standing in a canal or drainage ditch under a bridge. The text refers to people as 'stupid basterds' and suggests they 'thought it was a real shower,' mocking them for potentially using the dirty water as a bath. The classification criteria and provided examples (such as mocking a child's illness or implying racial criminality) focus on hate speech targeting protected characteristics like ethnicity, disability, or disease. In this case, the mockery appears to be directed at the subjects' perceived intelligence or social status (homelessness/poverty) rather than an immutable protected group, and it does not contain dehumanizing rhetoric comparable to the provided hateful examples.",,
57369,img/57369.png,0,lose 15 lbs with this 1 simple trick photoshop,0.05,0,non-hateful,"The meme makes a joke about weight loss using Photoshop to manipulate body image, but does not target any group based on protected characteristics like race, religion, gender, disability, etc. It does not contain dehumanizing language, calls for exclusion, or mockery of a hate crime or historical trauma. The humor is self-deprecating or tech-based, not hateful.",,
56980,img/56980.png,0,coffee isn't helping get the jumper cables,0.01,0,non-hateful,"The meme uses a tired dog as a humorous analogy for extreme exhaustion, joking that 'coffee isn't helping' and one should 'get the jumper cables.' It contains no attacks on any protected group or characteristics.",,
96284,img/96284.png,1,welcome to melbourne,0.95,1,hateful,"The image depicts a group of individuals in militant dress holding flags associated with the Hamas movement. The text 'welcome to melbourne' juxtaposes this imagery with an Australian city, implying that Melbourne is overrun by or welcoming of a militant group. This constitutes a hateful attack based on religion and nationality, relying on the stereotype that equates Muslim groups with terrorism.",,
75918,img/75918.png,0,a picture of my great great great grand grandfather's tractors they don't make them like they used to,0.0,0,non-hateful,"The meme depicts an old tractor with a caption expressing nostalgia for the past. It does not contain any attacks, stereotypes, or dehumanizing language directed at any protected group.",,
10386,img/10386.png,1,the book about terrorism,0.99,1,hateful,"The meme labels the Quran as 'the book about terrorism,' directly attacking the Islamic religion by equating its primary scripture with violence and terror. This constitutes a hateful stereotype based on religion.",,
74906,img/74906.png,1,are you a boy or a girl i'm non binary,0.9,1,hateful,"The meme uses the visual trope of 'falling out of a wheelchair' to depict a person identifying as 'non binary'. This dehumanizes the identity and suggests that being non-binary is a physical disability or a collapse, implying inferiority or absurdity. This constitutes an attack based on gender identity through dehumanizing imagery.",,
63745,img/63745.png,1,we could destroy all of them but we let some of them survive so you know why we did it,0.98,1,hateful,"The text 'we could destroy all of them' and 'let some of them survive' directly mocks the Holocaust by trivializing the genocide of Jews as a calculated decision to create evidence, rather than a systematic atrocity.",,
19730,img/19730.png,1,jamal is practicing for class sport,0.75,1,hateful,"The meme uses sarcasm to mock a child holding a weapon, trivializing a situation that likely indicates conflict, war, or abuse. By labeling the act as 'practicing for class sport,' it dehumanizes the child and makes light of a tragic reality, which falls under mocking or evoking pain from a vulnerable subject.",,
37160,img/37160.png,0,"best gamer ever 6 million kills, 1 death""",0.01,0,non-hateful,"The meme depicts a gamer boasting about a high kill count and a single death. There is no content targeting any individual or group based on protected characteristics such as race, religion, or disability. The humor is based on gaming achievements and does not constitute an attack.",,
93541,img/93541.png,0,the jihad squad,0.95,1,hateful,"The image depicts armed individuals holding a flag associated with the Islamic State (ISIS), posing over the corpse of a victim in what appears to be a warzone. The text 'the jihad squad' explicitly links the group to jihadism. Together, the text and image evoke pain from historical figures and real-world hate crimes associated with religious terrorism, depicting dehumanizing violence.",,
30642,img/30642.png,0,rabbi sitting in synagogue chillin and doing his thing,0.01,0,non-hateful,"The meme features an image of a rabbi with text describing him as 'chillin and doing his thing.' The content is neutral, depicting a religious figure in his place of work without any attacks, stereotypes, or dehumanizing language.",,
35470,img/35470.png,0,can you smell what the reigh is cooking,0.9,1,hateful,"The meme uses the word 'reigh' as a derogatory slang term for a transgender woman to make a pun on the word 'recipe'. This targets the individual based on gender identity, which falls under the definition of hate speech as a direct or indirect attack on people based on characteristics including gender identity.",,
12067,img/12067.png,0,pre-heat to 350 degrees,0.0,0,non-hateful,"The image depicts children looking at baking cookies and the text provides a standard recipe instruction to pre-heat the oven. There are no elements of hate speech, attacks on protected characteristics, or offensive content.",,
95176,img/95176.png,0,notice how the kenyan skidmark has been silent about the mueller report?,0.9,1,hateful,"The meme uses a racial slur ('Kenyan') to attack Barack Obama based on his heritage and birthplace, questioning his identity or patriotism (often linked to conspiracy theories about his origins), which falls under hate speech regarding ethnicity and nationality.",,
48792,img/48792.png,0,leaving a trail of death and destruction,0.95,1,hateful,"The meme depicts Adolf Hitler, a historical figure associated with genocide and systematic dehumanization, with text referencing his legacy of death and destruction. While the text is factually descriptive of his crimes, the meme trivializes the atrocities of the Holocaust and Nazi war crimes, falling under the category of evoking pain from historical figures associated with hate crimes.",,
95173,img/95173.png,0,take the third reich and then the first left?,0.99,1,hateful,"The image depicts Adolf Hitler, a historical figure associated with the genocide of millions of people. The text explicitly invites the viewer to 'take the third reich,' which constitutes an expression of support for the Nazi regime and its systematic state-sponsored violence and dehumanization of targeted groups. This falls under the definition of mocking historical figures associated with hate crimes and evoking pain.",,
56413,img/56413.png,1,feeling cute might shoot a darkie later idk,0.99,1,hateful,"The meme features a police officer paired with text explicitly stating an intent to shoot a person using a racial slur ('darkie'), constituting a direct call for racial violence.",,
52104,img/52104.png,0,"lebanon: before islam after islam but don't worry! after islam takes over, there'll be a golden age... apparently",0.95,1,hateful,"The meme suggests that the introduction of Islam to Lebanon resulted in a decline from a glorious past to a ruined state, implying the religion is inherently destructive or inferior. This constitutes a statement of inferiority and a direct attack on the religion.",,
75142,img/75142.png,0,"you should treat that the way you treat your vacuum cleaner, when it stops sucking change the bag",0.01,0,non-hateful,"The meme advises treating a vacuum cleaner by changing the bag when it stops working; it contains no reference to protected groups, identities, or dehumanizing language.",,
82590,img/82590.png,1,burning them was a great public service,1.0,1,hateful,"The image depicts emaciated victims of the Holocaust and the text suggests that killing them was a 'public service'. This trivializes genocide and glorifies the mass murder of Jewish people, constituting hate speech.",,
83045,img/83045.png,1,"so much trash, we need a garbage collector",0.98,1,hateful,"The meme depicts a group of women and uses text calling them 'trash' and stating the need for a 'garbage collector.' This constitutes a dehumanizing attack based on sex/gender, labeling the entire group as waste.",,
29873,img/29873.png,1,who knew that this country is full of white trash,0.98,1,hateful,"The meme utilizes a dehumanizing racial slur and stereotype ('white trash') to attack and derogatorily characterize the large group of people in the image, fulfilling the criteria for a statement of inferiority.",,
13750,img/13750.png,0,wouldn't be the last time those people used the oven this way,0.85,1,hateful,"The meme depicts a woman causing a fire with an oven, with text referencing 'those people' using it 'this way'. This implies a harmful stereotype or generalization about a specific group of people (likely an ethnic or religious group historically stereotyped for causing explosions or mishaps) causing danger through their cultural practices. This is an indirect attack based on ethnicity or religion.",,
68257,img/68257.png,0,everyone is afraid of dark,0.0,0,non-hateful,"The meme consists of a dark street scene with the text 'everyone is afraid of dark'. This is a general observation about human psychology or fear and does not target any specific group based on ethnicity, race, religion, or other protected characteristics. It contains no hateful elements.",,
85761,img/85761.png,1,no wonder why the pipes are not working,0.0,0,non-hateful,"The meme uses a visual pun comparing a pipe leading into the ocean to a human body part to make a crude joke about defecation. It does not attack any protected group based on characteristics like race, religion, or sexual orientation.",,
68253,img/68253.png,1,free blanket maybe white man not so bad after all,0.95,1,hateful,"The meme features an animal wearing a Native American headdress, which trivializes and mocks Indigenous culture. The text 'white man not so bad after all' invokes a harmful historical stereotype regarding colonization and the subjugation of Native peoples, thereby evoking pain from historical figures.",,
69512,img/69512.png,0,happy birthday you sexy beast,0.0,0,non-hateful,The meme features a celebrity in a festive outfit with birthday wishes and affectionate slang. There are no attacks on protected groups or dehumanizing content.,,
93051,img/93051.png,0,and for my next class project!,0.0,0,non-hateful,"The meme shows a group of children of different races happily collaborating on a science project. The text is neutral and describes a standard school activity. There is no hateful content, stereotypes, or dehumanizing language present.",,
19530,img/19530.png,1,they shot the wrong gorilla,0.95,1,hateful,"The meme dehumanizes a specific individual by equating her with a gorilla, using an animal image and text to mock her race and appearance, which constitutes a racist and derogatory attack.",,
85679,img/85679.png,1,mr obama it is an honor,0.95,1,hateful,"The meme depicts a monkey interacting with a woman with the text 'mr obama'. This uses the 'monkey comparison' trope, which is a classic racial slur used to dehumanize Black people and assert inferiority. By associating Barack Obama, a prominent Black figure, with a monkey, the meme attacks him based on his race and skin color.",,
51807,img/51807.png,0,are you a boy or a girl i'm non binary,0.01,0,non-hateful,"The meme depicts an individual identifying as non-binary in response to a gender question, serving as an educational or identity-affirming statement rather than an attack.",,
18742,img/18742.png,0,i'm proud of it! come at me!,0.01,0,non-hateful,"The meme features a person proudly wearing a shirt identifying as a feminist, with text expressing confidence and a willingness to debate or face opposition ('come at me!'). It does not contain hate speech, dehumanizing language, or attacks on protected groups.",,
76921,img/76921.png,1,she probably asked a wrong question,0.1,0,non-hateful,"The meme depicts a domestic altercation where a woman raises a fist toward a man, with the text implying the man asked a 'wrong question.' While it portrays domestic violence, it does not attack a protected group based on characteristics like race, gender, or religion. Instead, it uses a common trope regarding relationship dynamics, making it non-hateful according to the provided definition.",,
51607,img/51607.png,1,49 people were killed at christchurch muslim 49 people were killed at christchurch mosques muslim,0.95,1,hateful,"The meme mocks the Christchurch mosque shootings by contrasting a happy reaction to a partial statement with a sad reaction only when the victims' religion (Muslim) is explicitly mentioned. This implies that the suffering of Muslim victims is less significant or that their identity is the cause of the pain, which constitutes a hateful attack based on religion.",,
26439,img/26439.png,0,parental opioid use has negative effect on children's intelligence,0.92,1,hateful,"The meme claims that parental opioid use reduces children's intelligence, which constitutes attacking individuals based on disease and disability (addiction).",,
97305,img/97305.png,1,when your wife just died giving birth to your daughter and you're alone in the room with your naked just born daughter,0.95,1,hateful,The meme utilizes the visual of a man in traditional Arab attire combined with a traumatic scenario involving a newborn to invoke the conspiracy theory regarding ritualistic child sexual abuse. This content dehumanizes the subject by associating them with predatory behavior and attacks based on ethnicity and cultural appearance.,,
12650,img/12650.png,1,which one has tranny problems?,0.95,1,hateful,"The text uses the slur 'tranny' and asks which woman has 'tranny problems', implying a dehumanizing stereotype that equates transgender identity with being problematic or defective.",,
50241,img/50241.png,1,"bitches be like no weave, no makeup, no lashes, no eyebrows",0.85,1,hateful,"The meme uses the term 'weave' and the slur 'bitches' to mock women who wear hair extensions. This serves as a dehumanizing attack and statement of inferiority directed at women and Black women specifically, based on their gender and appearance.",,
82509,img/82509.png,0,72 virgins are ready to get fucked up,0.99,1,hateful,"The meme uses degrading language and explicitly calls for sexual violence ('get fucked up') targeting women, classifying them as 'virgins'. This constitutes dehumanizing speech and an attack based on sex/gender.",,
74350,img/74350.png,1,a head diaper is required when you have shit for brains,0.99,1,hateful,The meme combines an image of a Black woman wearing a headscarf (implying Islamic religious identity) with text insulting her intelligence by referring to her head covering as a 'head diaper' and stating she has 'shit for brains.' This constitutes a dehumanizing and derogatory attack targeting her race and religion.,,
91763,img/91763.png,1,imagine being so disgusting there have to be laws to try to stop normal people from hating you,0.95,1,hateful,"The meme targets religious figures, specifically implying that clergy members are so 'disgusting' that laws are required to stop 'normal people' from hating them. This constitutes a dehumanizing attack and promotes hostility based on religion.",,
6352,img/06352.png,0,"and then i asked mom, can we go play?",0.01,0,non-hateful,"The meme features a child asking their mother to go play, depicting a relatable childhood scenario. It does not contain any attacks, stereotypes, or negative remarks regarding race, religion, gender, or any other protected characteristic.",,
