id,img,label_true,text,prob_pred,label_pred,classification,description,modality_type,error
57823,img/57823.png,0,"bitches be like no weave, no makeup, no lashes, no eyebrows & no filter. all natural",0.05,0,non-hateful,"The meme uses the derogatory slur 'bitches' as a general pejorative to mock women for being 'natural' without makeup or hair extensions. While the language is vulgar and offensive, it constitutes general misogyny or rude mockery rather than a hate speech attack based on protected characteristics such as race, religion, or ethnicity, which is required for a hateful classification under the provided definition.",,
80947,img/80947.png,1,my new muslim girlfriend not much to look at,0.95,1,hateful,"The meme uses a visual metaphor comparing a covered person in a niqab to a trash bag, implying that a Muslim woman is 'garbage' or worthless. This constitutes dehumanizing speech and a statement of inferiority based on religion.",,
30145,img/30145.png,0,"before my presidency, there was no isis. there was no caliphate there was no blm. there was no antifa. there was no war on police i built that",0.98,1,non-hateful,"The meme uses sarcasm to criticize the political impact of the person depicted by attributing the rise of specific organizations and social movements to them. While the content expresses a strong political opinion and is critical in nature, it does not attack individuals based on protected characteristics such as race, ethnicity, religion, or sexual orientation, nor does it promote violence or dehumanization against a protected group.",,
80243,img/80243.png,1,mississippi wind chime,0.98,1,hateful,"The meme juxtaposes a historical photo of a lynching in Mississippi with the text 'wind chime', making a dark and offensive joke that trivializes racial terror and the violent murder of Black Americans. By comparing lynching victims to a household object, it dehumanizes the victims and mocks a specific form of racial violence.",,
3217,img/03217.png,0,"they are like sperm you get millions, but only one works",0.01,0,non-hateful,"The meme uses crude humor comparing 'ideas' to 'sperm' to make a point about creativity and the quantity vs. quality of thoughts. While vulgar and offensive due to the biological comparison, it does not attack, dehumanize, or target any individual or group based on protected characteristics such as race, religion, gender, or sexual orientation.",,
9715,img/09715.png,1,i started a business that sells landmines disguised as prayer mats.. ..prophets are going through the roof,0.01,0,non-hateful,"The meme features a dog making a silly face with a humorous caption about a fraudulent business selling landmines disguised as prayer mats, stating that prophets are 'going through the roof.' This is an example of 'doge' style absurd humor and does not contain attacks, dehumanization, or threats against any protected group based on religion or otherwise.",,
52079,img/52079.png,0,just bought a house! now we're house-poor,0.0,0,non-hateful,"The meme depicts a couple celebrating the purchase of a home and making a self-deprecating joke about being financially strapped. There is no attack, dehumanization, or exclusion based on protected characteristics.",,
9467,img/09467.png,1,when mom asks where all the jews went,1.0,1,hateful,"The meme utilizes a visual juxtaposition of Adolf Hitler and Benito Mussolini with text referencing the disappearance of Jewish people. This implies the Holocaust and the systematic genocide of Jews, serving to mock and endorse the mass murder of a specific religious and ethnic group.",,
84756,img/84756.png,1,when you ask the kid that misses class a lot why he is bald and he starts crying all right. then keep vour secrets,0.02,0,non-hateful,"The meme features a humorous scenario involving a person's physical appearance (baldness) and their reaction to being teased. While it involves mockery, baldness is a physical characteristic, not a protected group status like race, religion, or disability. Therefore, it does not meet the criteria for hate speech.",,
38914,img/38914.png,0,cotton candy is what makes the theme park wonderful,0.01,0,non-hateful,"The meme depicts a child enjoying cotton candy with text praising the experience as wonderful. There is no text or imagery that attacks, dehumanizes, threatens, or excludes any group based on protected characteristics.",,
50198,img/50198.png,0,you don't need cocaine to be happy,0.95,1,hateful,"The meme juxtaposes an image of drugs with a smiling individual, using text that suggests happiness without drugs. The humor appears to stem from the implication that the individual's condition or appearance (associated with Down syndrome) is comparable to the effects of the drug, or simply mocking the individual based on their disability. This targets a protected characteristic (disability).",,
78612,img/78612.png,0,go see fifty shades darker in theaters alone and throw mayonnaise at couples in the dark,0.95,1,non-hateful,"The meme features the character Pee-wee Herman and suggests a prank involving throwing mayonnaise at couples in a dark theater. While the behavior described is rude and harassing, the target ('couples') is not a protected group defined by characteristics such as race, religion, sexual orientation, etc. The humor derives from shock value and social taboo rather than hate speech or dehumanization.",,
54206,img/54206.png,0,you can smell disgust and hate from this photo,0.05,0,non-hateful,"The meme displays a historical image of a crematorium scene, which is visually disturbing and references the Holocaust. The text 'you can smell disgust and hate from this photo' is a statement of revulsion towards the horrific events depicted. It does not attack a protected group, promote violence, or encourage exclusion; rather, it expresses moral outrage and disgust at the crimes shown.",,
65403,img/65403.png,1,money is evil give it to us,0.95,1,non-hateful,"The meme uses sarcasm to mock the Catholic Church and its financial practices. While it targets a religious institution and makes an accusation of greed, it does not attack, dehumanize, or threaten individuals based on their religious beliefs as a protected characteristic. It falls under satire or criticism of an organization rather than hate speech.",,
86170,img/86170.png,1,how to keep the thefts out,0.99,1,hateful,"The image depicts the Ku Klux Klan, an organization defined by its white supremacist ideology, racial segregation, and violence against African Americans and other minorities. The text 'how to keep the thefts out' implies that the presence of these figures is a necessary measure to prevent crimes committed by marginalized or minority groups, thereby endorsing their ideology and framing them as protectors against the 'other'. This constitutes hate speech as it promotes exclusion and supports a group known for attacking people based on race and ethnicity.",,
37420,img/37420.png,0,like lebanon terrorism can destroy a beautiful country,0.92,1,hateful,"The meme uses the label 'Lebanon terrorism' to characterize the conflict depicted in the bottom image as an internal phenomenon that 'can destroy a beautiful country' (contrasted with the idyllic top image). By generalizing the violent unrest shown in the lower image as 'Lebanon terrorism,' the meme implies that people of Lebanese nationality are responsible for the destruction of their own nation. This constitutes an attack based on nationality by dehumanizing the group and holding them collectively responsible for violence and ruin.",,
85237,img/85237.png,0,these are all the weapons that were seized from isis,0.05,0,non-hateful,"The image depicts a collection of weapons with the text 'these are all the weapons that were seized from isis'. While ISIS is a designated terrorist organization, the content is factual or political commentary regarding seized military equipment. It does not contain hate speech directed at a specific group based on protected characteristics such as race, religion, ethnicity, or national origin, nor does it dehumanize or attack a protected group in the context of the defined criteria.",,
83264,img/83264.png,1,randomly deciding to bake something,0.95,1,hateful,"The meme uses an image of Adolf Hitler paired with the text 'randomly deciding to bake something' to mock the historical figure and associate him with an innocuous, mundane activity. This constitutes ridicule and mockery of a specific historical figure, which violates the definition of hateful content as evoking pain or attacking based on historical figures.",,
6582,img/06582.png,1,they are terrorists anyone who doesn't agree is an idiot,1.0,1,hateful,"The meme explicitly labels the Muslim men depicted as 'terrorists' and insults those who disagree, thereby attacking a protected religious group with dehumanizing stereotypes and generalizations.",,
13026,img/13026.png,1,under the name of multiculturalism we let terrorist into this country,0.98,1,hateful,"The meme explicitly links a woman wearing a hijab with the term 'terrorist' and accuses multiculturalism of letting such people into the country. This constitutes hate speech as it attacks and dehumanizes people based on their religion and nationality, promoting exclusion and associating a protected group with terrorism.",,
59206,img/59206.png,0,traveling through chimney,0.01,0,non-hateful,"The meme depicts Santa Claus in a parade float with the text 'traveling through chimney'. This is a humorous observation about the method of transportation used in the Christmas tradition, which contrasts with the image of a massive float. It does not contain any attacks on protected groups, nor does it promote hate or discrimination.",,
63827,img/63827.png,1,teacher of the year for black community,1.0,1,hateful,"The image depicts a hangman's noose, a potent symbol of lynching and racial terror. The text targets the 'black community' and links it to this symbol, creating an explicit endorsement of violence and death against this specific racial group.",,
13809,img/13809.png,1,doing o's with the smoke,0.95,1,non-hateful,"The meme features an image of a crematorium at Auschwitz concentration camp with the text 'doing o's with the smoke'. This is a trivializing and highly offensive joke that references the Holocaust. While the meme is shocking, vulgar, and disrespectful due to its dark humor and subject matter, it does not attack, dehumanize, exclude, or threaten a specific protected group (e.g., Jewish people) based on their characteristics. Instead, it mocks the solemnity of a historical tragedy. Under the provided definition of hateful speech, this constitutes general offensiveness rather than hate speech.",,
98543,img/98543.png,1,upper downer,0.05,0,non-hateful,"The meme is a visual pun based on a phonetic wordplay. The top image depicts white powder lines labeled 'upper' (referring to stimulants or the slang term 'upper'). The bottom image shows a man with Down syndrome labeled 'downer' (a pun on his condition and the opposite of 'upper'). While the content references a disability and drugs, it functions primarily as a linguistic joke/riddle rather than an attack, statement of inferiority, or dehumanization. It does not meet the threshold for hate speech as it does not promote violence, segregation, or contempt.",,
17028,img/17028.png,1,"feeling bored, let's go to a mosque",1.0,1,hateful,"The meme combines a violent image (a man holding a shotgun next to a gun magazine) with text suggesting a visit to a mosque. This juxtaposition is a direct threat of violence and attack against Muslims based on their religion. It implies that the proposed activity at the religious site is violent in nature, constituting a severe attack on a protected group.",,
91756,img/91756.png,1,abnormal vs normal,0.98,1,hateful,"The meme labels a woman wearing a hijab as 'abnormal' in contrast to the other woman, characterizing her religious expression as a deviation from the norm. This implies inferiority and promotes the exclusion of individuals based on their religion.",,
3567,img/03567.png,1,potato is my favorite color of the alphabet,0.01,0,non-hateful,"The meme features a smiling man with text stating 'potato is my favorite color of the alphabet', which is a nonsensical statement relying on absurdity for humor. It does not target any protected group, nor does it contain dehumanizing, threatening, or discriminatory language. It is not hateful.",,
12045,img/12045.png,0,learn to hunt. it's a valuable skill,0.99,1,non-hateful,"The meme depicts a young boy handling a rifle with text encouraging hunting as a skill. It does not attack, dehumanize, or promote harm against any protected group based on ethnicity, race, religion, gender, sexual orientation, or other characteristics. Therefore, it does not meet the criteria for hate speech.",,
53046,img/53046.png,1,"you've heard of elf on a shelf, now get ready for",0.01,0,non-hateful,"The meme is a playful visual pun that compares the height of a child to the 'Tigger' character from Winnie the Pooh, playing on the phrase 'elf on a shelf'. It depicts a family photo and does not contain any attacks, dehumanizing language, or slurs directed at any protected group.",,
52394,img/52394.png,0,i forgot what are we fighting over again?,0.95,1,hateful,"The meme depicts the Ashura procession, a religious ritual involving self-flagellation, and uses the image of men inflicting self-harm to mock the perceived lack of clarity or purpose behind the conflict. By attributing the text 'i forgot what are we fighting over again?' to the participants, the meme ridicules their religious devotion and trivializes the suffering involved in the ritual. This constitutes mockery of a specific religious practice and the people participating in it, fitting the criteria of mocking hate crimes or evoking pain from historical/religious figures.",,
63175,img/63175.png,0,"if i was uncircumcised i'd hide candy in my dick skin so when a girl about to suck me up, she has a pleasant surprise.. oh my god, skittles",0.01,0,non-hateful,"The meme contains explicit sexual language and crude humor regarding bodily functions. However, it does not attack, dehumanize, threaten, or discriminate against any group based on protected characteristics such as race, religion, sexual orientation, gender identity, or disability. The content is offensive and vulgar in nature but does not meet the criteria for hate speech.",,
62970,img/62970.png,0,if you want to know how they were treated illustration of man with four slaves chained together,0.85,1,hateful,"The meme utilizes a historical illustration of enslaved individuals to invoke pain from historical figures. While it does not directly attack a group, it uses the traumatic imagery of the trans-Atlantic slave trade as the punchline for a sarcastic joke, which aligns with the definition of hate speech that includes evoking pain from historical figures.",,
45062,img/45062.png,0,me and my kids are going to rob this country blind at the expense of the very people that voted for me. and they're going to love it. believe me! bigly!,0.05,0,non-hateful,"The meme uses Donald Trump's image and catchphrases to satirize his relationship with his supporters. The text suggests that the 'kids' and 'me' will exploit the 'people that voted for me,' which refers to a political base rather than a group defined by protected characteristics like race, religion, ethnicity, or gender. While the content is cynical and offensive to supporters, it does not constitute hate speech under the provided definition as it targets a political group.",,
18356,img/18356.png,0,i took a shower this morning,0.85,1,hateful,"The meme features Adolf Hitler, a historical figure associated with the Holocaust and hate crimes. While the text itself is mundane, the presence of this figure and the context of the image (likely referencing historical accounts of his hygiene) falls under the definition of 'evoking pain from historical figures' as listed in the hateful content guidelines.",,
62375,img/62375.png,1,im not saying i'm racist im just saying all muslims are terrorists,0.99,1,hateful,"The meme uses the text 'all muslims are terrorists' to express a sweeping negative stereotype and generalization about people of a specific religion. By labeling an entire religious group as terrorists, it attacks, dehumanizes, and humiliates that group based on their protected characteristic (religion), which falls squarely within the definition of hate speech.",,
32579,img/32579.png,0,come to the dark side we have weed,0.99,1,non-hateful,"The meme is a pop culture parody referencing a famous movie quote to create a humorous association between the Star Wars villain, the rapper Snoop Dogg, and marijuana. It does not attack, dehumanize, or exclude any group based on protected characteristics such as race, religion, or gender.",,
1742,img/01742.png,0,in just one hour from now i'll only have 4 hours left until i have to work a mere 3 hours,0.01,0,non-hateful,"The meme depicts a man relaxing at work and uses sarcasm to express a negative sentiment about the length of the remaining workday. It does not contain any attacks, dehumanization, or insults directed at individuals based on protected characteristics such as race, religion, gender, or disability.",,
69815,img/69815.png,1,thank you for allowing me into your country now we need to talk about the things that need to change around here to accommodate my beliefs,0.9,1,hateful,"The meme utilizes a stereotypical image of a man with a beard and mustache, commonly used to represent Muslim men or Middle Eastern individuals. The text creates a narrative mocking these individuals by suggesting that despite being allowed entry into a country, they are entitled and demanding that the host country change its rules to accommodate their 'beliefs.' This constitutes a negative generalization and attack based on religion, ethnicity, and immigration status, fitting the definition of hate speech.",,
7198,img/07198.png,1,islam is a religion of peace stop criticizing my religion,0.85,1,hateful,"The meme juxtaposes the phrase 'islam is a religion of peace' with an image of numerous weapons and a soldier. The text 'stop criticizing my religion' suggests a sarcastic defense that relies on the stereotype of Islam being inherently violent. By implying that the religion is defined by the presence of weapons and conflict, the content attacks and dehumanizes a protected group based on religion.",,
83675,img/83675.png,0,i'm gonna be like phelps one day,0.01,0,non-hateful,"The meme features a Black swimmer with a caption stating an ambition to be like Michael Phelps. The content is motivational and expresses a desire for success, lacking any attacks, dehumanization, or insults based on protected characteristics.",,
95604,img/95604.png,1,"they want to be accepted for who they are, yet theren't able to accept themselves for who they are",0.01,0,non-hateful,"The meme features a drag performer and conveys a message of empathy regarding the struggle for self-acceptance. The text reflects on the contradiction of wanting external acceptance while struggling with internal acceptance. It does not attack, dehumanize, or threaten any protected group.",,
61085,img/61085.png,0,upper downer,0.95,1,non-hateful,"The meme juxtaposes images of drugs with medication boxes using slang terms 'upper' and 'downer'. While the subject matter is illicit substances, it does not attack, dehumanize, or promote harm against a protected group based on ethnicity, race, religion, disability, or other specified characteristics. It does not meet the criteria for hate speech.",,
19385,img/19385.png,0,rose's are red violet's are blue little stupid ass bitch i ain't fuckin witchu,0.95,1,non-hateful,"The meme uses profanity and an insult ('little stupid ass bitch') directed at a generic subject in the context of a relationship rejection ('i ain't fuckin witchu'). While the language is highly offensive, vulgar, and aggressive, it does not attack a protected group based on characteristics such as race, religion, gender, or sexual orientation. Therefore, it does not meet the criteria for hate speech.",,
8291,img/08291.png,1,white people is this a shooting range,0.98,1,hateful,"The meme uses a black child as a punchline to a racist joke referencing the historical lynching of Black people ('shooting range'). This relies on the dehumanization of a protected group and makes light of historical racial violence, fitting the definition of hate speech.",,
24316,img/24316.png,1,sharks don't attack him why? they think it's whale shit,0.95,1,hateful,"The meme employs dehumanizing language by equating a child of color with 'whale shit,' which serves to ridicule and degrade the individual based on their race and physical appearance.",,
2157,img/02157.png,1,"mohammed i'm pregnant.... don't sass me, you know it's funny! ~cupcakes",0.2,0,non-hateful,"The meme uses the name 'Mohammed' and a picture of a goat to create a crude, stereotypical pun ('i'm pregnant'). While this is highly offensive and relies on derogatory stereotypes often used to mock Muslims (associating them with goats), it functions primarily as a shock-joke or 'edgy' humor rather than a direct attack, dehumanization, or incitement of violence. According to the strict definition provided, which requires statements of inferiority, calls for exclusion, or violent/dehumanizing speech, this falls under 'offensive content' rather than 'hate speech'.",,
43698,img/43698.png,0,don't be late for work get the protestor plow,0.05,0,non-hateful,"The meme encourages violence against political opponents ('protestors') by using a 'plow' metaphor to suggest physically removing them from a location. While it targets a group based on their behavior and political affiliation, it does not target people based on the specific protected characteristics outlined in the definition (ethnicity, race, religion, sex, gender identity, disability, etc.). Therefore, it is classified as non-hateful under these strict criteria.",,
75286,img/75286.png,1,look at this sandwich maker club i found on wish on clearance,0.01,0,non-hateful,"The meme contains text describing a product search on a shopping website, overlaid on an image of a woman making a sandwich. The text and image are benign and do not target any group based on protected characteristics such as race, religion, or gender.",,
21567,img/21567.png,1,our dad is a potato farmer,0.0,0,non-hateful,"The meme depicts a couple with Down syndrome laughing and holding a tablet. The text 'our dad is a potato farmer' appears to be a caption from a video or a caption describing their current activity rather than a joke about their condition. There is no dehumanizing language, no statement of inferiority, and no call for exclusion or harm. The image portrays the subjects with dignity and joy.",,
32691,img/32691.png,1,this is how muslims celebrate new year,0.98,1,hateful,"The meme explicitly links the religious group 'Muslims' to the 9/11 terrorist attacks, implying that they are responsible for the violence. This constitutes an attack and endorsement of violence against a protected group based on religion.",,
19075,img/19075.png,0,when you smell cake,0.01,0,non-hateful,"The meme features a woman with an exaggerated nose making a playful reference to the Pinocchio myth (growing a nose when lying), used here humorously to express a strong desire for cake. The content is lighthearted, does not target any protected group, and contains no elements of hate speech, dehumanization, or exclusion.",,
68127,img/68127.png,0,all you guys think about is dope,0.95,1,non-hateful,"The meme features a man with an intense expression and the text 'all you guys think about is dope'. While the use of the slang term 'dope' (referring to drugs) could be interpreted as a stereotype or mild mockery, it does not contain a direct or indirect attack, dehumanization, or call for exclusion based on protected characteristics like race, religion, gender, or disability. Therefore, it falls under general offensiveness or humor rather than hate speech.",,
84107,img/84107.png,0,i ordered a dishwasher and they sent me a sandwich maker,0.0,0,non-hateful,"The meme features a humorous complaint about receiving a sandwich maker instead of a dishwasher. It does not contain any attacks, insults, or references to protected characteristics such as race, religion, gender, or sexual orientation.",,
2568,img/02568.png,1,whatsthe difference between heroin and i? cops think twice before shooting heroin,0.05,0,non-hateful,"The meme utilizes profanity and gestures to express frustration with police actions, framing it as a joke about drug use and police shootings. However, it does not attack or dehumanize a specific group based on protected characteristics such as race, religion, or nationality.",,
2634,img/02634.png,1,and just like that... this sandwich maker doubles as an ironing board,0.02,0,non-hateful,"The meme contains a sexual innuendo comparing a woman lying on the grass to a sandwich maker doubling as an ironing board. While this objectifies the woman and uses crude sexual humor, it does not attack, dehumanize, or threaten a group based on protected characteristics such as race, religion, ethnicity, or disability. Therefore, it does not meet the criteria for hate speech.",,
39827,img/39827.png,1,kick them out of country,0.95,1,hateful,"The text explicitly calls to 'kick them out of country', which constitutes a direct call for the exclusion and segregation of a group based on nationality or immigration status, fitting the definition of hate speech provided.",,
1925,img/01925.png,1,i am not racist i just don't like brown sugar,0.95,1,hateful,"The meme uses the phrase 'brown sugar' as a derogatory reference to people of African or brown descent, framing racism as a matter of personal preference. This targets a protected group (race/ethnicity) by promoting exclusion and expressing negative bias against them.",,
97132,img/97132.png,0,in the muslim world all gay men are well hung,0.85,1,hateful,"The meme uses a sexually explicit stereotype regarding gay men within the Muslim world. By reducing individuals based on their religion and sexual orientation to crude generalizations about their physical attributes, it promotes objectification and prejudice against these protected groups.",,
35719,img/35719.png,0,jamal is practicing for class sport,0.01,0,non-hateful,"The image shows a young boy playing soccer with the text stating he is practicing for a class sport. The content is positive and motivational, depicting a normal everyday activity. There are no attacks, stereotypes, dehumanization, or hate speech targeting any protected group.",,
5279,img/05279.png,1,"knowing white people , that's probably the baby father",0.98,1,hateful,"The meme implies a racist trope associating non-white people with hypersexuality or promiscuity, suggesting a pregnant woman's baby must be the father's due to a racial generalization rather than the visible horse. This constitutes an attack based on race/ethnicity.",,
48296,img/48296.png,1,when you date an asian boy and you trynna get his family to accept you,0.1,0,non-hateful,"The meme relies on a racial stereotype regarding the strictness of Asian families and the cultural practice of seeking parental approval for a partner. While it reinforces a generalization about a protected group, the context is a lighthearted relatable joke about the difficulty of meeting a partner's parents rather than a malicious attack, dehumanization, or endorsement of harm against an Asian person.",,
67208,img/67208.png,0,does nike also sell stones in case they take it off?,0.99,1,non-hateful,"The meme is a pun-based joke asking if Nike sells 'stones' (referring to a wedding stone/ring) to ensure a partner doesn't 'take it off'. The text and imagery do not target any group based on protected characteristics, nor do they contain dehumanizing, hateful, or exclusionary content.",,
30586,img/30586.png,0,just can't get rid of the stain. this is why i hate beets,0.01,0,non-hateful,"The meme expresses a negative sentiment ('hate') directed at beets, a type of food, due to a staining incident. It does not target individuals or groups based on any protected characteristics such as race, religion, gender, or disability.",,
41728,img/41728.png,0,i believe they are like racism. just shouldn't exist,0.95,1,hateful,"The meme displays imagery associated with terrorist organizations, including the ISIS flag and a militant figure, alongside text stating 'i believe they are like racism. just shouldn't exist.' The content attacks and dehumanizes the group based on their religious ideology, explicitly calling for their non-existence, which constitutes hate speech against a protected group.",,
63987,img/63987.png,0,the migrant caravan arrives!,0.05,0,non-hateful,"The meme depicts a chaotic scene of migrants arriving and uses the text 'the migrant caravan arrives!'. While the sentiment is negative and the framing may be viewed as critical of the immigration situation, it relies on a dramatic caption to describe a crowd rather than using dehumanizing language, slurs, or calls for violence. It does not meet the threshold of attacking a protected group based on characteristics like nationality or immigration status, nor does it explicitly endorse harm or segregation.",,
43910,img/43910.png,1,i just started a company selling landmines that look like prayer mats prophets are going through the roof,0.1,0,non-hateful,"The meme uses a dark, satirical joke about a business selling disguised landmines. The phrase 'prophets' refers to religious figures, and the humor implies they would be harmed by the product. While this relies on a violent punchline involving religious figures, it is framed as a generic absurdity or dark humor rather than a direct attack, dehumanization, or call for exclusion against people of a specific religion. It mocks a concept rather than attacking a protected group of people.",,
14865,img/14865.png,0,"terrible as hitler was, he did enjoy watching sports",0.92,1,non-hateful,"The meme uses historical figures (Hitler and Benito Mussolini) for shock value and dark humor. While the mention of Hitler evokes pain associated with historical atrocities, the text 'he did enjoy watching sports' trivializes the subject or makes a literal observation rather than attacking, dehumanizing, or excluding a specific protected group based on characteristics like race or religion. It does not meet the criteria for hate speech.",,
94185,img/94185.png,1,how a black woman can fight crime,0.9,1,hateful,"The meme links a protected group ('black woman') to a controversial and divisive political stance regarding crime, reinforcing a harmful and derogatory racial stereotype.",,
27498,img/27498.png,1,who's gonna make the sandwiches? what do we do with all these sandwiches?,0.01,0,non-hateful,"The meme is a humorous juxtaposition of two photos. The top panel features men at a bar with a mundane caption, and the bottom panel features two women in wedding dresses kissing with a continuation of the mundane caption. The humor is derived from the juxtaposition of the romantic wedding imagery with the trivial concern about sandwiches. It does not attack, dehumanize, or exclude any protected group based on the provided definition of hate speech.",,
14975,img/14975.png,0,hitting is a crime. it's about time people understood that,0.99,1,non-hateful,"The meme depicts a victim of domestic violence with the text 'hitting is a crime,' advocating for the recognition of violence as criminal behavior. It does not attack, dehumanize, or discriminate against any protected group; instead, it promotes legal accountability and safety.",,
18367,img/18367.png,0,i love my slow cooker,0.0,0,non-hateful,"The image depicts a slow cooker with food and text expressing affection for the appliance. It contains no attacks, dehumanization, or negative sentiment directed at any protected group.",,
74250,img/74250.png,0,white kids kids dreaming about their first day of school,0.05,0,non-hateful,"The meme makes a generalization about a specific racial group ('white kids') suggesting they dream about their first day of school. While it relies on a stereotype to create a humorous contrast with other groups, it depicts the subject in a positive, innocent light (smiling, happy child) rather than attacking, dehumanizing, or endorsing harm against them. Therefore, it does not meet the criteria for hate speech.",,
47183,img/47183.png,0,taking the liberals to a whole new level,0.9,1,non-hateful,"The meme features politicians Ilhan Omar and Rashida Tlaib with the text 'taking the liberals to a whole new level'. While the text may be interpreted as a political critique or exaggeration of their political positions, it does not attack them based on their protected characteristics such as race, religion, or gender. It does not dehumanize, threaten, or promote violence or exclusion. Therefore, it does not meet the criteria for hate speech.",,
78134,img/78134.png,0,in other countries in pakistan,0.01,0,non-hateful,"The meme contrasts a romantic couple with Pakistani cricket players celebrating a victory. It is a humorous stereotype about passion for sports versus romance in Pakistan. It does not attack, dehumanize, or promote harm against a protected group.",,
16354,img/16354.png,1,we've taken this country! now fuck off! we're taking it back!,0.92,1,hateful,"The meme portrays members of a specific religion (identifiable by the attire and flags of the Taliban) as an aggressor taking over a country, and juxtaposes this with a figure armed with a shotgun declaring 'we're taking it back.' This combination advocates for the use of violence (endorsement of harm) against a group based on their religion to reclaim territory, which fits the definition of hate speech.",,
58672,img/58672.png,1,did you know that the chinese eat dogs savages disgusting,0.98,1,hateful,The meme attacks a nationality by using a derogatory stereotype ('eats dogs') and dehumanizing slur ('savages') to denigrate Chinese people.,,
65342,img/65342.png,1,"barn army enlist, and bomb ant hills ""grab your pitchfork and meet at the barn""",0.98,1,hateful,"The meme contains hate speech. The top panel explicitly calls for violence ('bomb ant hills') against a group labeled 'barn army'. The bottom panel identifies this group by showing the Kaaba and a crowd of Muslims performing pilgrimage, while the text references the 'Barn Burning' story, a common antisemitic trope used to frame Jewish people as violent or dangerous. By conflating Muslims with this trope and advocating for their bombing, the meme attacks people based on religion and endorses violence against them.",,
61349,img/61349.png,1,the proper way to pop a blackhead,0.05,0,non-hateful,"The meme is an offensive joke that compares popping a blackhead to punching a Black person. While it utilizes racial stereotypes and violence for crude humor, it does not constitute hate speech under the provided definition, as it does not attack, dehumanize, or call for the exclusion or segregation of a protected group.",,
94560,img/94560.png,1,and for my next class project!,0.95,1,hateful,"The meme depicts individuals wearing the white robes and sashes of the Ku Klux Klan. The text 'and for my next class project!' is sarcastic, minimizing the act of wearing symbols of a hate group and racial terror into a trivial school assignment. This trivialization of a symbol associated with extreme racism, violence, and exclusion constitutes hate speech by dismissing the harm caused to protected groups based on race and religion.",,
46920,img/46920.png,1,we want sharia law !! well.... go home,0.95,1,hateful,"The meme juxtaposes a protest image with text stating 'we want sharia law' against a reaction image of Conan O'Brien saying 'well.... go home.' This constitutes a call for exclusion and segregation based on religion. By suggesting that individuals who support Sharia law (a group defined by religious belief) should be forced to leave, the meme promotes exclusion of a protected group.",,
61503,img/61503.png,0,someone else used kids to push an agenda,0.01,0,non-hateful,"The meme uses a photo of Adolf Hitler with a child to make a point about propaganda, specifically criticizing the act of using children to push an agenda. While it features a figure associated with hatred, the meme itself is a critique of his manipulative behavior and does not attack any protected group, endorse harm, or promote hate speech. It is not hateful in nature.",,
53172,img/53172.png,0,straight outta the oven step one :turn on the gas,0.01,0,non-hateful,"The meme features a female chef and text playing on the phrase 'fresh out of the oven' combined with a cooking instruction ('step one: turn on the gas'). While the text contains a pun that could be interpreted as a dark reference to gas chambers or suicide if taken out of the cooking context, within the visual frame of a professional kitchen, it is a benign joke about cooking procedures. It does not attack, dehumanize, threaten, or target any individual or group based on protected characteristics such as race, religion, or gender.",,
89536,img/89536.png,0,so many lives lost because of this man,0.0,0,non-hateful,"The meme depicts Adolf Hitler with the text 'so many lives lost because of this man', which is a historical statement acknowledging the atrocities committed by the Nazi regime. It does not attack, dehumanize, or threaten any protected group based on ethnicity, religion, or other characteristics; rather, it expresses negative sentiment toward a historical figure.",,
67082,img/67082.png,0,"""1st day of 4th grade sandy hook elementary school""",0.02,0,non-hateful,"The meme combines an innocent image of school children with text referencing the Sandy Hook Elementary School shooting. This creates a highly inappropriate and callous juxtaposition that trivializes a mass casualty event and mocks the tragedy, constituting a violation of respect for victims.",,
47263,img/47263.png,1,pre-heat to 350 degrees,0.99,1,hateful,"The meme uses imagery of the Holocaust (prisoners in striped uniforms and crematoria) juxtaposed with a cooking instruction ('pre-heat to 350 degrees'). This combination is a direct attack on Jewish people and Holocaust victims, trivializing the mass murder of a protected group based on ethnicity/religion and evoking pain from historical figures in a mocking manner.",,
10285,img/10285.png,1,you are what you eat meanwhile in africa,0.05,0,non-hateful,"The meme is a variation of the 'distracted boyfriend' meme format known as the 'shaking shirt' meme. It uses the text 'meanwhile in africa' as a setup, but the visual content simply depicts a person shaking their t-shirt. There is no punchline that attacks, dehumanizes, or promotes harm against people based on nationality or ethnicity. Therefore, it does not meet the criteria for hate speech.",,
39076,img/39076.png,0,playing with the monkeys in thailand,0.01,0,non-hateful,"The meme depicts a woman smiling with a monkey and includes the text 'playing with the monkeys in thailand'. It does not contain any attacks, dehumanizing statements, or expressions of hate against any protected group based on ethnicity, race, religion, or other characteristics. The image and text are descriptive of an activity.",,
27384,img/27384.png,0,that face you make when you're a bully and just got beat up by a girl,0.02,0,non-hateful,"The meme is an insult directed at a specific public figure, comparing him to a bully and implying he was defeated by a girl. While the content is negative, sarcastic, and intended to be offensive or mocking, it does not attack a group based on protected characteristics such as race, religion, gender, or nationality. It targets an individual's character and actions rather than a protected class, and therefore does not meet the definition of hate speech.",,
92317,img/92317.png,0,"you either die a hero, or live long enough to become the villain",0.98,1,non-hateful,"The meme features a quote attributed to Batman regarding moral decay ('live long enough to become the villain') overlaid on a photo of joyful individuals celebrating with a rainbow flag. While the text implies that the people or the lifestyle depicted are 'villains,' this constitutes a judgment of character or moral alignment rather than a hate speech attack. It does not contain dehumanizing language, calls for violence, threats, or statements of inferiority based on sexual orientation or gender identity. Therefore, it does not meet the strict definition of hate speech.",,
49028,img/49028.png,0,i finally found my girlfriends g-spot turns out it was in her sister the whole time,0.05,0,non-hateful,"The meme uses crude humor and makes a claim about sexual orientation and cheating, but it does not target any protected group with attacks, dehumanization, exclusion, or calls for harm. It is offensive in a general sense but does not meet the criteria for hate speech.",,
3214,img/03214.png,0,bartender: how about a nice 12 yr old? him: boy or girl?,0.95,1,non-hateful,"The meme utilizes dark humor involving child exploitation by suggesting a 12-year-old as a drink option. While the content is socially inappropriate, offensive, and references illegal acts, it does not attack, dehumanize, or promote harm against a specific protected group defined by characteristics such as race, ethnicity, religion, or gender identity. Therefore, it fails to meet the specific definition of hate speech provided.",,
7653,img/07653.png,1,"in the last days there will be god hating scoffers, ridiculers, deniers and mockers following after their own lusts",0.95,1,hateful,"The meme overlays a biblical quote describing 'last days' with terms like 'god haters', 'scoffers', 'ridiculers', and 'deniers' onto an image of individuals celebrating at a pride event. By directly associating people expressing their gender identity and sexual orientation with being 'god haters' and those 'following their own lusts', the content dehumanizes the group and frames their identity as sinful and inferior, constituting hate speech against protected characteristics.",,
62703,img/62703.png,0,they shot the wrong gorilla,0.0,0,non-hateful,"The meme references the tragic shooting of Harambe the gorilla, expressing sympathy for the animal's death through a memorial photo and flowers. It does not attack, dehumanize, or target any human group based on protected characteristics. The content is sad and humorous but not hateful.",,
78914,img/78914.png,0,terrorist trojan horse enemy of the state,0.75,1,hateful,"The meme uses the label 'terrorist' and 'enemy of the state' in conjunction with the image of the Trojan Horse. While 'Trojan Horse' typically refers to Greeks, the term 'terrorist' is heavily associated with specific religious or ethnic groups in contemporary political discourse. By equating the Trojan Horse (a symbol of deception) with 'terrorism' and 'enemy of the state', the meme generalizes a specific historical group (or potentially targets groups conflated with the term 'terrorist') as deceptive, dangerous, and illegitimate enemies. This relies on a negative stereotype and promotes an attitude of exclusion and hostility toward a group based on a protected characteristic (implied ethnicity/nationality/religion).",,
2783,img/02783.png,1,a picture of my great great great grand grandfather's tractors they don't make them like they used to,0.98,1,hateful,"The meme utilizes dark humor to compare enslaved human beings to tractors. By labeling chained people as 'tractors' and nostalgically implying they were superior to modern machinery, the content dehumanizes a protected group based on race, trivializing the brutality of slavery and mocking the historical suffering of enslaved people.",,
2145,img/02145.png,0,"and then i asked mom, what's for dinner?",0.01,0,non-hateful,"The meme depicts a festive dinner table with the caption 'and then i asked mom, what's for dinner?'. It contains no attacks, derogatory language, or harmful stereotypes targeting any protected group.",,
40982,img/40982.png,1,and just like that... this sandwich maker doubles as ironing board,0.01,0,non-hateful,"The meme features a woman falling backward on grass, with text that makes a random, nonsensical statement about a 'sandwich maker' doubling as an 'ironing board'. The content is absurd and confusing but does not target any protected group based on race, religion, gender, or other characteristics, nor does it promote hate or violence.",,
25061,img/25061.png,1,this is el paso shooter's father. every. single. time,0.98,1,hateful,"The meme targets an elderly Iranian man, conflating his ethnicity and religion with a violent mass shooting incident in the United States. This serves to associate Muslims and Middle Easterners with terrorism and violence, promoting a stereotype based on protected characteristics (religion and ethnicity).",,
7528,img/07528.png,1,the latest and greatest. a truck that comes with a dishwasher!,0.01,0,non-hateful,"The meme features a woman in a truck with humorous text claiming the truck has a dishwasher, likely playing on a joke about the vehicle's age or condition. It does not contain any attacks, dehumanizing language, or exclusionary rhetoric directed at any protected group.",,
24396,img/24396.png,1,"so like, why are men even gay? girls have buttholes too you know.",0.15,0,non-hateful,"The meme uses crude humor and anatomical references to express confusion about male homosexuality. While offensive and vulgar, it does not contain dehumanizing language, threats, or attacks on sexual orientation; it remains within the realm of crude sexual humor rather than hate speech.",,
43175,img/43175.png,1,when was the last time you saw so many mentally ill people on the streat,0.95,1,hateful,"The meme uses text to explicitly label individuals participating in a Pride event (identifiable by rainbow flags) as 'mentally ill people'. This constitutes an attack based on mental health status/disability and sexual orientation/gender identity, dehumanizing the group and expressing contempt.",,
34189,img/34189.png,0,fight for what you believe in fight for the future,0.01,0,non-hateful,"The meme features an image of a woman at a rally with the text 'fight for what you believe in' and 'fight for the future'. The content serves as a general motivational message advocating for activism or advocacy for one's beliefs. It does not contain any attacks, dehumanizing language, or harmful content directed at any protected group based on race, religion, gender, or other characteristics.",,
9863,img/09863.png,0,diverse group of women,0.99,1,non-hateful,"The meme displays a group of women with the caption 'diverse group of women.' While the group is racially diverse, the uniform clothing and lack of other diversity markers (such as age) may imply a superficial or ironic take on diversity. However, there is no language or imagery that attacks, dehumanizes, threatens, excludes, or humiliates any protected group. The content does not meet the criteria for hate speech.",,
52091,img/52091.png,1,"women ask for equal rights, so i give them equal lefts aswell",0.99,1,hateful,"The meme depicts a woman with visible physical injuries and includes text that puns on 'equal rights' to say 'equal lefts,' explicitly endorsing physical violence against women based on their gender. This constitutes a call for violence and an attack on a protected group.",,
56241,img/56241.png,1,94% of them test positive for rh blood type which means they have monkey blood as a result they are born with a tail and other animal traits,0.95,1,hateful,"The meme claims that having a specific blood type (Rh positive) means one has 'monkey blood' and possesses 'animal traits' like a tail. This is dehumanizing speech that attacks a large portion of the human population based on biological characteristics, implying they are sub-human.",,
78659,img/78659.png,0,what a weird way to spell fat and single,0.95,1,non-hateful,"The meme utilizes wordplay involving fast food to make a negative joke about being fat and single. While it uses body shaming language, being overweight or relationship status does not fall under protected characteristics (such as race, religion, or disability) for the definition of hate speech provided.",,
14389,img/14389.png,1,"democrats we're new, bold, and we hate you! alexandria ocasio-cortez rashida tlais ilhan omar ayanna pressley we hate whites, jews, christians, conservatives, republicans",1.0,1,hateful,"The meme text explicitly states 'we hate whites, jews, christians, conservatives, republicans', which constitutes a direct attack against people based on race (whites) and religion (Jews, Christians), and promotes exclusion or contempt against these protected groups.",,
3519,img/03519.png,1,i'm going home i'm russian,0.95,1,hateful,"The meme combines a picture of a pig with the text 'i'm going home / i'm russian'. This implies that Russians are pigs, or are associated with them. This constitutes dehumanizing speech and a statement of inferiority directed at a protected group based on nationality, satisfying the definition of hate speech.",,
1726,img/01726.png,1,a real man loads the dishwasher every night,0.0,0,non-hateful,"The meme uses a subversion of gender stereotypes to make a humorous point about domestic responsibilities. While it employs the phrase 'a real man' which touches on gender, it promotes a behavior (doing dishes) rather than attacking, dehumanizing, or excluding a group based on protected characteristics. It is a joke about role reversal, not hate speech.",,
34687,img/34687.png,1,everyone is afraid of dark,0.95,1,non-hateful,"The meme depicts the rappers DMX and Lil' Kim inside a car with the caption 'everyone is afraid of dark'. While this is a racial stereotype implying a fear of Black people (referencing their race and names), it is presented in a manner of banter or cultural braggadocio rather than a direct attack, dehumanization, or call for harm against a protected group. It relies on a stereotype for humor but does not meet the criteria for hate speech under the provided definition.",,
72061,img/72061.png,1,i like my rice crispy please,0.01,0,non-hateful,"The meme uses a visual pun combining a preference for 'crispy' rice with images of bombs, creating a violent juxtaposition. However, it does not target any protected group based on ethnicity, nationality, or other characteristics defined in the hate speech policy, and therefore does not constitute hate speech.",,
28190,img/28190.png,1,when finishing a race is your passion,0.98,1,hateful,"The meme depicts historical figures from the Axis powers, specifically Benito Mussolini and Adolf Hitler, smiling in a car. The text 'when finishing a race is your passion' juxtaposes their smiles with the context of World War II, implying a morbid interpretation of their 'rushing' to finish the war and the subsequent atrocities (the Holocaust and other mass killings). By treating the genocide and suffering caused by the Holocaust as a humorous punchline or 'passion,' the meme mocks hate crimes and evokes pain from historical figures associated with ethnic cleansing. This fits the definition of hate speech provided.",,
26943,img/26943.png,1,my incesters built this country!!!!,0.1,0,non-hateful,"The meme expresses pride in family lineage using the term 'incesters' to refer to ancestors. While the subject matter involves incest, which is offensive and taboo, the meme functions as self-deprecating humor about heritage rather than an attack, dehumanization, or exclusion of a protected group.",,
91602,img/91602.png,0,upper downer,0.01,0,non-hateful,"The meme utilizes a visual pun to contrast the words 'upper' and 'downer'. It depicts a blurry figure rushing up stairs to represent 'upper' and a man walking down stairs to represent 'downer'. The content is a playful observation of wordplay and does not target, dehumanize, or attack any protected groups based on characteristics such as race, religion, or gender.",,
6723,img/06723.png,1,the hardest part to eat in a vegetable,0.05,0,non-hateful,"The meme makes a pun using the phrase 'hard of eating' (a play on 'hard of hearing') in the context of a wheelchair. While the joke is 'dark humor' that targets people with disabilities, it relies on wordplay and situational irony rather than attacking, dehumanizing, or promoting harm or segregation against disabled people. Therefore, it is not classified as hateful speech.",,
46087,img/46087.png,0,give that man a suicide,0.95,1,non-hateful,"The meme contains the text 'give that man a suicide', which advocates for death or self-harm. While it involves a political figure, the statement constitutes a direct threat or endorsement of violence/harm rather than an attack based on a protected characteristic (such as race, religion, or gender). The definition provided limits hate speech to attacks on protected groups.",,
83920,img/83920.png,1,"just under 17 and a half years ago, 19 people were allowed into the us who should not have been all these years later, we are told that the answer to safety is to allow everyone in",0.92,1,hateful,"The meme uses the imagery of the 9/11 attacks and a statistic about the hijackers to argue against immigration. It explicitly links the 9/11 attacks to 'allowing' people into the country and concludes that 'the answer to safety is to allow everyone in' is wrong (implied by the context of the tragedy). This constructs a false equivalence between legal immigration/asylum seeking and terrorism, and promotes the exclusion of immigrants based on the premise that they are inherently a threat to national safety.",,
84102,img/84102.png,0,the definition of utter disgust in plain black and white,0.01,0,non-hateful,"The meme uses the 'Overly Attached Girlfriend' template to make a pun on the phrase 'in plain black and white' by adding a drawn-on mustache to the subject. It is a visual pun that does not target any protected group, dehumanize, or endorse harm.",,
92068,img/92068.png,0,still better than mexican,0.15,0,non-hateful,"The meme compares pizza to Mexican cuisine using the phrase 'still better than mexican'. While the use of 'mexican' as a noun instead of 'Mexican food' is a colloquialism that can be seen as dismissive or stereotypical, it does not rise to the level of hate speech. It lacks violent intent, dehumanizing language, calls for exclusion, or statements of inherent inferiority against people based on their nationality.",,
54129,img/54129.png,0,dump pipe to the ocean,0.99,1,non-hateful,"The meme displays a pipe on a beach with text directing it 'to the ocean.' It does not attack, dehumanize, or target any group based on protected characteristics such as race, religion, or gender.",,
38076,img/38076.png,1,"""he's a squirter"" doesn't sound as sexy when you are gay",0.01,0,non-hateful,"The meme is a joke about sexual slang and stereotypes regarding gay men. It uses a meme template for comedic effect but does not attack, dehumanize, threaten, or promote hate against the group mentioned.",,
63921,img/63921.png,0,taking a photo with family,0.01,0,non-hateful,"The image depicts a diverse multi-generational group of people smiling and posing for a photograph together. The text caption simply describes the action taking place. The content is positive and inclusive, celebrating family unity, and contains no attacks, dehumanization, or hostility toward any protected group.",,
89425,img/89425.png,1,hello chocolate paradise princess i'm albert,0.98,1,hateful,"The meme text 'hello chocolate paradise princess' uses a racial stereotype regarding the consumption of chocolate to address a Black woman. This constitutes a derogatory attack based on race, utilizing a common offensive trope.",,
56428,img/56428.png,0,if the shocker don't rock her spock her,0.01,0,non-hateful,"The meme utilizes a pun involving the character Spock and the word 'shocker'. It is a crude sexual joke (innuendo) regarding sexual techniques or satisfaction. However, it does not target any specific group based on ethnicity, race, religion, sex, gender identity, sexual orientation, disability, or any other protected characteristic. It contains no dehumanizing language, threats, or calls for exclusion, thus failing the criteria for hate speech.",,
6273,img/06273.png,1,the jihad squad,0.95,1,hateful,The meme labels a group of four prominent Muslim American congresswomen as 'the jihad squad'. By associating these women with 'jihad'—a term frequently weaponized in anti-Muslim rhetoric to imply terrorism or radicalism—it attacks individuals based on their religion. This constitutes a derogatory characterization that invokes stereotypes of violence against a protected group.,,
50379,img/50379.png,0,do you know how to turn your dishwasher into a snowblower? throw em a shovel,0.99,1,non-hateful,"The meme is a visual pun/joke asking how to turn a dishwasher into a snowblower, with the punchline 'throw em a shovel' implying the act of placing a shovel in the machine. The humor is derived from absurdity and does not target, attack, dehumanize, or mock any individuals or groups based on protected characteristics such as race, religion, gender, or disability.",,
59806,img/59806.png,0,"on tuesday, november 3, 2020, we make america great again  by voting this nightmare out of office!",0.98,1,non-hateful,"The meme expresses a political opinion advocating for the removal of Donald Trump from office using strong language ('nightmare'). However, it targets a political figure based on policy or leadership preferences rather than attacking a protected group based on ethnicity, religion, gender, sexual orientation, or other inherent characteristics. Political disagreement does not constitute hate speech.",,
59140,img/59140.png,1,wanna go masturbate? fuck yeah! masturbating!,0.95,1,hateful,"The meme juxtaposes a crude joke with an unrelated image of a boy in a wheelchair to mock people with disabilities. This constitutes hate speech as it uses disability as a punchline, dehumanizing and ridiculing a protected group.",,
9563,img/09563.png,1,safe sex isis style,0.1,0,non-hateful,"The meme uses a random internet goat image with the text 'safe sex isis style' to make a crude joke about the ISIS terrorist organization. While the content is highly offensive, vulgar, and trivializes a violent extremist group, it does not constitute hate speech under the provided definition because it does not attack, dehumanize, or discriminate against a group based on protected characteristics such as race, ethnicity, religion, or nationality.",,
26985,img/26985.png,1,i just heard my girlfriend is pregnant,0.01,0,non-hateful,"The meme depicts a man running away with the caption 'i just heard my girlfriend is pregnant'. This represents a humorous scenario of someone avoiding responsibility or commitment upon hearing news of a pregnancy. It does not contain attacks, dehumanizing language, or discriminatory statements based on protected characteristics such as race, religion, gender, or sexual orientation. Therefore, it does not meet the definition of hate speech.",,
65832,img/65832.png,1,why love one but eat the other ? i don't get it,0.99,1,non-hateful,"The meme presents a humorous juxtaposition between a dog and a pig, referencing the common idiom that people love dogs but eat pigs. It does not attack, dehumanize, or discriminate against any group of people based on protected characteristics.",,
35840,img/35840.png,1,i ordered a dishwasher and they sent me a sandwich maker,0.0,0,non-hateful,"The meme uses a visual pun involving a woman trapped in a box to joke about receiving a wrong item (sandwich maker instead of dishwasher). It does not target any protected group with hate speech, dehumanization, or hostility.",,
79085,img/79085.png,1,today we are making vegetable soup,0.01,0,non-hateful,"The meme features a woman and a child cooking and is captioned with 'today we are making vegetable soup'. While the phrase 'vegetable soup' carries historical connotations related to Holocaust survivor stories, the image itself depicts a benign domestic scene without any visible hateful symbols, dehumanizing imagery, or explicit attacks. Without additional context or explicit reference to a protected group or the historical event, the content appears to be a humorous or innocent statement about cooking rather than an attack based on protected characteristics.",,
84362,img/84362.png,0,unleash the inner beast on the field,0.95,1,hateful,"The meme uses the text 'unleash the inner beast on the field' paired with images of a black football player and a gorilla. By comparing a black athlete to an ape, the meme relies on dehumanizing imagery rooted in anti-Black racial stereotypes that have historically been used to justify inferiority and aggression.",,
39607,img/39607.png,1,those stupid basterds thought it was a real shower,0.92,1,non-hateful,"The meme uses profanity and features historical figures, but the text 'thought it was a real shower' appears to be a phonetic pun or wordplay on 'showers' (plural of shower) rather than an attack on a protected group or an invocation of historical atrocities.",,
23810,img/23810.png,1,these aren't people,0.98,1,hateful,"The meme contains text stating 'these aren't people' over an image of migrants, which explicitly dehumanizes them based on their immigration status. This falls under the definition of hate speech as it attacks a group by denying their humanity.",,
96312,img/96312.png,0,when you support your little one every step of the way,0.01,0,non-hateful,"The meme features a heartwarming image of a woman embracing a girl with Down syndrome, accompanied by text expressing unwavering support ('every step of the way'). The content is positive, motivational, and celebrates the bond between the individuals without attacking, dehumanizing, or mocking any protected group.",,
56473,img/56473.png,0,knows about you. your family your children everything,0.01,0,non-hateful,"The meme utilizes the visual trope of a Jewish man (indicated by the payot/side curls and hat) to represent God. The text 'God knows about you... your children... everything' is a statement regarding religious omnipotence and omniscience. While this serves as a common motivational or spiritual reminder in Jewish culture to maintain ethical behavior, it does not contain any attacks, dehumanizing language, or calls for exclusion against the depicted group or any other protected group.",,
93041,img/93041.png,0,"""who's gonna make the sandwiches? what do we do with all these sandwiches?""",0.005,0,non-hateful,"The meme features a picture of sandwiches with text expressing a humorous dilemma about who will eat them or what to do with the abundance of food. It does not target any protected group, nor does it contain language of hate, violence, or exclusion.",,
76015,img/76015.png,0,everyone celebrates christmas !,0.95,1,non-hateful,"The meme contrasts images of Christmas celebration with individuals dressed in Orthodox Jewish attire to challenge a generalization ('everyone celebrates christmas'). While it uses irony to highlight the diversity of religious practices, it does not contain hate speech, nor does it attack, dehumanize, or promote harm against any protected group.",,
28690,img/28690.png,0,if you're gonna talk shit about someone... you better make sure they aren't crazier than you are,0.99,1,non-hateful,"The meme features actor Woody Harrelson and contains vulgar text using the word 'shit' to deliver a general life advice or warning about gossiping about others. While the language is crude and offensive, it does not attack, dehumanize, or target any individual or group based on protected characteristics such as race, religion, gender, or disability.",,
75639,img/75639.png,1,changing every single country it touches,0.92,1,hateful,"The meme depicts a person praying on prayer rugs, associated with Islam, and uses the caption 'changing every single country it touches.' This is a generalized statement attributing a negative impact (alteration of culture/sovereignty) to an entire religion and its adherents. It promotes a stereotype that Islam is inherently destructive or transformative in a harmful way, attacking a group based on religion and implying inferiority or dangerousness of their influence.",,
80912,img/80912.png,0,mr obama it is an honor,0.01,0,non-hateful,"The meme features a photograph of former President Barack Obama and a young girl. The text 'mr obama it is an honor' appears to express respect or formality. There is no evidence of attacks, dehumanization, threats, exclusion, or mockery based on protected characteristics such as race, gender, or religion. The meme does not fit the definition of hate speech.",,
91405,img/91405.png,0,wears rag on her head so her brother husband doesnt want to molest her,0.98,1,hateful,"The meme attacks women who wear hijabs by making a sexually charged joke about incestuous abuse, mocking religious head coverings and dehumanizing the woman based on her religion and gender.",,
90843,img/90843.png,0,"time to put the ""panic"" back in hispanic",0.98,1,non-hateful,"The meme utilizes a common wordplay joke substituting 'panic' for 'taco' in the phrase 'panic attack' to create a pun about Hispanic food. While it relies on a stereotype regarding Mexican food consumption, it does not attack, dehumanize, threaten, or exclude people based on ethnicity, nor does it promote hate or harm. It falls under humorous stereotype usage rather than hate speech.",,
20861,img/20861.png,1,pretty much sums up islam,0.95,1,hateful,"The meme depicts an individual dressed as a suicide bomber with text stating 'pretty much sums up islam'. This constitutes a hateful attack because it generalizes the violent actions of extremists to an entire religious group, promoting a stereotype of inferiority and threatening behavior associated with that religion.",,
92738,img/92738.png,1,"they are the best in basketball because they can steal, shoot and run",0.99,1,non-hateful,"The meme is a humorous play on words using basketball terminology (stealing, shooting, running) to describe player skills. It does not target any protected group, nor does it promote hatred, violence, or inferiority based on race, ethnicity, or other characteristics.",,
27614,img/27614.png,0,maybe if you think before you act you'd be treated better,0.99,1,non-hateful,"The meme is a common internet template used to convey the message of acting with forethought. It does not target any protected group, nor does it attack, dehumanize, or promote hate against anyone based on characteristics like race, gender, or religion.",,
98701,img/98701.png,1,oh no i can't steal anymore,0.05,0,non-hateful,"The meme features a person holding their knee with the caption 'oh no i can't steal anymore', utilizing a pun on the phrase 'can't walk anymore'. It relies on physical disability (inability to walk) for humor but does not attack, dehumanize, threaten, or promote exclusion or inferiority based on a protected characteristic. It does not meet the definition of hate speech provided.",,
94170,img/94170.png,0,when you decide to go full gas,0.01,0,non-hateful,"The meme is a humorous exaggeration of a person's extreme commitment to using a gas stove, utilizing a popular meme format. It does not contain any language or imagery that attacks, dehumanizes, or promotes harm against any protected group based on characteristics such as race, religion, gender, etc. The 'gas' mentioned refers to a cooking fuel, not the historical atrocities associated with gas chambers, and the context is clearly domestic.",,
1967,img/01967.png,0,when you decide to stop racism by burning its symbol,0.99,1,non-hateful,"The image depicts a person celebrating the burning of what appears to be a Nazi swastika. The text supports this action, framing the destruction of a hate symbol as a method to stop racism. This content promotes the removal of hate symbols and opposes racist ideologies; it does not attack, dehumanize, or threaten a protected group.",,
79042,img/79042.png,0,the door to the crematorium and gas chambers are closed,0.98,1,hateful,"The meme depicts a crematorium with text stating it is closed, making a callous joke about the Holocaust. This constitutes mocking a hate crime and evoking pain from historical figures, which violates the provided definition of hate speech.",,
23785,img/23785.png,0,hansel and gretel was a scary childrens story,0.98,1,non-hateful,"The meme uses a classic illustration from a fairy tale (Hansel and Gretel) with text describing it as a 'scary childrens story'. While the image depicts a scene of potential harm from a fantasy narrative, it does not attack, dehumanize, or discriminate against any real-world group based on protected characteristics. It is simply a commentary on the nature of the folklore.",,
18547,img/18547.png,1,1st day of 4th grade sandy hook elementary school,0.95,1,hateful,"The meme juxtaposes a young boy with a firearm and the text 'sandy hook elementary school'. The intended message relies on the association of the school with the 2012 mass shooting. By implying that the 'first day of 4th grade' at this specific school involves violence with a gun, the meme trivializes a tragic mass casualty event and mocks the victims of the crime. This falls under 'mocking hate crime' or 'evoking pain from historical figures'.",,
74965,img/74965.png,0,some people some other people,0.02,0,non-hateful,"The meme contrasts a typical human couple with a man kissing a goat, serving as absurd humor regarding eccentric behavior or alternative relationships. It does not target individuals based on protected characteristics like race, religion, or gender, nor does it use dehumanizing language or promote harm. Therefore, it does not meet the definition of hate speech.",,
87520,img/87520.png,1,"yes, we know trump said ""mexico will pay for the wall"" but now mexicans are the wall. that boy good!!!!",0.95,1,hateful,"The meme dehumanizes people based on their ethnicity or nationality by depicting a line of uniformed individuals (labeled as Mexicans) holding shields as a literal 'wall', effectively treating human beings as objects or barriers.",,
94738,img/94738.png,0,shopping is boring. why not have some fun at the walmart parking lot?,0.01,0,non-hateful,"The meme depicts a couple having fun in a parking lot and suggests this as an alternative to shopping. The content is humorous and depicts a social scenario without targeting or attacking any individuals based on protected characteristics such as race, religion, gender, or disability.",,
92567,img/92567.png,0,pray for peace pray for wellbeing,0.01,0,non-hateful,"The meme features an image of a Muslim man praying inside a mosque, accompanied by text urging viewers to 'pray for peace' and 'pray for wellbeing.' The content promotes positive sentiments such as peace and health and depicts a religious act with respect. There is no evidence of attacks, dehumanization, threats, or exclusion based on any protected characteristics.",,
41276,img/41276.png,1,evolution from peeling bananas to busting caps,0.05,0,non-hateful,"The meme uses the phrase 'busting caps' to imply that evolution from humans to gorillas involves violence (shooting). While it is crude and uses a racial stereotype regarding gorillas, the primary intent is shock humor rather than a direct attack, dehumanization, or endorsement of harm against a protected group.",,
3798,img/03798.png,0,"hey, i just met you and this is crazy but here's your number... so camping, maybe?",0.99,1,non-hateful,"The meme is a parody of the song 'Call Me Maybe' featuring a couple camping. The text is a humorous play on the song lyrics, referencing the context of the image. It does not contain any attacks, dehumanizing language, or exclusionary messages targeting any group based on protected characteristics.",,
86417,img/86417.png,1,i could have killed all of them. but i let some of them survive so you know why i killed them,0.98,1,hateful,"The meme features Adolf Hitler and quotes him regarding his actions of killing people. It evokes pain from a historical figure responsible for the Holocaust and genocide, aligning with the definition of hate speech that includes evoking pain from historical figures. The text glorifies mass murder and implies the victim's death was justified to prove a point.",,
6123,img/06123.png,1,a group of men,0.01,0,non-hateful,"The meme features a group of dogs with the caption 'a group of men'. While this uses the biological definition of male animals to label humans, creating a humorous or sarcastic effect, it does not attack, dehumanize, threaten, or exclude any group based on protected characteristics such as ethnicity, religion, gender, or sexual orientation. There is no hateful intent or message conveyed.",,
28951,img/28951.png,0,if the brim of your hat is flat and has a sticker on it i automatically assume you're a complete tool,0.01,0,non-hateful,"The meme expresses a strong negative opinion about people wearing a specific style of hat, calling them a 'complete tool'. While this is offensive and derogatory, it targets a behavioral style or fashion choice rather than a protected characteristic such as race, religion, gender, or sexual orientation. Therefore, it does not meet the definition of hate speech.",,
19508,img/19508.png,1,the definition of utter disgust in plain black and white,0.9,1,hateful,"The meme employs a racial pun ('black and white') juxtaposed with an image of an interracial couple to express 'disgust.' By framing the visual representation of interracial relationships as 'the definition of utter disgust,' it attacks and stigmatizes people based on their race and ethnicity, effectively expressing a sentiment of exclusion or revulsion towards interracial mixing.",,
39578,img/39578.png,1,one of the bullets they dug out of a victim from the orland gay night club shooting!,0.98,1,hateful,"The meme mocks a real-life tragic mass shooting at a gay nightclub by juxtaposing the event with an image of a phallic object. This relies on dehumanizing stereotypes regarding the sexual orientation of the victims to create a joke, which constitutes a direct attack on a protected group based on their sexual orientation.",,
13647,img/13647.png,1,she said girls run the world... so i told her get back in the kitchen,0.95,1,hateful,"The meme promotes the sexist trope 'get back in the kitchen', which functions as a call for segregation and exclusion, asserting that women belong only in domestic roles rather than in the broader world.",,
2364,img/02364.png,0,"a jewish shop owner, wears a kippah or yarmulke whilst in his shop in tehran",0.98,1,non-hateful,"The image depicts a Jewish shop owner reading a newspaper in Tehran. The text describes the scene factually without attacking, dehumanizing, or insulting the subject or their community. It does not promote hate or violence against a protected group.",,
92046,img/92046.png,0,they are terrorists anyone who doesn't agree is an idiot,0.01,0,non-hateful,"The meme depicts individuals displaying an ISIS flag and labels them as 'terrorists', which is a factual designation of the group's nature. The text 'anyone who doesn't agree is an idiot' is an insult directed at those who might disagree with the classification, but it targets a disagreement on political or factual grounds rather than attacking people based on protected characteristics such as ethnicity, religion, nationality, or gender. It does not advocate for violence or discrimination against a protected group.",,
7351,img/07351.png,0,"""plays uno steals all the green cards""",0.01,0,non-hateful,"The meme depicts a humorous scenario involving the card game Uno where a player collects all green cards. It does not contain any attacks, dehumanization, or discriminatory language against any protected group or individual.",,
57621,img/57621.png,1,if this gets 1k likes i'll post to islam how we see muslims how muslims see us,0.9,1,hateful,"The meme juxtaposes two images of people aiming firearms to create a stereotype. The text explicitly claims this is 'how we see muslims,' implying a negative or threatening perception of Muslims as a religious group. By associating the group with weapons in a derogatory context, it attacks people based on religion.",,
7135,img/07135.png,1,this is the greatest news manufacturing in 20th century,0.98,1,hateful,"The meme displays historical footage likely depicting Jewish prisoners being liberated or marched during the Holocaust, juxtaposed with text claiming this event was 'news manufacturing' in the 20th century. This content constitutes Holocaust denial, which attacks and dehumanizes a group based on religion, ethnicity, and nationality by denying the atrocities committed against them. It evokes pain from historical suffering and minimizes the crime against humanity.",,
97068,img/97068.png,1,these hitler jokes are rude anne frankly i don't care,0.95,1,hateful,The meme utilizes Hitler's image to deliver an anti-semitic pun involving Anne Frank and the Holocaust. It trivializes genocide and attacks a protected group by deriving humor from their historical suffering.,,
64891,img/64891.png,1,lebanon: before muslims after muslims but don't worry! after islam takes over there'll be a golden age.. apparently,0.95,1,hateful,"The meme directly attacks people based on religion by asserting that the presence of Muslims caused the transition from a peaceful society to one defined by civil unrest and violence. It implies that Islam is inherently destructive and responsible for the country's turmoil, thereby endorsing the inferiority of Muslims.",,
74058,img/74058.png,0,he made millions of children homeless,0.05,0,non-hateful,"The meme presents a historical claim regarding the impact of Nazi ideology on children. While the images depict figures associated with a hate group and victims of persecution, the text explicitly attributes negative outcomes ('homeless') to the perpetrators. It does not attack a protected group but rather critiques historical figures and ideologies, which does not fit the definition of hate speech provided.",,
38910,img/38910.png,1,oh boy i sure love being muslim in the new zealand city of christchurch on march 15,0.95,1,hateful,"The meme references the Christchurch mosque shootings, a tragic hate crime, and uses the 'Stonks' dog meme to imply that being a Muslim in that city on that specific date leads to death. This constitutes mocking a hate crime and trivializing the targeted violence against a protected religious group.",,
30148,img/30148.png,1,you mean i don't have to pick it?!?,0.0,0,non-hateful,"The meme depicts a child eating cotton candy with text expressing excitement about a choice. It does not contain any attacks, dehumanizing language, or targeting of protected characteristics.",,
45368,img/45368.png,1,enough is enough children are more important than freaks,0.95,1,hateful,"The meme explicitly uses the slur 'freaks' to dehumanize and demean LGBTQ+ individuals, positioning them as inferior to children. This constitutes an attack on people based on sexual orientation and gender identity through language that promotes contempt and exclusion.",,
8795,img/08795.png,0,when you are white and working in oil field,0.95,1,hateful,"The meme depicts black hands covered in crude oil, referencing a racial slur to mock white people working in the oil field by implying they become 'black' from the substance. This constitutes a negative attack based on race and ethnicity.",,
35487,img/35487.png,0,randomly deciding to bake something,0.01,0,non-hateful,"The meme features a man in a business suit riding a horse in a desert setting with the text 'randomly deciding to bake something.' This is a humorous expression of spontaneous creativity or impulse. It does not contain any attacks, dehumanizing language, or exclusion based on protected characteristics such as race, religion, gender, or disability.",,
95038,img/95038.png,0,when you take these pics we think about cumming in your mouth,0.02,0,non-hateful,"The meme features crude sexual language and a vulgar image. However, it does not contain any hate speech, as it does not attack, dehumanize, or target individuals or groups based on protected characteristics such as race, religion, gender identity, or sexual orientation.",,
74013,img/74013.png,1,"nurse: yes sir, we are having mashed potatoes today alzheimer's patient: i don't remember asking you a god damn thing",0.85,1,hateful,"The meme makes fun of a person with Alzheimer's disease by attributing aggressive, rude behavior (swearing) to the condition. By associating the disease with a lack of control and aggression, it reinforces negative stereotypes and stigmatizes individuals with cognitive impairments, which constitutes an attack on people based on a protected disability.",,
90243,img/90243.png,1,"best gamer ever 6 million kills, 1 death",0.98,1,hateful,"The meme uses a 'gamer' joke format to trivialize the Holocaust and Adolf Hitler's role in the genocide of six million Jewish people. By framing mass murder as a gaming statistic ('6 million kills'), it engages in mocking a hate crime and evoking pain related to a historical figure associated with the systematic extermination of a protected group based on religion and ethnicity.",,
89430,img/89430.png,0,when you know you don't have to jackoff tonight,0.02,0,non-hateful,"The meme utilizes crude slang related to masturbation, implying a stereotype about the high libido of Black men. However, the context is positive (a happy couple with a date), and it does not attack, dehumanize, or express hatred toward a protected group, nor does it promote exclusion or violence.",,
32049,img/32049.png,0,"german british danish austrian diversity. apparently we don't have it and these guys do: iraqi, pakistani, syrian, egyptian",0.95,1,hateful,"The meme contrasts 'diversity' with specific nationalities (Iraqi, Pakistani, Syrian, Egyptian), implying that these groups are undesirable or do not constitute the 'right' kind of diversity. This constitutes an exclusionary statement targeting protected characteristics such as nationality, race, and religion, effectively expressing that certain groups are not wanted.",,
19243,img/19243.png,0,"surprise!! wait, where is everyone?",0.001,0,non-hateful,"The meme depicts a relatable social situation involving an empty apartment, with no content that attacks, dehumanizes, or promotes harm against individuals based on protected characteristics.",,
5349,img/05349.png,0,normal day in a islamic country,0.15,0,non-hateful,"The image shows two women posing casually against a brick wall, one wearing a hijab and the other not. The caption 'normal day in a islamic country' makes a stereotypical claim about daily life but does not attack, dehumanize, threaten, exclude, or endorse harm against any protected group. While potentially reductive or insensitive, it does not meet the threshold for hate speech under the provided definition.",,
90643,img/90643.png,0,she represents the new wave of democrats,0.01,0,non-hateful,"The meme features a photo of a female politician speaking with the text 'she represents the new wave of democrats'. This content is a political statement or endorsement and does not contain any attacks, dehumanizing language, threats, or slurs targeting a protected group based on race, religion, gender, or other characteristics defined in the hate speech policy.",,
18306,img/18306.png,1,white kids kids dreaming about their first day of school,0.95,1,hateful,The meme relies on a racial stereotype associating 'white kids' with gun violence or school shootings to make a dark joke. This constitutes a hate speech element by attributing violence and danger to a specific group based on their race/ethnicity.,,
95830,img/95830.png,1,face of terrorism in us,0.99,1,hateful,"The meme text 'face of terrorism in us' paired with an image of an elderly man with a grey beard implies that individuals fitting this physical description (often associated with older men, but potentially implying a specific ethnic or religious profile given the common stereotypes associated with terrorism rhetoric) are terrorists. This constitutes a hate speech attack by stereotyping and dehumanizing a group based on age, nationality, or implied race/religion.",,
84150,img/84150.png,0,when your jewish friend smells a stash of coins in public,0.98,1,hateful,"The meme relies on a stereotype associating Jewish people with hoarding money or coins. It uses hyperbolic physical comedy (smelling coins) to ridicule a specific ethnic and religious group, which constitutes a dehumanizing and humiliating attack based on protected characteristics.",,
4569,img/04569.png,0,when is the time to eat i am hungry,0.01,0,non-hateful,"The meme features a pig with text about being hungry. It does not contain any content that attacks, dehumanizes, threatens, or excludes people based on protected characteristics.",,
67103,img/67103.png,1,still better than mexican,0.99,1,hateful,"The text 'still better than mexican' is a derogatory statement that attacks a protected group based on their nationality/ethnicity by asserting their inferiority. Although the image shows a woman with a disability, the text targets Mexican people.",,
52031,img/52031.png,0,theriously?? that's methed up!,0.95,1,non-hateful,"The meme references methamphetamine use through slang ('methed up') and depicts a person reacting with disbelief. While the content is crude and vulgar, it is a general expression of frustration and does not target individuals based on protected characteristics such as race, ethnicity, religion, or disability. It does not dehumanize, attack, or promote harm against a specific group.",,
72168,img/72168.png,1,upper downer,0.98,1,non-hateful,"The meme is a pun using the terms 'upper' (referring to the drug methamphetamine) and 'downer' (a slang term for a person who is a killjoy). While it uses drug terminology, it does not attack, dehumanize, or promote harm against any protected group based on characteristics such as race, gender, or religion. It is an offensive joke or a play on words, but it does not meet the criteria for hate speech.",,
52634,img/52634.png,0,the secret to a successful marriage is to keep his stomach full and his balls empty,0.1,0,non-hateful,"The meme contains crude language and stereotypes regarding sexual behavior within a marriage, but it functions as a crude joke rather than an attack on a protected group based on characteristics like gender, race, or religion.",,
7429,img/07429.png,1,i'm about to have my 5th abortion fuck you batman i'm the real crime fighter,0.01,0,non-hateful,"The meme utilizes profanity and shock humor to mock the 'real housewives' format. However, it does not contain hate speech because it does not attack, dehumanize, or promote harm against a protected group based on race, religion, gender, or other characteristics. The offensive nature is general and does not meet the criteria for hatefulness.",,
68192,img/68192.png,1,scientist are working hard to cure them all,0.95,1,hateful,The meme features an image of a same-sex wedding with text about scientists trying to cure it. This implies that homosexuality is a disease or defect that needs to be eliminated. This constitutes hate speech as it dehumanizes individuals based on sexual orientation and promotes hostility towards a protected group.,,
41058,img/41058.png,0,john wilkes booth be like: yall sure abraham lincoln dead? he aint up here,0.01,0,non-hateful,"The meme is a dark humor joke referencing the historical assassination of Abraham Lincoln by John Wilkes Booth. It uses a popular 'heaven' template to joke about the irony of Booth's action. While it references a violent historical event, it does not attack a protected group based on characteristics like race, religion, or gender, nor does it promote hatred or discrimination.",,
12468,img/12468.png,0,say it! say it ! islam is the religion of peace,0.1,0,non-hateful,"The meme features a mother and child with text expressing a positive sentiment about Islam ('islam is the religion of peace'). While this specific phrase is often used in internet culture to mock or trivialize Islam (implying that it requires constant reassurance), the meme itself consists of a generic positive statement rather than an attack, insult, or dehumanizing claim. It does not meet the threshold of hate speech which requires promoting violence, exclusion, or statements of inferiority.",,
43092,img/43092.png,0,pretty much sums up islam,0.1,0,non-hateful,"The meme depicts a Muslim man praying with the caption 'pretty much sums up islam'. While this reduces a complex religion to a single action, which could be seen as reductive or offensive to some, it does not constitute hate speech under the provided definition. It does not attack, dehumanize, threaten, or promote violence, exclusion, or segregation against Muslims. It is a commentary on the religion rather than a hateful attack on the people practicing it.",,
49805,img/49805.png,0,imagine being so disgusting there have to be laws to try to stop normal people from hating you,0.05,0,non-hateful,"The meme compares an individual to a skunk to express that they are 'disgusting' and deserve to be hated. While the language is rude and insulting, it does not target a protected group based on characteristics like race, religion, or gender, nor does it promote violence or segregation against a demographic. It represents general hostility rather than hate speech.",,
27195,img/27195.png,0,there's a reason we keep the beer in the bottom of the cooler,0.02,0,non-hateful,"The meme depicts a woman in a sexually suggestive pose, using innuendo for sexual humor. While the content is vulgar and objectifying, it does not target any specific protected group based on ethnicity, race, religion, gender identity, sexual orientation, or other characteristics defined in the hate speech policy. It is general offensive content rather than a hateful attack.",,
47016,img/47016.png,1,"last summer camp was so ""lit""",0.02,0,non-hateful,"The meme utilizes dark humor and slang by juxtaposing the historical tragedy of the Holocaust with the word 'lit', referring to burning. While it is deeply offensive, inappropriate, and mocking of historical genocide, it does not contain a direct attack, dehumanization, or call for exclusion or segregation against a protected group based on current definitions of hate speech provided.",,
24135,img/24135.png,0,good night keep your butthole tight,0.01,0,non-hateful,"The meme uses the well-known 'Good Night Sloth' template with the punchline 'keep your butthole tight.' While this phrase is vulgar and inappropriate, it serves as a crude joke or a playful warning without targeting any specific person or group based on protected characteristics such as race, religion, gender, or disability. It does not attack, dehumanize, or threaten a protected group.",,
53609,img/53609.png,0,"when your friend insists on paying for dinner but you still want to contribute - just the tip, come on... let me",0.98,1,non-hateful,"The meme utilizes an image of two men in an intimate embrace to make a humorous, innuendo-laden joke about paying the bill at a restaurant. While the text implies sexual activity to settle a debt, it is a form of crude humor and does not attack, dehumanize, threaten, or promote harm against any group based on protected characteristics such as sexual orientation or gender.",,
50317,img/50317.png,1,what in the hell is wrong with america voting towel heads into congress,0.98,1,hateful,"The meme uses the derogatory term 'towel heads' to describe a specific group of people and accuses them of political manipulation. The term 'towel head' is a well-known racial and ethnic slur, often targeting Middle Eastern, Arab, or Muslim people. The use of this slur constitutes a dehumanizing attack based on ethnicity and religion.",,
29750,img/29750.png,1,this cat is getting raped tonight,0.02,0,non-hateful,"The meme contains sexually violent text, but the target is an animal (a cat), not a person or a protected group. While vulgar and disturbing, it does not attack people based on characteristics like ethnicity, race, or gender.",,
37658,img/37658.png,1,when your dishwasher is broken so you take it back to walmart to get a new one,0.01,0,non-hateful,"The meme uses hyperbole to make a joke about a household appliance breaking and the extreme lengths taken to replace it. It does not contain any attacks on people based on protected characteristics, nor does it dehumanize, threaten, or promote hate against any group.",,
65801,img/65801.png,0,first friday prayers of the islamic holy day,0.01,0,non-hateful,"The meme depicts a group of people performing Islamic prayers with a neutral caption describing the event. It contains no attacks, dehumanizing language, threats, or expressions of inferiority toward the group based on their religion.",,
18945,img/18945.png,1,when you decide to go full gas,0.98,1,non-hateful,"The meme depicts a person standing with arms raised in front of a large bonfire with the caption 'when you decide to go full gas'. This is a humorous or hyperbolic expression about increasing intensity or speed, using fire as a metaphor. There is no text or imagery that targets individuals or groups based on protected characteristics, nor does it endorse violence, dehumanization, or exclusion.",,
84015,img/84015.png,1,my irony meter just exploded,0.0,0,non-hateful,"The meme depicts a scene of an arrest, highlighting the irony of an authority figure enforcing the law. The text refers to the concept of irony. There is no attack, dehumanization, or exclusion based on protected characteristics such as race, ethnicity, religion, or gender.",,
67435,img/67435.png,1,when you ask a jewish girl for her number and she starts rolling her sleeve,0.85,1,hateful,"The meme relies on a negative stereotype suggesting that Jewish people are deceitful or 'shady' by implying that a request for a phone number results in suspicious behavior (rolling a sleeve, stereotypically associated with hiding something). This constitutes a statement of inferiority or negative character attribution based on ethnicity and religion.",,
45702,img/45702.png,1,"if she's still making noises, you didn't hit her hard enough",1.0,1,hateful,"The meme depicts a woman with visible injuries from physical assault and pairs it with text explicitly encouraging and normalizing domestic violence against women ('if she's still making noises, you didn't hit her hard enough'). This constitutes a direct endorsement of violence against a protected group based on sex.",,
28406,img/28406.png,0,when she gives you that look,0.01,0,non-hateful,"The meme features a celebrity with the text 'when she gives you that look'. It is a humorous and relatable image regarding interpersonal social interactions and physical attraction. There are no attacks, dehumanization, or threats directed at any protected groups or characteristics.",,
3568,img/03568.png,0,time to play rich vs the constitution,0.01,0,non-hateful,"The meme features Donald Trump holding a rifle with the text 'time to play rich vs the constitution'. While it employs political satire to make a point about the individual's relationship with the law, the image does not contain hate speech. There is no attack, dehumanization, or threat directed at any protected group based on race, religion, gender, or other characteristics.",,
17045,img/17045.png,0,celebrating the presidential election,0.99,1,non-hateful,"The image depicts a person holding a Mexican flag with the text 'celebrating the presidential election'. This content is political in nature and expresses support or celebration for a democratic process. It does not contain any attacks, dehumanization, threats, or insults directed at individuals or groups based on protected characteristics such as race, nationality, or religion.",,
72904,img/72904.png,1,terrorist trojan horse enemy of the state,0.95,1,hateful,"The meme uses derogatory labels such as 'terrorist trojan horse' and 'enemy of the state' to describe the woman depicted. This constitutes hateful speech because it attacks her based on her apparent ethnicity and religion (indicated by the headscarf), dehumanizes her by comparing her to a Trojan horse (a hidden enemy), and associates her with terrorism and treason, thereby promoting exclusion and harm against a protected group.",,
10362,img/10362.png,1,german british danish austrian diversity. apparently we don't have it and these guys do: iraqi pakistani syrian egyptian,0.95,1,hateful,"The meme juxtaposes a group of diverse Western nations with a group of Muslim women in a war-torn setting, implying that 'diversity' only exists for specific Middle Eastern and South Asian nationalities (Iraqi, Pakistani, Syrian, Egyptian). By associating these specific nationalities and religious groups solely with destruction, poverty, or chaos while contrasting them with 'civilized' Western nations, it attacks and dehumanizes these groups based on their nationality, ethnicity, and religion.",,
40618,img/40618.png,0,when your company valuation hits 1 billion,0.01,0,non-hateful,"The meme depicts a man in traditional Arab clothing celebrating a financial milestone. While it utilizes a stereotype of Arab wealth, the message is celebratory regarding business success and does not attack, dehumanize, threaten, or exclude any protected group. It is not hateful.",,
85621,img/85621.png,0,"no, that's not his daughter... that's his wife! yet the world is silent..",0.99,1,non-hateful,"The meme utilizes sarcasm and a taboo subject (incest) to critique societal hypocrisy and the lack of moral outrage regarding a specific (unnamed) individual's relationship. It does not attack, dehumanize, or promote harm against any group based on protected characteristics such as race, religion, or gender.",,
97320,img/97320.png,0,"""when your dishwasher is broken so you take it back to walmart to get a new one""",0.01,0,non-hateful,"The meme depicts a pile of scrap appliances and uses text to joke about returning a dishwasher to a store, implying a chaotic or absurd scenario. It targets a retail establishment and household appliances, not people based on protected characteristics such as race, religion, gender, or disability. There is no hateful content present.",,
49360,img/49360.png,0,who wants ice cream me me me,0.05,0,non-hateful,"The meme features a member of the KKK (a hate group) raising their hand to ask for ice cream. While the imagery involves a group historically associated with hate speech and violence against minorities, the specific text 'who wants ice cream' and 'me me me' creates a surreal, absurd juxtaposition. It does not contain rhetoric attacking, dehumanizing, or threatening any protected group, nor does it promote segregation or harm. The content is primarily surreal humor.",,
23645,img/23645.png,1,what do they have in common? you enjoy pushing them down the stairs,0.95,1,non-hateful,"The meme employs dark humor to compare a slinky and a woman, making a crude joke about 'pushing them down the stairs'. While the content is sexist, vulgar, and highly offensive as it objectifies women and relies on a negative generalization of gender, it does not constitute hate speech because it does not attack a protected group based on characteristics to incite hatred, dehumanize, or promote segregation or exclusion.",,
73482,img/73482.png,0,it's time we took guns away and put them out of the reach of our children,0.05,0,non-hateful,"The meme uses irony to advocate for gun safety by showing a child holding a firearm, suggesting that guns should be kept out of the reach of children. It does not attack, dehumanize, threaten, or discriminate against any group based on protected characteristics such as race, religion, or gender.",,
98547,img/98547.png,0,waves mexican flag doesn't want to live in mexico,0.01,0,non-hateful,"The meme expresses frustration with immigration inconsistency (waving the Mexican flag but refusing to live in Mexico). While it is derogatory and offensive towards the subjects depicted, it relies on a logical contradiction rather than dehumanization, calls for violence, or inherent inferiority based on nationality or ethnicity. It critiques a behavior rather than attacking the group's existence or safety.",,
80512,img/80512.png,1,"you can make jokes about anything, just not illegals that's crossing the border",0.92,1,hateful,"The meme targets individuals based on their immigration status (referred to as 'illegals') and nationality/ethnicity (implied by 'crossing the border'). It employs a stereotype linking undocumented immigrants to crime and sexual violence (referencing the 'jokes about crossing the border' punchline), which serves to dehumanize and stigmatize this group.",,
69548,img/69548.png,1,"wait, mohammad come back i didn't mean to laugh, really size dosen't matter to me lol",0.9,1,non-hateful,"The meme relies on a double entendre using the phrase 'size doesn't matter,' which, combined with the image of goats, makes a crude sexual joke. However, the text 'wait, mohammad come back' serves primarily to set up the pun on the name 'Mohammad' sounding like 'Mohammad' or simply as a random name insertion to create the 'come back' context for the punchline. It does not contain explicit statements of inferiority, dehumanization, threats of violence, or exclusion targeting the Muslim faith or the name 'Mohammad'. The humor is offensive due to its sexual nature and use of religious names in a crude context, but it does not meet the criteria for hate speech as it does not attack the protected group itself.",,
15243,img/15243.png,0,4 am. everyone is asleep perfect time to run from one end of the house to the other at full speed as loudly as possible,0.01,0,non-hateful,"The meme is a humorous observation about common cat behavior at night, specifically running around loudly while owners sleep. It does not attack, dehumanize, or target any group based on protected characteristics.",,
91586,img/91586.png,1,left the kitchen too many times,0.05,0,non-hateful,"The meme utilizes a humorous juxtaposition to depict a woman with severe facial injuries. It uses exaggeration and shock value to create a joke about domestic conflict. While the content is violent and potentially trivializes domestic abuse, it does not explicitly target or attack individuals based on protected characteristics such as race, religion, gender identity, or sexual orientation as defined by the provided hateful speech criteria.",,
84762,img/84762.png,1,do you know how to turn your dishwasher into a snowblower? throw em a shovel,0.01,0,non-hateful,"The meme presents an absurd and humorous suggestion (using a dishwasher as a snowblower by adding a shovel). It targets a household appliance and the person's logic, but does not contain any attacks, dehumanization, threats, or derogatory remarks against any protected group based on characteristics such as race, religion, gender, or disability.",,
60893,img/60893.png,0,"busy, like a hive of bees, controlling what your family sees and edits all the news your hear so you'll know what to think and fear till all the truth there is, is gone. that is unless you stand, en masse. """,0.01,0,non-hateful,"The meme expresses a negative sentiment and skepticism towards Google, accusing the company of censorship and manipulation of information ('controlling what your family sees', 'edits all the news'). However, the criticism is directed at a corporate entity and its alleged practices regarding freedom of speech. It does not contain any attacks, dehumanization, or exclusionary rhetoric targeting individuals or groups based on protected characteristics such as race, religion, ethnicity, gender, or disability. Therefore, it does not meet the definition of hate speech.",,
73962,img/73962.png,1,you should treat that the way you treat you vacuum cleaner when it stops sucking change the bag,0.95,1,hateful,"The meme uses a dehumanizing metaphor to compare women (the subjects of the image) to household appliances (vacuum cleaners). The text advises treating 'that' the way one treats a vacuum cleaner and suggests 'changing the bag' when it stops 'sucking.' This language reduces women to replaceable objects based on their performance of sexual acts ('sucking'), thereby attacking them based on gender and promoting a sexist attitude of inferiority and replaceability.",,
37198,img/37198.png,0,when you're so relaxed you can feel yourself go to the next level,0.99,1,non-hateful,"The meme features a woman relaxing in a field with text describing a state of deep relaxation ('feel yourself'). It uses mild sexual innuendo but does not attack, dehumanize, or target any protected group based on race, religion, gender, or other characteristics.",,
54069,img/54069.png,1,when you decide to go full gas,0.95,1,non-hateful,"The image depicts historical Holocaust survivors celebrating liberation, which represents a historical tragedy associated with a specific group (Jews). However, the text 'when you decide to go full gas' is a common internet meme format referring to high energy, enthusiasm, or intoxication. The combination is a dark joke that makes light of a tragedy (dark humor) and may be considered offensive or insensitive by trivializing a serious historical event. However, it does not fit the provided definition of hate speech as it does not directly attack, threaten, dehumanize, exclude, or endorse harm against the protected group depicted; rather, it juxtaposes the image with a slang phrase to create a jarring effect.",,
79615,img/79615.png,0,what women think men want what men really want,0.98,1,non-hateful,"The meme uses a 'Expectation vs Reality' format to make a self-deprecating joke about the differences between female and male interests. While the content is crude and sexualizes women in the top panel, it is intended as a humorous generalization about gender stereotypes rather than an attack on a protected group based on characteristics like race, religion, or disability. It does not promote violence, dehumanization, or exclusion against a protected class, but rather mocks the male perspective in a lighthearted, albeit offensive, manner.",,
4769,img/04769.png,1,"if she's pouting like this and you don't immediately drop the argument , motherfucker you gay",0.05,0,non-hateful,"The meme contains profane language and a derogatory slur ('gay') directed at a hypothetical 'you' in the context of a romantic dispute. While the term is used as an insult within a sexually suggestive scenario, the content targets an individual based on a specific behavioral context (not dropping an argument) rather than attacking a protected group based on sexual orientation or promoting generalized hatred, inferiority, or exclusion of that group.",,
29437,img/29437.png,1,what can happen if you eat wheaties for 38 years,0.92,1,non-hateful,"The meme references the 1999 Wheaties commercial featuring celebrities Bruce Jenner and Burt Reynolds, highlighting a humorous observation about Bruce Jenner's gender transition and appearance 38 years later. While the meme makes light of Jenner's transition and identity, it serves as a pop-culture commentary or observation rather than a direct attack, dehumanization, or incitement of hatred against the transgender community.",,
94387,img/94387.png,0,i'm a fan of the color black on you although the rose gold looks pretty good as well,0.99,1,non-hateful,"The meme features a romantic couple and includes text that is clearly a flirtatious pun. The text plays on the word 'black' (referring to the woman's skin color and clothing) and 'rose gold' (referring to her hair color) to compliment her appearance. It does not contain any attacks, dehumanizing language, or derogatory statements regarding protected characteristics. Instead, it expresses admiration and romantic interest.",,
61973,img/61973.png,1,what do alcoholics and necrophiliacs have in common they both love to crack open a cold one.,0.05,0,non-hateful,"The meme is a 'dark humor' joke that relies on a double entendre. The punchline equates the act of 'cracking open a cold one' (a beer) with necrophilia. While the content is disturbing, crude, and targets people with alcoholism and necrophilia (a paraphilia), these characteristics do not fall under the protected categories defined in the prompt (such as race, ethnicity, religion, gender identity, disability, etc.). Therefore, it does not meet the specific definition of hate speech provided.",,
41296,img/41296.png,0,94% of them test positive for rh blood type which means they have monkey blood as a result they are born with a tail and other animal traits,0.95,1,hateful,"The meme uses the scientific fact of Rh blood type to falsely dehumanize people, equating their biology with that of monkeys and claiming it results in animal traits. This relies on the racial slur 'monkey' to suggest inferiority and attack the target group based on implied racial or ethnic characteristics.",,
47819,img/47819.png,1,"oh, addiction isn't a disease because it started with a choice?? tell me more about how the chlamydia in your crotch isn't a disease, yet it started with a choice",0.01,0,non-hateful,"The meme makes a sarcastic argument that addiction is not a disease because it began with a choice, citing chlamydia as a comparison. However, it does not attack or dehumanize people based on protected characteristics such as race, religion, gender, or disability. Therefore, it does not meet the definition of hate speech.",,
78251,img/78251.png,1,watching vegetables grow,0.92,1,hateful,"The meme uses a caption about 'watching vegetables grow' to mock the woman in the image, implying she has the intellect of a vegetable or is boring. This constitutes mockery based on her disability (Down syndrome). Mocking individuals based on disability is a form of attack that falls under the definition of hate speech provided.",,
96250,img/96250.png,0,i'm going home i'm russian,0.05,0,non-hateful,"The meme relies on the stereotype of Russian women hitchhiking, but it does not contain explicit attacks, dehumanizing language, or calls for violence. It frames the stereotype as a humorous situation regarding transportation rather than a malicious statement of inferiority.",,
20437,img/20437.png,0,thanksgiving in china,0.01,0,non-hateful,"The meme displays a generic image of a Thanksgiving feast with the text 'thanksgiving in china'. This appears to be a factual statement regarding the cultural adoption of the holiday in China or a humorous observation, but it does not contain language that attacks, dehumanizes, excludes, or endorses harm against people based on protected characteristics like nationality or ethnicity.",,
32981,img/32981.png,0,the latest and greatest. a truck that comes with a dishwasher!,0.0,0,non-hateful,"The meme presents a humorous observation about a moving truck containing a dishwasher. It does not contain any attacks, slurs, dehumanizing language, or references to protected characteristics. It is a benign joke.",,
82301,img/82301.png,1,cooooooooooooon!!!!,0.01,0,non-hateful,"The image depicts a dog howling in a snowy landscape with the text 'COOOOOOOOOOOOOOOOOON!!!!!'. This is a popular internet meme (the Howling Husky) used to express strong emotions, excitement, or to vocalize a word. There is no attack, dehumanization, or targeting of any group based on protected characteristics.",,
17963,img/17963.png,1,removes polish with chemicals nobody bats an eye removes polish with chemicals everybody loses his shit,0.98,1,non-hateful,"The meme utilizes profanity and makes a generalization about people's reactions to women using nail polish remover (chemicals). However, it does not attack, dehumanize, or incite violence against any protected group based on race, religion, gender identity, or other characteristics defined in the hate speech policy. The 'chemicals' mentioned are a household product, not a reference to harm or disease associated with a protected group.",,
80597,img/80597.png,1,look! it says it right here! we can fuck goats!,0.95,1,hateful,The meme depicts individuals who appear to be from Afghanistan (wearing traditional clothing and head coverings) and overlays them with text attributing to them a vulgar claim about engaging in sexual acts with goats. This combines a visual representation of a specific ethnic/national group with dehumanizing text that reduces them to animals. This constitutes an attack based on ethnicity and nationality through dehumanization.,,
73526,img/73526.png,0,"if she's still making noises, you didn't hit her hard enough",0.95,1,hateful,"The meme contains text endorsing physical violence against a woman ('if she's still making noises, you didn't hit her hard enough'). This constitutes hate speech as it promotes violence and harm against individuals based on their sex, which is a protected characteristic.",,
74908,img/74908.png,0,she is condemning shooting the gorilla,0.98,1,hateful,"The meme uses imagery comparing Michelle Obama to a gorilla, a tactic historically used as a racial slur against Black people to dehumanize them. The text 'she is condemning shooting the gorilla' reinforces this dehumanization by associating her with the animal.",,
65093,img/65093.png,0,cookie kunty seen in paris,0.02,0,non-hateful,"The meme identifies a drag performer with a specific name and location ('seen in paris'). While drag culture and gender expression can be subjects of controversy, this specific meme appears to be a celebrity sighting or fan tribute rather than an attack. It does not contain language or imagery that dehumanizes, threatens, excludes, or expresses hatred towards the individual or any protected group based on the provided definitions.",,
89362,img/89362.png,1,has extra chromosome probably stole it,0.9,1,hateful,"The meme uses the 'Success Kid' template to make a joke about Down syndrome (referred to as having an 'extra chromosome'). The punchline 'probably stole it' implies a cognitive disability or inability to count, mocking individuals with this condition. This falls under the definition of attacking people based on disability and disease.",,
43805,img/43805.png,1,the original scarecrow,0.95,1,hateful,"The meme compares Jesus Christ, a central figure of Christianity, to a 'scarecrow', effectively dehumanizing and mocking him. This constitutes an indirect attack based on religion, which is a protected characteristic, utilizing ridicule and diminishment to insult religious beliefs.",,
70953,img/70953.png,1,"""god's chosen people"" according to the book they wrote",0.85,1,hateful,"The meme depicts a large group of Orthodox Jewish men with the text ""god's chosen people"" and ""according to the book they wrote"". This content targets a specific religious group. By framing the concept of being ""chosen"" as merely being ""according to the book they wrote"" (implying it is a self-aggrandizing fabrication), the meme dismisses a core religious belief and mocks the group's self-perception. This constitutes a statement of inferiority and ridicule against a protected group based on religion, mocking their collective identity and religious texts.",,
5316,img/05316.png,0,doing o's with the smoke,0.01,0,non-hateful,"The meme depicts a person smoking and forming 'O's' with the smoke, accompanied by text stating 'doing o's with the smoke'. This content refers to a specific physical trick involving exhalation. It does not target, attack, dehumanize, or discriminate against any group based on protected characteristics such as race, religion, or gender. Therefore, it is not hateful.",,
95487,img/95487.png,0,watching vegetables grow,0.0,0,non-hateful,"The meme depicts a vegetable garden with the caption 'watching vegetables grow'. The content is benign and focuses on gardening. There are no attacks, dehumanization, threats, or exclusion of any protected groups.",,
1456,img/01456.png,1,they see them rollin..... they hating..,0.95,1,hateful,"The meme juxtaposes Nazi leadership with victims in a concentration camp (likely Jewish children) using the text 'they see them rollin... they hating'. This implies that the victims' suffering or hatred was a reaction to the perpetrators, effectively blaming the victims for the harm they were subjected to. This constitutes victim-blaming and trivializes the genocide of a protected group, evoking pain from historical figures and dehumanizing the victims.",,
46082,img/46082.png,0,the future of the democratic party,0.01,0,non-hateful,"The meme depicts a group of women speaking at a political event with the caption 'the future of the democratic party'. There is no content that attacks, dehumanizes, threatens, or excludes people based on protected characteristics such as race, religion, gender, or sexual orientation.",,
3197,img/03197.png,1,i'm no bird expert but i'm guessing it's 4 females and 1 male,0.01,0,non-hateful,"The meme displays a photo of baby birds in a nest with text joking about a layperson incorrectly guessing the gender of the birds. The content does not attack, dehumanize, threaten, or exclude any group of people based on protected characteristics such as race, religion, gender identity, or sexual orientation. It is a general humorous meme about animals.",,
82945,img/82945.png,0,be careful who you call ugly in highschool,0.01,0,non-hateful,"The meme utilizes a popular 'revenge' format (ugly duckling to swan) to warn about future consequences for bullying. While it references calling someone 'ugly,' which is an insult regarding physical appearance, it does not target a protected group (such as race, religion, or sexual orientation) nor does it promote hate speech, violence, or dehumanization. It is a cautionary joke about social karma.",,
73021,img/73021.png,0,when mom asks where all the jews went,0.95,1,hateful,"The meme combines an image of a confused-looking man with a caption that references the Holocaust, a genocide that resulted in the murder of six million Jews. The phrase 'where all the jews went' evokes the systematic extermination and disappearance of the Jewish people. By framing this historical tragedy as a source of humor, the meme trivializes the genocide and the suffering of the victims, which constitutes a hateful act against a protected group based on ethnicity and religion.",,
38095,img/38095.png,0,haters will say it's photoshop,0.01,0,non-hateful,"The meme features an image of a hand with extra fingers (hyperpolydactyly) and text stating 'haters will say it's photoshop'. This content mocks people who doubt the authenticity of the image. While it touches on a physical characteristic/disability, the intent is to ridicule the critics ('haters') rather than to attack, dehumanize, or humiliate people with disabilities. It does not promote hate against a protected group.",,
49826,img/49826.png,1,white people on cinco de mayo vs. every other day,0.95,1,non-hateful,"The meme satirizes stereotypes about white people appropriating Mexican culture or dressing in caricature fashion on Cinco de Mayo. It relies on self-deprecating humor about social awkwardness or cultural performance rather than attacking, dehumanizing, or excluding a protected group. While potentially viewed as stereotyping, it does not meet the criteria for hate speech as it does not target a protected group with malice or threats.",,
27485,img/27485.png,1,thats the way allah allah i like it!!!,0.95,1,hateful,"The meme depicts a man dressed as a pig, an animal considered unclean in Islam, standing above a Muslim man. This imagery uses a religious symbol of impurity to mock, dehumanize, and humiliate the individual based on his religion, fitting the definition of hateful speech.",,
35497,img/35497.png,0,"old people at weddings always poke me and say ""you're next."" so, i started doing the same thing to them at funerals",0.1,0,non-hateful,"The meme contains dark humor and a joke about attending funerals and interacting with deceased individuals. While the subject matter is morbid and socially taboo, it does not attack, dehumanize, or threaten any group based on protected characteristics such as age, race, religion, or disability. It is an example of edgy humor rather than hate speech.",,
84036,img/84036.png,0,militant dressed as martyr,0.95,1,hateful,"The meme depicts an image of a suicide bomber and labels them 'militant dressed as martyr'. The image itself depicts a perpetrator of violence and the use of human sacrifice for political ends. This glorifies and dehumanizes the act of suicide bombing, which inherently targets and kills innocent civilians (a protected class based on nationality/religion in conflict contexts). By framing a suicide bomber as a 'martyr', the meme promotes the ideology that justifies this form of terror.",,
4621,img/04621.png,0,you are what you eat meanwhile in africa,0.92,1,non-hateful,"The meme uses a stereotype implying that people in Africa consume fruit directly, contrasting it with the Western diet. While this relies on a reductive and potentially stereotypical generalization about a continent's population, it does not explicitly dehumanize, threaten, or promote violence or exclusion against a protected group based on the provided definition.",,
59170,img/59170.png,0,and just like that... this sandwich maker doubles as an ironing board,0.01,0,non-hateful,"The meme makes a humorous observation about the cleanliness of a sandwich griddle, comparing it to an ironing board. It does not target any protected group, nor does it contain any dehumanizing, exclusionary, or violent language. The content is lighthearted and relates to the visual incongruity of a clean cooking surface.",,
93528,img/93528.png,1,portable dishwasher slash sandwich maker,0.0,0,non-hateful,The meme displays a happy couple in an empty room with text about a kitchen appliance. The content is benign and unrelated to any protected group or hateful ideology.,,
64072,img/64072.png,1,trump said immigrants come here to steal your wife is a great example she stole my speech,0.98,1,hateful,"The meme depicts a white woman speaking into a microphone that displays a transgender pride flag. The text claims this 'immigrant' 'stole' her speech. By labeling the woman as an immigrant (implying she does not belong) and suggesting she stole a local person's speech, the meme attacks individuals based on their immigration status and implies inferiority or exclusion.",,
80426,img/80426.png,1,a talking ape,1.0,1,hateful,"The text overlay 'a talking ape' superimposed on an image of a Black woman (Michelle Obama) constitutes a racial slur and dehumanization. This attacks the individual based on her race and ethnicity, relying on historical racist tropes to mock and degrade her.",,
14873,img/14873.png,1,human dna found in ancient goat carcass scientists believe this is first proof muhammad existed,0.95,1,hateful,"The meme relies on a widely recognized anti-Muslim trope, suggesting the Prophet Muhammad consumed human flesh. This constitutes dehumanizing speech and an attack based on religion, which fits the definition of hate speech.",,
50261,img/50261.png,1,haters will say it's photoshop,0.02,0,non-hateful,"The meme features a Black female swimmer with a caption that acknowledges potential accusations of photo manipulation. While the caption references 'haters' who might question the authenticity of the athlete's physical attributes (implying racial stereotypes about muscularity), the text does not explicitly endorse these stereotypes, attack the swimmer, or dehumanize any protected group. Instead, it frames the 'haters' as those who refuse to believe the reality, effectively dismissing the prejudice rather than validating or spreading it. Therefore, it does not meet the strict criteria for hate speech.",,
16850,img/16850.png,0,okay okay okay here's my serious face do i look fuhrerious yet?,0.02,0,non-hateful,"The meme features Adolf Hitler making a joke about his own appearance ('fuhrrious'). While it utilizes imagery of a historical figure associated with extreme hate and harm, the content itself does not attack, dehumanize, or threaten a protected group. Instead, it relies on wordplay and historical references for humor. Per the guidelines, historical references or offensiveness do not constitute hate speech unless they actively attack or harm protected groups, which is not present here.",,
12973,img/12973.png,1,someone added to much soap to the dishwasher again,0.01,0,non-hateful,"The meme is a humorous observation about the common mistake of putting too much soap in a dishwasher. It does not target any protected group, nor does it contain any language that attacks, dehumanizes, or excludes individuals based on their characteristics.",,
62948,img/62948.png,1,"black lives matter >""how"",""why""and ""to whom"" is unclear",0.05,0,non-hateful,"The meme uses a 'cufflink' format to express skepticism regarding the Black Lives Matter movement, questioning the specific methodology ('how') and the beneficiaries ('to whom') of the slogan. While it is critical and sarcastic of a social justice movement, the text 'is unclear' expresses confusion or doubt rather than attacking, dehumanizing, or calling for violence against Black people based on their race. It targets the political slogan rather than the protected group itself.",,
53769,img/53769.png,0,in 1979 jimmy carter created the department of education since then the u.s. has gone from 1st to 17th in education,0.02,0,non-hateful,"The meme expresses political criticism regarding the establishment of the Department of Education and its correlation with U.S. educational rankings. It utilizes a negative sentiment to criticize a government policy and a public official but does not attack individuals based on protected characteristics such as race, religion, or national origin, nor does it promote violence or dehumanization.",,
46812,img/46812.png,0,goat meat is very popular in islamic countries,0.1,0,non-hateful,"The meme employs a crude and vulgar visual pun, juxtaposing the meat with male genitalia, linked to the text claiming it is popular in 'islamic countries.' While this relies on crude humor and reinforces a negative stereotype about Muslim cultures, it does not rise to the level of a direct attack, dehumanization, or endorsement of harm required to be classified as hate speech.",,
83745,img/83745.png,1,it is time.. to send these parasites back to the desert,0.95,1,hateful,"The meme uses the phrase 'send these parasites back to the desert', employing dehumanizing language ('parasites') and a call for exclusion or segregation ('send back') targeting a group associated with a specific region ('the desert'). This implies hostility toward people based on ethnicity or nationality.",,
43275,img/43275.png,1,my husband is always pushing me around... and talking behind my back,0.95,1,non-hateful,"This meme uses a visual pun based on the idiom 'pushing around'. It features a person in a wheelchair, and the joke relies on the literal physical act of pushing a wheelchair for mobility, rather than making an attack based on the person's disability. The content is intended to be humorous and does not dehumanize, exclude, or promote harm against people with disabilities.",,
30927,img/30927.png,0,doesnt let anything stop her have a great day,0.0,0,non-hateful,"The meme depicts a woman in a wheelchair working productively and smiling. The text 'doesnt let anything stop her' serves as a compliment to her resilience and determination, while 'have a great day' is a friendly closing. The content is motivational and positive, celebrating an individual's success despite physical challenges rather than attacking or dehumanizing people with disabilities.",,
49650,img/49650.png,1,"and then i asked mom, what's for dinner?",0.99,1,non-hateful,"The image depicts a child riding a bicycle with the caption 'and then i asked mom, what's for dinner?'. This is a lighthearted meme focusing on a relatable family interaction and a child's simple question. It does not contain any attacks, dehumanizing language, or references to protected characteristics such as race, religion, or gender.",,
4538,img/04538.png,0,"bows here, bows there, bows everywhere",0.01,0,non-hateful,"The meme humorously compares a cat to a young child, noting that both have pink bows in their hair. This is a lighthearted visual comparison meant to be cute and relatable. It does not contain any attacks, dehumanizing language, or insults directed at a protected group.",,
26453,img/26453.png,1,"a ww2 jewish prisoner trying to escape the auchschwitz showers (1943, colorized) wwii jew escaping hitler's rath",0.98,1,hateful,"The meme uses the image of a fictional character running from fire to mock the mass murder of Jewish people at Auschwitz, framing the 'showers' as something to escape. This trivializes the Holocaust and dehumanizes victims by turning their systematic extermination into a joke.",,
54819,img/54819.png,0,beauty shot of girlfriends focusing on different thoughts and ideas,0.01,0,non-hateful,"The image depicts a diverse group of women in a neutral and positive manner, accompanied by descriptive text. There is no content that attacks, dehumanizes, or targets any group based on protected characteristics.",,
49260,img/49260.png,0,it's the goat humper looks like a bunch of pigs just walked over your grave,0.99,1,non-hateful,"The image depicts a deceased goat with associated gore, and the text uses crude insults directed at the animal. Since the target is an animal and not a human group based on protected characteristics such as race, religion, or gender, this content does not meet the definition of hate speech.",,
97453,img/97453.png,0,potato is my favorite color of the alphabet,0.01,0,non-hateful,"The meme features a Mr. Potato Head costume with text making a nonsensical joke about 'potato' being a color. There is no attack, dehumanization, or derogatory language directed at any protected group (race, religion, gender, etc.).",,
32875,img/32875.png,0,if he wears number one he's most likely the fastes on the team,0.01,0,non-hateful,"The meme makes a humorous observation suggesting that wearing jersey number one implies being the fastest player. This is a common stereotype or association in sports culture but does not attack, dehumanize, or target anyone based on protected characteristics like race, religion, or gender.",,
50984,img/50984.png,0,a cat in a pot,0.99,1,non-hateful,"The image depicts a cat sitting in a cooking pot with the text 'a cat in a pot'. This appears to be a visual pun or absurd humor. It does not contain any attacks, dehumanization, threats, or slurs targeting protected groups such as race, religion, or gender. While it depicts an unusual situation involving a pet, it does not meet the criteria for hate speech.",,
26397,img/26397.png,0,there are still parts of the world where people celebrate capital punishment,0.0,0,non-hateful,"The meme discusses capital punishment and depicts a scene of execution. While the content is violent and controversial, it targets a judicial concept rather than attacking a specific group based on protected characteristics like race, religion, or nationality.",,
17950,img/17950.png,0,"i was excoriated for a harmless ""tweet"" and ""my show"" was cancelled",0.95,1,non-hateful,"The meme compares the public backlash received by Roseanne Barr (for a racist slur) to that received by John Boyega (for criticizing the lack of diversity in his show). It highlights perceived hypocrisy or inconsistency in how 'cancel culture' applies to different demographics. It does not attack, dehumanize, or endorse violence against any protected group.",,
38047,img/38047.png,0,"""stupid bitch"" is not a race",0.1,0,non-hateful,"The meme uses vulgar language ('stupid bitch') to refer to a specific individual in a photo of female politicians. While this constitutes personal harassment and offensiveness, it is an attack on an individual person rather than a dehumanizing attack on a group based on protected characteristics such as race, religion, or gender. Therefore, it is not classified as hate speech.",,
28017,img/28017.png,1,say it! say it ! islam is the religion of peace,0.98,1,hateful,"The meme creates a jarring juxtaposition between an image of violent unrest and the slogan 'islam is the religion of peace.' Through heavy sarcasm, the meme attacks a protected group based on religion, implying that Islam is inherently violent and promoting a negative, dehumanizing stereotype about the faith.",,
78462,img/78462.png,0,"in the last days there will be scoffers, ridiculers, deniers and mockers following after their own lusts",0.98,1,non-hateful,"The meme features a religious quote from 2 Peter 3:3 overlaid on a mugshot of Bill Cosby. While the use of a sexual predator's mugshot is sensitive, the text quotes a biblical warning about scoffers and sinners in a general sense. It does not attack any group based on protected characteristics such as race, religion, or gender, but rather serves as a commentary on moral failure or hypocrisy. Therefore, it does not meet the definition of hate speech.",,
69150,img/69150.png,1,"""white privilege the privilege of being called ""racist"" by other people who see nothing else about you except the color of your skin",0.05,0,non-hateful,"The meme uses a white horse to discuss 'white privilege' and defines it as the experience of being judged solely on skin color. While it addresses race and identity, it frames the concept of white people being labeled 'racist' as a negative form of stereotyping or prejudice against them. However, expressing that white people are unfairly stereotyped or that a specific social dynamic is problematic does not constitute an attack, dehumanization, or threat against a protected group. It does not incite hatred or violence against others.",,
3745,img/03745.png,1,your order comes to $37.50 and your white privilege discount brings the total to $37.50,0.8,1,non-hateful,"The meme references 'white privilege' in a sarcastic manner regarding a discount that offers no financial savings. While the topic is politically charged and may be considered offensive or provocative, it utilizes irony rather than attacking, dehumanizing, or endorsing harm against a protected group.",,
31570,img/31570.png,1,"busy, like a hive of bees, controlling what your family sees and edits all the news your hear so you'll know what to think and fear till all the truth there is, is gone that is unless you stand, en masse. """,0.98,1,hateful,"The meme depicts individuals in traditional Jewish attire and pairs this with text asserting that they 'control what your family sees' and 'edit all the news' to hide the truth. This invokes and reinforces harmful antisemitic conspiracy theories regarding Jewish people controlling media and information. By linking these individuals to a conspiracy to suppress truth, the meme dehumanizes and attacks them based on their religion.",,
16923,img/16923.png,1,do you like goat anus? smell my finger,0.01,0,non-hateful,"The meme features vulgar and offensive language involving scatological humor and a gesture ('smell my finger'). However, it does not target any individual or group based on protected characteristics such as ethnicity, religion, gender, or disability. It is rude but not hateful.",,
91468,img/91468.png,0,"you want a whore? buy one. you want a queen? earn her. you want a nickel bag? fifteen bucks, little man",0.05,0,non-hateful,"The meme utilizes a quote from Game of Thrones to contrast the status of a 'queen' with a sex worker ('whore') and a drug user ('nickel bag'). While the language is crude and the tone is derogatory towards sex workers and drug users, it presents a cynical observation about value and effort rather than a direct attack, dehumanization, or incitement of violence based on protected characteristics such as race, religion, gender identity, or sexual orientation.",,
34975,img/34975.png,0,what if the only reason mary got pregnant... is because god is gay and needed a surrogate,0.05,0,non-hateful,"The meme uses a humorous premise (the 'Conspiracy Keanu' meme format) to suggest that God's sexuality explains a religious event. While it uses language related to sexual orientation, it is a theological joke and does not attack, dehumanize, threaten, or promote hatred against gay people or any other protected group.",,
68530,img/68530.png,1,a fast sandwich maker,1.0,1,hateful,The meme features an image of a Black female athlete sprinting with the caption 'a fast sandwich maker'. This relies on a racial stereotype historically used to demean and dehumanize Black people by associating them with servitude and food preparation roles. It attacks people based on race/ethnicity and evokes historical pain associated with slavery and racial stereotypes.,,
47103,img/47103.png,0,maybe we weren't consistent sources of crime we'd be treated better,0.02,0,non-hateful,"The meme displays a collection of firearms with text expressing a cynical sentiment about crime and societal treatment ('maybe we weren't consistent sources of crime we'd be treated better'). While the content is negative, aggressive, and touches on themes of crime and potential police mistreatment (which can imply a critique of how certain groups are treated), it does not contain a direct attack, dehumanization, or call for violence against a protected group based on characteristics like race, religion, gender, or sexual orientation. It is a commentary on behavior and societal response rather than hate speech targeting a demographic.",,
42580,img/42580.png,1,jack and jill went up the hill so jack could lick her candy but jack got a shock and a mouthful of cock cause jills real name was randy,0.95,1,non-hateful,"The meme utilizes crude humor and profanity to make a 'shaggy dog' style joke based on a name pun ('Jill' vs 'Randy'). While the content is vulgar and offensive, it does not target individuals or groups based on protected characteristics such as race, religion, sexual orientation, or gender identity. It falls under general offensiveness rather than hate speech.",,
73605,img/73605.png,0,no matter what smile,0.01,0,non-hateful,"The meme uses the iconic image of a girl from a propaganda film to suggest the necessity of masking emotions or forcing a smile regardless of the situation. While the image carries historical associations with totalitarianism, the meme itself is a commentary on social performance and emotional suppression. It does not attack, dehumanize, or promote harm against any group based on protected characteristics such as race, religion, or gender.",,
79603,img/79603.png,1,its friday cunts lets get on the gas,0.99,1,hateful,"The meme utilizes historical imagery of a German train (Deutsche Reichsbahn) from the WWII era combined with text explicitly referencing the Holocaust ('get on the gas'). This constitutes mocking a hate crime and evoking pain from historical mass murder, which classifies as hate speech.",,
68409,img/68409.png,1,for the last time im not michelle obama,0.95,1,non-hateful,"The meme is a humorous denial of an absurd accusation. While it uses a depiction of a non-human creature (Bigfoot), it does not dehumanize or attack Michelle Obama or any protected group. The content is meant to be funny due to the incongruity rather than hateful.",,
87251,img/87251.png,0,i love apes they are both ugly and cute,0.98,1,hateful,"The meme employs racist imagery by explicitly comparing a Black child to a gorilla. This juxtaposition relies on and reinforces the harmful stereotype of Black people being ape-like, which is a classic form of dehumanization targeting individuals based on race.",,
49621,img/49621.png,0,"wait, mohammad come back i didn't mean to laugh, really size dosen't matter to me lol",0.92,1,hateful,"The meme depicts a common racist stereotype targeting Muslims, specifically implying that Muslim men are hypersexual or obsessed with sex ('size') and that they are easily manipulated or deceptive. By reducing an individual based on their name and religion to a crude biological impulse, the content relies on dehumanization and humiliation of a protected group.",,
19523,img/19523.png,0,they see them rollin.... they hating..,0.98,1,non-hateful,"The meme features an anthropomorphic cat on a bicycle with text implying that others are 'hating' on the cat's success. The content is humorous and relies on a pop-culture trope of superiority or 'flexing', but it does not target any protected group, promote violence, or use dehumanizing language against people based on their characteristics.",,
98235,img/98235.png,0,fashion forward !,0.01,0,non-hateful,"The meme features a person wearing a hijab in a stylish, confident pose with the caption 'fashion forward!', which serves to celebrate and highlight their appearance. There is no attack, dehumanization, exclusion, or harm directed at the individual or any protected group based on religion, race, or gender.",,
62035,img/62035.png,1,thank god my ass needed a break,0.98,1,non-hateful,"The meme features a goat with humorous text ('thank god my ass needed a break'). While it contains crude/vulgar language ('ass') and a slightly negative sentiment regarding the state of the poster's body part, it does not target any protected group based on ethnicity, religion, gender, or other characteristics. The content is self-deprecating and vulgar but does not constitute hate speech as it lacks any attack on a specific group of people.",,
73945,img/73945.png,0,jamal is holding a gun,0.85,1,hateful,"The meme depicts a young boy holding a firearm with the text 'jamal is holding a gun'. The use of the name 'Jamal', which is frequently associated with individuals of Middle Eastern or Muslim descent, combined with the imagery of a child armed with a gun, invokes harmful stereotypes linking specific ethnic or religious groups to terrorism and violence. This constitutes a dehumanizing attack and endorsement of negative assumptions based on protected characteristics.",,
14026,img/14026.png,1,told girlfriend that mom is deaf so speak loud and slow told mom that girlfriend is retarded,0.95,1,hateful,"The meme uses a derogatory slur ('retarded') to describe a girlfriend, which is hate speech targeting individuals with disabilities. It trivializes disability by presenting the use of such slurs as a punchline.",,
21643,img/21643.png,0,haha pig man is peeing standing up,0.85,1,non-hateful,"The meme depicts a person wearing a pig mask standing in a field, combined with text implying they are urinating. While crude and intended to be offensive by mocking the individual's behavior, it does not appear to be a direct attack on a protected group based on race, religion, or other characteristics defined in the hate speech guidelines. The humor relies on social embarrassment and crude bodily functions rather than dehumanization or exclusion of a protected class.",,
83954,img/83954.png,1,head teachers given the power to ban the burqa in british schools share if you want a full ban in britain!,0.95,1,hateful,"The meme calls for the exclusion and segregation of people based on their religious attire (burqa) by advocating for a ban. According to the provided definition, 'calls for exclusion or segregation' targeting religion constitute hate speech.",,
87034,img/87034.png,0,you don't need a parachute to go skydiving twice you need a parachute to go skydiving twice,0.01,0,non-hateful,"The meme presents a logical paradox regarding skydiving and parachutes. It does not target any protected group based on ethnicity, religion, gender, disability, or other characteristics defined in hate speech policies. The content is a benign riddle.",,
54930,img/54930.png,1,not all muslims are isis! some are al-qaida the rest are taliban,0.98,1,hateful,"The meme is extremely sarcastic, using a setup that appears to be an anti-stereotype statement ('not all muslims are isis') followed by a punchline that equates all other Muslims with other violent terrorist organizations (al--qaida and Taliban). This implies that all Muslims are inherently extremists or terrorists, which constitutes a dehumanizing attack and statement of inferiority against a religious group.",,
18059,img/18059.png,1,"they are like sperm you get millions, but only one works",0.98,1,hateful,"The meme compares individuals in a crowd of refugees or migrants to sperm, stating that while there are millions of them, only one 'works.' This is dehumanizing language that reduces a group based on their immigration status to biological commodities, mocking their efforts to seek safety or acceptance.",,
2143,img/02143.png,1,"doesnt have food, water, electricity proud of nuclear weapons",0.05,0,non-hateful,"The meme criticizes the prioritization of nuclear weapons over basic necessities like food, water, and electricity. While critical of a specific political leader (Mahmoud Ahmadinejad), it targets a government policy and leadership decisions rather than attacking a protected group based on ethnicity, religion, or other inherent characteristics. It does not dehumanize a protected group or incite hate based on the provided definition.",,
7382,img/07382.png,1,wouldn't be the last time those people used the oven this way,0.01,0,non-hateful,"The meme depicts a scene from the fairy tale Hansel and Gretel, featuring a witch and two children. The text overlaid discusses the witch's intent to bake the children. As this content references fictional characters from folklore and does not target any real-world individuals or groups based on protected characteristics such as race, religion, nationality, or gender, it does not constitute hate speech.",,
16842,img/16842.png,0,every kitchen needs a sandwich maker just like this one,0.0,0,non-hateful,"The meme humorously exaggerates the utility of a sandwich maker with the text 'every kitchen needs a sandwich maker just like this one.' It does not contain any attacks on people based on protected characteristics such as race, religion, gender, or disability.",,
63280,img/63280.png,1,so you're never going to forgive the germans because of the holocaust? same,0.95,1,hateful,"The meme uses an image of a Native American to claim solidarity ('same') with the Holocaust. This creates a false equivalence between the genocide of the Jewish people and the mistreatment of Native Americans, which is historically inaccurate and trivializes the Holocaust. It relies on an anti-Semitic trope that the Holocaust is unique only in the sense that the victims were not Native Americans, mocking the historical reality and causing offense to Jewish people.",,
51306,img/51306.png,0,eat some cookies you're not yourself when you're hungry,0.01,0,non-hateful,"The meme utilizes a historical figure often associated with hate, but the content relies on a wholesome, non-political pun regarding diet and temperament ('you're not yourself when you're hungry'). It does not attack, dehumanize, or promote violence against any protected group based on characteristics like race, religion, or nationality. Therefore, it is not hateful.",,
46518,img/46518.png,1,"it's the goat humper, looks like a bunch of pigs just walked over your grave",0.95,1,hateful,"The meme targets a person practicing Islam, mocking their religious ritual by comparing the prostration posture to a pig. By invoking pigs—which are considered unclean and forbidden in Islam—to describe a worshipper, the content dehumanizes and humiliates the individual based on their protected religious characteristic.",,
17265,img/17265.png,0,meanwhile in baltimore,0.95,1,hateful,"The meme uses the 'meanwhile in [city]' format to associate Baltimore with baboons mating, thereby dehumanizing people from Baltimore by comparing them to animals.",,
94813,img/94813.png,0,thats the way allah allah i like it!!!,0.01,0,non-hateful,"The meme depicts a group of women dancing and expresses enthusiasm for the activity using a religious reference ('allah') as a form of exclamation. The tone is celebratory and positive. It does not contain any attacks, insults, or discriminatory language against any group based on protected characteristics.",,
60183,img/60183.png,1,nein danke i'm very happy with my gas supplier,0.98,1,hateful,"The meme depicts Adolf Hitler, a historical figure associated with hate crimes, stating he is 'happy with my gas supplier'. This is a direct reference to the Holocaust and the use of gas chambers for the genocide of Jewish people and others. By making light of this historical mass murder, the meme evokes pain from historical hate crimes and trivializes the systematic extermination of a protected group based on ethnicity and religion.",,
47162,img/47162.png,1,what do these two have in common? they both are good at sucking they both come with a bag,0.05,0,non-hateful,"The meme is a sexually suggestive joke comparing a woman to a vacuum cleaner based on innuendo regarding oral sex and anatomy ('bag' referring to a vagina). While this content is vulgar, objectifying, and rude, it relies on sexual humor rather than attacking a protected group based on identity characteristics like race, religion, or nationality. It does not dehumanize the subject to the extent of hate speech (e.g., comparing to subhuman animals or objects to justify harm), but rather uses crude sexual comparison for shock value.",,
26547,img/26547.png,1,that's the way allah allah i like it,0.85,1,hateful,"The image depicts a goat being sacrificed, a ritual often associated with the Islamic festival of Eid al-Adha. The text 'allah allah' references God in Islam. The combination of the animal sacrifice imagery with the phrase 'i like it' mocks or trivializes the religious practices of Muslims. This constitutes an attack on people based on religion.",,
89642,img/89642.png,1,i treat them like java treats its generic parameters at run time as objects,0.05,0,non-hateful,"The meme employs an analogy comparing a specific group of people to Java's generic parameters at runtime (a concept known as type erasure) to make a point about how they are treated as generic 'objects.' While the joke relies on an 'us versus them' dynamic that is likely gender-based (implied by the image of women), it is a form of self-deprecating or relatable humor common in tech culture. It does not dehumanize, threaten, or attack the protected group, nor does it express hatred, inferiority, or calls for exclusion. The reference to 'objects' is strictly a technical metaphor regarding programming logic, not a literal call to treat humans as inanimate things.",,
16749,img/16749.png,0,broken dishwasher,0.0,0,non-hateful,"The image depicts a pile of discarded appliances, specifically identifying a 'broken dishwasher'. There is no text or imagery that targets any protected group, promotes hate, dehumanizes, or endorses harm. It is a simple depiction of waste.",,
68401,img/68401.png,0,when you date an asian boy and you trynna get his family to accept you,0.15,0,non-hateful,"The meme relies on a racial stereotype regarding the difficulty of dating Asian men and gaining the approval of their families. While this invokes a stereotype, it depicts a common social struggle regarding cultural expectations and family pressure rather than dehumanizing the group, calling for violence, or asserting biological inferiority. It does not meet the strict criteria for hate speech.",,
98720,img/98720.png,0,when your wife just died giving birth to your daughter and you're alone in the room with your naked just born daughter,0.01,0,non-hateful,"The meme depicts a tragic scenario involving death and birth, utilizing a dramatic image of an elderly man. While the content is dark, sensitive, and potentially offensive due to the trivialization of grief and the mention of nudity, it does not attack, dehumanize, or target any group based on protected characteristics such as race, religion, gender, or disability. The humor stems from an unfortunate coincidence and shock value rather than hate speech.",,
96180,img/96180.png,1,putting bows on your pet,0.05,0,non-hateful,"The meme uses a visual comparison between a cat and a child of color wearing similar pink bows to highlight a perceived resemblance. However, it does not attack, dehumanize, or promote harm against a protected group; rather, it employs a common internet trope of comparing people to animals in a humorous, albeit potentially insensitive, manner.",,
2518,img/02518.png,0,when the dog bites you and you bite back to assert dominance,0.01,0,non-hateful,"The meme depicts a humorous absurdity where a woman bites a dog back to assert dominance. It targets animals and uses hyperbolic irony, but does not attack, dehumanize, threaten, or exclude people based on protected characteristics.",,
10785,img/10785.png,1,"time to put the ""panic"" back in hispanic",0.95,1,hateful,"The meme relies on a play on words using 'panic' and 'hispanic', combined with an image of Donald Trump holding a musket. The implied message advocates for or trivializes violence against Hispanic people, framing the group as a threat that needs to be 'panicked' back or removed. This constitutes a direct attack and endorsement of harm against a protected group based on ethnicity/nationality.",,
73601,img/73601.png,1,when you are white and stole your first bike,0.95,1,hateful,"The meme uses dark humor to make a racist joke, implying that white people feel justified in committing theft (historically referencing the theft of land, labor, or property from people of color) without consequences due to their race. It attacks a specific racial group based on protected characteristics by promoting a narrative of racial superiority and entitlement to steal.",,
96472,img/96472.png,1,white power!,1.0,1,hateful,"The meme explicitly displays imagery associated with the Ku Klux Klan (a white hood and robe) and the text 'white power!', which is a direct slogan promoting white supremacy. This content attacks people based on race and promotes exclusion and hatred against non-white individuals.",,
39018,img/39018.png,0,"she said ""i want a ring"" i said ""bitch take your phone off silent!""",0.99,1,non-hateful,"The meme utilizes humor based on a play on words regarding the word 'ring' (wedding ring vs. phone ringing). While it includes profane language ('bitch'), the joke targets a specific situational misunderstanding and does not attack, dehumanize, or promote harm against any protected group based on characteristics like gender, race, or religion. Therefore, it falls under general offensiveness rather than hate speech.",,
62319,img/62319.png,1,"america in 2045 ""grandpa...why didn't you stop them?!""",0.98,1,hateful,"The meme utilizes fear-mongering and dehumanizing imagery to depict people of a specific religion (Muslim women) as a threat to the nation of America, implying a violent takeover or subjugation. This attacks a protected group based on religion by associating them with existential harm to the country.",,
54108,img/54108.png,1,does nike also sell stones in case they take it off?,0.05,0,non-hateful,"The meme is a pun that combines the fashion brand 'Nike' with the term 'stones' (referring to the Hajj ritual of stoning the Jamarat). While the content trivializes a religious ritual through wordplay, it targets a religious practice rather than attacking or dehumanizing people based on their religion. It does not meet the criteria of hate speech as it does not incite violence, assert inferiority, or call for exclusion against Muslims.",,
8451,img/08451.png,0,when you ask a jewish girl for her number and she starts rolling her sleeve,0.99,1,hateful,The meme uses a Holocaust survivor image to make a dark joke about concentration camp tattoos being 'numbers.' This trivializes the genocide of Jews and mocks the suffering and dehumanization of a protected group.,,
56207,img/56207.png,1,we broke up but she said we could still be cousins,0.01,0,non-hateful,"The meme uses a humorous scenario about a relationship breakup where one person suggests becoming cousins. It does not target any group based on protected characteristics such as race, religion, gender, or sexual orientation, nor does it promote violence, dehumanization, or exclusion.",,
37692,img/37692.png,0,"""islam is a religion of peace stop criticizing my religion""",0.01,0,non-hateful,"The meme consists of a smiling individual and text stating 'Islam is a religion of peace stop criticizing my religion'. This is a defensive statement advocating for the respect of a religious group and countering criticism. It does not contain attacks, dehumanizing language, threats, or inferiority statements against any protected group.",,
21075,img/21075.png,0,size of a shuttle bus legroom of a pinto,0.01,0,non-hateful,"The meme makes a humorous comparison regarding the interior space of a Humvee using a pun on the word 'pinto' (referring to a small horse rather than a specific ethnicity). It does not contain hate speech, dehumanization, or attacks on any protected groups.",,
9152,img/09152.png,0,"i don't have ex's. i have y's. like, ""y the hell did i date you?!?""",0.01,0,non-hateful,"The meme features a humorous quote from Kevin Hart about regretting past romantic relationships. It expresses personal self-deprecation and frustration regarding dating choices but does not attack, dehumanize, or promote harm against any protected group based on characteristics such as race, gender, or religion.",,
87130,img/87130.png,1,finally finding the right tutorial you need indian accent,0.95,1,hateful,"The meme makes a joke about the frustration of finding tutorials with the wrong accents, implying that 'Indian accents' are undesirable or incorrect for tutorials. This targets a group based on nationality/accent and implies inferiority or exclusion, fitting the definition of hate speech.",,
34209,img/34209.png,0,how about a nice 12 yr old? bartender: him: boy i would love that,0.95,1,hateful,"The meme depicts a priest responding affirmatively to a bartender's offer of a '12 year old' in a sexual context. This combines a protected characteristic (religion) with a reference to sexual abuse of a minor, creating an implied message that endorses or jokes about statutory rape involving religious figures.",,
42058,img/42058.png,0,for lunch vlad the impaler loved turkey,0.01,0,non-hateful,"The meme contains a dark humor wordplay involving the historical figure Vlad the Impaler and the country Turkey, referencing his historical association with the Ottoman Empire. However, it functions as a pun on a food item rather than a direct attack on the people of Turkey based on nationality, ethnicity, or religion. It does not endorse violence, dehumanization, or hatred against a protected group.",,
76092,img/76092.png,0,everybody is afraid of gangs,0.85,1,hateful,"The meme relies on negative racial stereotyping by associating Black men with gang culture. By stating 'everybody is afraid of gangs' and depicting Black men in a manner consistent with stereotypical gangster caricatures (caps, gold chains), the content generalizes the group as criminals or threats, which constitutes dehumanizing speech based on race.",,
76295,img/76295.png,0,islamic extremist planning new project,0.9,1,hateful,"The meme labels individuals displaying religious and political symbolism as 'Islamic extremist', reducing a religious identity to a violent caricature. The use of the term 'extremist' acts as a slur that dehumanizes and generalizes the group based on their religion.",,
57208,img/57208.png,0,i had potato for lunch,0.001,0,non-hateful,"The meme features a man smiling with the text 'i had potato for lunch'. This is a simple, neutral statement about food intake. It does not contain any attacks, dehumanizing language, or hostility towards any protected group based on ethnicity, race, religion, disability, or other characteristics.",,
87169,img/87169.png,1,albanians talking photo with a porn star,0.85,1,hateful,"The meme relies on a crude stereotype associating Albanians with the adult entertainment industry. By linking a specific nationality to a degrading profession, the content serves as an insult and humiliation directed at a protected group.",,
64125,img/64125.png,0,ooof. that's gotta hurt,0.01,0,non-hateful,"The image depicts a boxing match with the caption 'ooof. that's gotta hurt,' expressing sympathy for a punch received. While the image shows violence, it is within the context of a sporting event. The content does not attack, dehumanize, or express hatred based on any protected characteristic such as race, ethnicity, religion, or sexual orientation. The humor is derived from the physical impact, not from any hateful ideology.",,
68459,img/68459.png,1,family trip in mexico,0.8,1,hateful,"The meme depicts a group of migrants facing a U.S. Border Patrol agent, labeled with the text 'family trip in mexico'. By referring to the migrants' situation as a 'trip' in Mexico, the meme employs sarcasm to mock their lack of agency and dehumanize them as tourists in a country they may be fleeing or attempting to leave, effectively ridiculing their hardship and immigration status.",,
28905,img/28905.png,1,"hey, i just met you and this is crazy but here's your number.. so camping, maybe?",0.05,0,non-hateful,"The meme utilizes a photo of Adolf Hitler paired with lyrics from the song 'Hey Soul Sister.' While the use of a historical figure associated with genocide and hate is socially inappropriate and offensive, the meme functions as a juxtaposition meme (shock humor/irony) referencing the catchy melody of the song rather than making a statement that attacks, dehumanizes, or excludes a protected group based on the definition provided.",,
48236,img/48236.png,0,that blood you donated could be in someone's boner right now,0.1,0,non-hateful,"The meme utilizes crude humor and sexual references to discuss blood donation. While it is vulgar and potentially offensive to some due to its crudeness, it does not attack, dehumanize, or promote harm against individuals based on protected characteristics such as race, religion, gender, or sexual orientation. It is considered general vulgarity rather than hate speech.",,
32568,img/32568.png,1,america taught us how to be happy slaves the same way school teach us how to be happy employees,0.05,0,non-hateful,"The meme contains controversial political commentary comparing modern societal structures to slavery. However, it functions as a critique of systemic indoctrination and capitalism rather than a direct attack on a specific protected group based on ethnicity, race, religion, or other listed characteristics. It does not employ dehumanizing language or calls for violence against a specific demographic.",,
10749,img/10749.png,1,my sense of humor is so dark it picks cotton,0.95,1,hateful,"The meme combines a photograph of enslaved Black people picking cotton with a pun that equates 'dark humor' to the act of picking cotton. This relies on the historical association of Black slavery with cotton picking to make the joke, thereby trivializing the atrocities of slavery and using the race of the individuals depicted as the punchline. This constitutes a racist joke that humiliates and dehumanizes Black people based on their historical suffering.",,
29174,img/29174.png,0,the crimes against humanity should not be swiftly forgotten,0.98,1,non-hateful,"The meme features a historical photograph depicting a victim and survivor of the Holocaust, accompanied by text urging that crimes against humanity not be forgotten. This is a solemn historical reference and condemnation of atrocities, not an attack on any protected group. It evokes historical pain to promote remembrance rather than hate.",,
64510,img/64510.png,0,mohammad won the contest in putting underwear on goats,0.9,1,hateful,"The meme contains the name 'Mohammad', which is a name of religious and cultural significance to Muslims. The text claims he 'won the contest in putting underwear on goats'. While visually absurd, this content targets a specific religion, often using 'goats' as a derogatory or dehumanizing slur in hate speech targeting Muslims. By mocking a Muslim name with crude and degrading imagery, it constitutes an indirect attack on a protected group.",,
95086,img/95086.png,1,novaky concentration camp these jews can claim holocaust pensions,0.99,1,hateful,"The meme uses a photograph of a person floating lifelessly in water, visually representing a corpse or suicide, combined with text referencing a 'concentration camp'. The caption explicitly targets Jewish people, sarcastically suggesting they 'claim holocaust pensions' by evoking the imagery of the Holocaust. This constitutes hate speech by trivializing the genocide of Jews, making antisemitic claims, and using dehumanizing imagery to attack a protected group based on religion and ethnicity.",,
4857,img/04857.png,1,...even the dumb jews know that! trump is a racist.,1.0,1,hateful,"The meme contains anti-semitic hate speech by referring to Jews with a derogatory epithet ('dumb jews') and claiming they possess a negative quality (being 'dumb'), which constitutes a statement of inferiority and humiliation based on religion/ethnicity.",,
84510,img/84510.png,1,bartender: how about a nice 12 yr old? him: boy or girl?,0.85,1,hateful,"The meme uses a suggestive double entendre implying that the priest is interested in the gender of a child. This relies on a harmful stereotype and joke about pedophilia, dehumanizing and attacking a protected group (religious figures) by associating them with the sexual abuse of minors.",,
5126,img/05126.png,1,can you smell what the reich is cooking,0.95,1,hateful,"The meme uses a historical image associated with the Holocaust and combines it with a popular phrase to make a dark joke implying that Nazis are cooking human beings. This trivializes the systematic genocide and murder of people based on race, religion, and nationality, and evokes pain from historical atrocities.",,
1796,img/01796.png,1,life hack #23 how to get stoned with no weed,0.01,0,non-hateful,"The meme features two women, one wearing a hijab, sharing a romantic affectionate moment. The text uses a slang term to describe the effect of love or affection ('how to get stoned with no weed'). There is no attack, dehumanization, threat, exclusion, or humiliation directed at any protected group based on the provided definition.",,
48670,img/48670.png,0,look at this sandwich maker club i found on wish on clearance,0.01,0,non-hateful,"The meme makes a sarcastic joke about the low quality of a sandwich found on the website Wish. It does not attack or discriminate against any protected group based on ethnicity, religion, disability, or other characteristics.",,
90267,img/90267.png,0,i've been driving this baby for years the mileage isn't great but still gets the job done,0.01,0,non-hateful,"The meme utilizes a double entendre, where the woman refers to her car as a 'baby' and comments on its mileage and utility. This is a common joke format implying she is an older woman driving an old car, serving as a self-deprecating or observational joke about aging. There is no attack, dehumanization, or promotion of harm against any protected group based on race, religion, gender, or other characteristics.",,
93172,img/93172.png,0,this is a terrorist,0.95,1,non-hateful,"The meme labels Donald Trump, a political figure, as a 'terrorist'. Under the provided guidelines, hate speech requires an attack on people based on protected characteristics (such as race, religion, gender, etc.). Calling a politician a criminal or terrorist is a derogatory and offensive political opinion, but it does not constitute hate speech against a protected group.",,
17682,img/17682.png,1,give them what they deserve kill them all,0.95,1,non-hateful,"The meme features a frustrated soccer coach and uses hyperbolic text ('give them what they deserve', 'kill them all'). While the text includes violent language, the context of the image (soccer training) and the common usage of the phrase in sports memes imply extreme frustration with opponents or poor performance. It does not target a specific group based on protected characteristics such as race, religion, or nationality, and the 'killing' is understood as hyperbolic rather than a literal endorsement of harm against a protected class.",,
27635,img/27635.png,1,dat ass ahmarbkrich*d,0.1,0,non-hateful,"The meme employs vulgar and crude humor by comparing the rear ends of sheep to a specific male individual (Ahmar Bukhari) using the phrase 'dat ass'. While the content is offensive and humiliating towards the targeted person, it constitutes personal harassment or insult rather than hate speech, as it does not attack or dehumanize the individual based on protected characteristics such as ethnicity, religion, race, or gender identity.",,
1268,img/01268.png,0,father and daughter bonding time is the best like and share if you agree,0.01,0,non-hateful,"The meme depicts a positive emotional scene of a father and daughter hugging with text celebrating family bonding. It contains no language, imagery, or context that attacks, dehumanizes, or discriminates against any group based on protected characteristics such as religion, race, or gender.",,
59738,img/59738.png,1,what's the difference between a refugee and e.t e.t learned english and wanted to go home,0.1,0,non-hateful,"The meme uses a common joke format to highlight the difference between refugees and English students. While it mocks refugees for leaving quickly once they learn the language, this criticism targets their motivation and behavior rather than attacking their inherent identity or protected characteristics. It does not promote violence, dehumanization, or exclusion based on nationality or ethnicity, and therefore does not meet the strict criteria for hate speech.",,
47950,img/47950.png,0,"democrats ilhan omar alexandria ocasio-cortez ayanna pressley rashida tlais we're new, bold, and we hate you! we hate whites, jews, christians, conservatives, republicans,",0.98,1,hateful,"The meme contains text that explicitly states 'we hate whites, jews, christians, conservatives, republicans,' which attacks groups based on race, religion, and political affiliation. By attributing these statements to Nancy Pelosi and the Democratic party, the meme promotes hatred and hostility toward these protected characteristics.",,
86195,img/86195.png,0,dolled up and rolling with the gang like,0.9,1,hateful,"This meme features a photo of Hitler and Benito Mussolini with the caption 'dolled up and rolling with the gang like'. By associating these leaders of totalitarian regimes responsible for the Holocaust and World War II atrocities with the casual social concept of a 'gang', the meme trivializes and minimizes the severity of their actions. This falls under the definition of hate speech as it evokes pain from historical figures and trivializes the crimes committed against protected groups (such as Jewish people, Roma, disabled individuals, and political dissidents), normalizing their ideology.",,
95613,img/95613.png,1,what a weird way to spell fat and single,0.01,0,non-hateful,"The meme juxtaposes a pro-feminist statement with a caption that mocks the concept by associating it with being 'fat' and 'single'. While the content is highly offensive, derogatory, and expresses a negative stereotype regarding the appearance and relationship status of feminists, it attacks a political or ideological group (feminists) rather than an immutable protected characteristic such as race, ethnicity, religion, or sex. According to the provided definition, which limits hate speech to attacks based on specific protected characteristics, this falls under general offensiveness or political disagreement rather than hate speech.",,
42538,img/42538.png,0,and at that moment everything else in the world just melted away,0.99,1,non-hateful,"The meme depicts a romantic moment between two people of different races with text expressing deep affection. It does not attack, dehumanize, or exclude any protected group; rather, it portrays a positive, inclusive romantic relationship.",,
84273,img/84273.png,0,when you're the reason for the company safety video,0.01,0,non-hateful,"The meme uses a photo of Dick Clark giving a thumbs up and text referencing a 'company safety video' to create a situational joke about workplace culture or personal responsibility. It does not contain any content that attacks, dehumanizes, or promotes harm against any protected group based on ethnicity, religion, gender, or other characteristics.",,
71680,img/71680.png,1,muslim strip club,0.95,1,hateful,"The meme juxtaposes an image of goats with the text 'muslim strip club'. This combination relies on the derogatory stereotype of Muslims as 'sheep' or 'goats' (often referencing the Hajj pilgrimage). By explicitly linking a religious group with farm animals in the context of a 'strip club', the meme dehumanizes Muslims and mocks their religious identity.",,
31208,img/31208.png,1,maybe if we weren't consistent sources of crime we'd be treated better,0.95,1,hateful,"The meme uses the 'Roll Safe' image and text to satirize the stereotype that African Americans are disproportionately associated with crime. By using a Black man to voice the phrase 'maybe if we weren't consistent sources of crime', the meme implies or reinforces the racist stereotype that Black people are inherently criminals or 'sources of crime'. This constitutes an attack based on race/ethnicity.",,
46971,img/46971.png,1,bravery at its finest,0.98,1,hateful,"The meme juxtaposes a white man eating with a group of Black people in a resource-scarce environment, captioning it 'bravery at its finest.' This relies on racial stereotypes to dehumanize the Black subjects, suggesting their existence or suffering is a spectacle for mockery, thereby attacking based on race.",,
64071,img/64071.png,0,when you have someone to help and take care of you what could happen if you didn't,0.01,0,non-hateful,"The meme utilizes dark humor to contrast two scenarios: one where a person with a disability is cared for, and another where they are in distress. While it depicts a person with a disability in a vulnerable or 'failed' state, it does not attack, dehumanize, or mock the individual based on their disability. The humor derives from the shock value and incongruity of the visual (a person on the ground) rather than expressing hatred or inferiority toward people with disabilities as a group.",,
31752,img/31752.png,1,when you get to choose your own mental illness,0.02,0,non-hateful,"The meme discusses the concept of mental illness using a thumbs-up graphic. While it touches on the sensitive subject of mental health, it does not contain language or imagery that attacks, dehumanizes, or promotes harm against people with mental illnesses. The text implies a scenario of choice rather than mocking or stigmatizing the condition itself.",,
3524,img/03524.png,1,terrorist can come to this country way to easy,0.98,1,hateful,"The meme depicts Muslim men praying in a public setting and superimposes text labeling them as 'terrorist' and claiming they enter the country 'too easy'. This constitutes hate speech as it attacks a group based on religion and nationality, using dehumanizing language and generalizing them as terrorists to promote exclusion and hostility.",,
90256,img/90256.png,1,"whenever you feel stupid, remember there are people who throw stones at a wall! aiming for an invisible devil, told by an invisible god for an invisible heaven!",0.98,1,hateful,"The meme attacks people based on their religion, specifically targeting Muslims by depicting their religious practice of Hajj as a foolish act. The text uses derogatory language to describe their faith as stupid and mocks the concept of God and Heaven, dehumanizing believers by comparing their actions to 'throwing stones at a wall aiming for an invisible devil'. This constitutes hate speech based on religion.",,
68043,img/68043.png,1,plays uno steals all the green cards,0.1,0,non-hateful,"The meme makes a joke linking Mexican flags to 'green cards' (immigration status) using a popular meme format. While it relies on a stereotype regarding immigration, it does not attack, dehumanize, or promote violence or exclusion against the group. The phrase 'steals all the green cards' is a hyperbolic pun rather than a statement of inferiority or a call for harm.",,
48370,img/48370.png,1,72 virgins are ready to get fucked up,0.95,1,hateful,"The meme relies on dehumanizing sexual innuendo to attack a group of men depicted in traditional Muslim attire. By comparing them to livestock (stallions) and using explicit sexual language, it mocks their sexuality and religion, fulfilling the criteria for hateful speech by attacking people based on protected characteristics like religion.",,
53968,img/53968.png,1,when you have an 80 point iq but it's the highest in your village,0.92,1,hateful,"The meme uses the 'Smartest Guy in the Village' template to mock a person with an intellectual disability. It explicitly cites an '80 point iq' (a low IQ score) and uses the phrase 'highest in your village' to assert that people with disabilities belong to a separate, inferior group. This fits the definition of hate speech as it is a statement of inferiority and calls for segregation/exclusion based on disability.",,
42631,img/42631.png,1,i believe they are like racism just shouldn't exist,0.98,1,non-hateful,"The meme features an African American woman with text stating that people like racism 'shouldn't exist.' This message advocates for the elimination of racism and does not attack, dehumanize, or target any group based on protected characteristics. It expresses a negative sentiment toward racism itself, which is not considered hate speech under the provided definitions.",,
29843,img/29843.png,0,the world's most wanted terrorist obama bin lying,0.85,1,hateful,The meme employs wordplay by combining 'Obama' and 'Osama bin Laden' to create 'obama bin lying'. This associates the former US President (target) with a notorious terrorist and implies dishonesty. It attacks him based on his ethnicity and race (implying his non-white appearance links him to a stereotypical 'terrorist' identity) and promotes a derogatory stereotype.,,
5213,img/05213.png,0,the families of the hillsborough tragedy were denied legal aid.... but shamima begum gets it to fight for her uk citizenship our system is a sick joke! - martin costello,0.05,0,non-hateful,"The meme critiques the legal system's prioritization regarding legal aid, contrasting the Hillsborough disaster families with Shamima Begum's case. It includes a quote from Martin Costello expressing dissatisfaction with the system. While the text mentions an individual based on her nationality and religion (implied by image context), the content functions as political criticism and commentary on government policy rather than a direct attack, dehumanization, or call for exclusion or segregation against a protected group.",,
56098,img/56098.png,1,"i said ""a glass of juice"".",0.05,0,non-hateful,"The image depicts Adolf Hitler in a mocking context. While Hitler is a historical figure associated with hate and genocide, this specific meme format is used to satirize his anger and is directed at a trivial misunderstanding (juice vs. something else) rather than attacking a protected group, promoting hate, or dehumanizing victims.",,
50841,img/50841.png,0,give them what they deserve kill them all,0.01,0,non-hateful,"The meme features a rat and calls to 'kill them all'. While the text advocates for violence, the subject is an animal, which does not fall under the protected characteristics (such as ethnicity, race, religion, etc.) required for hate speech. The phrase is a known pop culture reference often used hyperbolically to express annoyance, rather than a genuine incitement to harm a protected human group.",,
19536,img/19536.png,1,when your jewish friend smells a stash of coins in public,0.98,1,hateful,"The meme relies on a harmful and dehumanizing antisemitic stereotype that associates Jewish people with smelling money or coins, thereby attacking a group based on ethnicity and religion.",,
73914,img/73914.png,1,be careful who you call ugly in highschool,0.95,1,hateful,"The meme combines an image of a Black child with an image of a gorilla and the text 'be careful who you call ugly in highschool'. This implies that the Black child will grow up to resemble a gorilla. By visually equating a Black person with an ape, the meme utilizes a historically loaded racist trope to dehumanize individuals based on their race.",,
78156,img/78156.png,0,you mean i don't have to pick it?!?,0.99,1,non-hateful,"The meme depicts a person expressing relief about not needing to pick at their skin (likely related to acne or skincare). The content addresses a personal cosmetic or dermatological habit. It does not attack, dehumanize, or exclude any group based on protected characteristics such as race, religion, gender, or disability.",,
17908,img/17908.png,0,making a quick 3pm snack,0.01,0,non-hateful,"The image depicts a woman making a sandwich labeled as a '3pm snack'. The content is benign, showing a common daily activity with no attacks, dehumanization, or negative stereotypes directed at any protected group based on the defined characteristics.",,
84162,img/84162.png,0,i could have killed all of them. but i let some of them survive so you know why i killed them,0.0,0,non-hateful,"The meme depicts mosquitoes and contains text about killing them. While the tone is vengeful and refers to killing insects, the targets are animals (mosquitoes), not humans. There is no attack, dehumanization, or discrimination based on protected human characteristics such as race, religion, or gender.",,
53418,img/53418.png,0,a real man loads the dishwasher every night,0.99,1,non-hateful,"The meme depicts a man loading a dishwasher and labels this behavior as characteristic of 'a real man'. While this content reinforces traditional gender stereotypes and could be viewed as promoting restrictive gender norms, it does not meet the definition of hate speech provided. It lacks violent or dehumanizing language, does not advocate for exclusion or segregation, and does not express hatred towards a protected group.",,
29054,img/29054.png,1,broken dishwasher,0.95,1,hateful,"The meme compares a woman with a prosthetic leg (an assistive device) to a 'broken dishwasher' (a household appliance). This is an objectifying and dehumanizing joke that equates a person with a disability to a malfunctioning appliance, implying inferiority and trivializing the user's condition. This constitutes a mockery of people with disabilities.",,
91836,img/91836.png,1,one of my 5 boyfriends slept with another girl i'll never trust men again!,0.0,0,non-hateful,"The meme expresses a personal reaction to a relationship betrayal involving one specific individual ('my 5 boyfriends'). The statement 'I'll never trust men again' expresses a general sentiment of mistrust towards a gender group resulting from personal trauma, but it does not constitute hate speech as it lacks violent intent, dehumanization, statements of inferiority, or calls for segregation or exclusion against men based on their gender.",,
30579,img/30579.png,0,white power!,0.01,0,non-hateful,"The meme uses the phrase 'white power!' to reframe an image of an elderly man lifting weights. This is a common slang reappropriation intended as a joke or motivational pun about physical strength (literally having white power). It does not promote white supremacy, racial hatred, or violence against a protected group.",,
91058,img/91058.png,1,get in loser we're invading poland,0.05,0,non-hateful,"The meme uses a historical photograph of Adolf Hitler and Nazi officials with text referencing the invasion of Poland. While the content depicts historical figures associated with atrocities and is offensive or crude in its casual invocation of genocide, the text does not constitute hate speech against a protected group in the present context. It references a specific historical event rather than attacking, dehumanizing, or threatening individuals based on protected characteristics.",,
56124,img/56124.png,0,how to cook turkey in usa how to cook turkey in romania,0.02,0,non-hateful,"The meme contrasts a whole roasted turkey with a chicken breast meal to satirize differences in wealth or standards of living between the USA and Romania. While it relies on a stereotype regarding economic disparity, it does not contain language that attacks, dehumanizes, threatens, or calls for the exclusion or segregation of people based on nationality or ethnicity. It is a socio-economic joke rather than hate speech.",,
12834,img/12834.png,1,"in west philadelphia, born and raised in the anus is where i got most of my aids",0.2,0,non-hateful,"The meme contains explicit language and references to AIDS, which is generally offensive and vulgar. However, it does not target a specific protected group with hate speech, nor does it advocate for violence, dehumanization, or exclusion based on protected characteristics.",,
36058,img/36058.png,0,love is love,0.99,1,non-hateful,"The meme displays images of a same-sex couple kissing at a wedding and two men kissing, accompanied by the text 'love is love'. This conveys a positive, affirming message regarding sexual orientation and does not attack, dehumanize, or harm any protected group.",,
34018,img/34018.png,1,fuck the catholics fuck the catholic church fuck the pope,0.25,0,non-hateful,"The meme contains profanity directed at the Catholic Church and the Pope. While the content is highly offensive and vulgar due to the use of expletives, it expresses a strong negative opinion or disdain for a religious institution and its leadership rather than attacking individuals based on the protected characteristic of religion. It does not employ dehumanizing language, threaten physical harm, or advocate for exclusion or segregation.",,
41035,img/41035.png,0,my new muslim girlfriend not much to look at,0.95,1,hateful,The meme attacks a protected group (Muslims) by labeling the subject based on her religion and using the phrase 'not much to look at' to imply physical inferiority or lack of attractiveness. This constitutes an attack on the basis of religion.,,
20984,img/20984.png,0,when you are white and stole your first bike,0.95,1,hateful,The meme uses the phrase 'when you are white' to make a generalization that white people commit theft (stealing bikes). This constitutes an attack based on the protected characteristic of race by attributing criminal behavior to a racial group.,,
92058,img/92058.png,1,how black people became christians,0.01,0,non-hateful,"The meme depicts the biblical story of the Annunciation of the Resurrection to the Myrrhbearers (women followers of Jesus), utilizing an image of Black women in 19th-century religious art. The text 'how black people became christians' presents a historical or narrative explanation rather than an attack. There is no element of dehumanization, degradation, or endorsement of harm against the protected group; it is a historical/religious reference.",,
52603,img/52603.png,1,feeling kinda cute might steal your shit later.. idk,0.01,0,non-hateful,"The meme uses profanity and implies a threatening action (stealing), but it does not target any individual or group based on protected characteristics such as race, religion, or gender. It is a humorous, albeit edgy, expression of mood rather than hate speech.",,
64312,img/64312.png,1,"no, that's not his daughter.. that's his wife! yet the world is silent..",0.01,0,non-hateful,"The meme depicts an interfaith couple (Muslim man, Christian woman) hugging. The text clarifies their relationship to correct a common misconception. While it comments on societal reactions ('the world is silent'), it does not attack, dehumanize, threaten, or exclude any protected group. Instead, it portrays a loving relationship, making it non-hateful.",,
16704,img/16704.png,0,"last summer camp was so ""lit""",0.01,0,non-hateful,"The meme depicts children climbing at a summer camp with the text 'last summer camp was so ""lit""'. This is a lighthearted, nostalgic post about a fun activity. There is no attack, dehumanization, or discrimination against any protected group.",,
53491,img/53491.png,0,and in 3 days he came back to life bringing salvation,0.0,0,non-hateful,"The image depicts the crucifixion of Jesus with text affirming a core religious belief about his resurrection and the concept of salvation. The content is religious in nature and aims to express faith. It does not contain any language or imagery that attacks, dehumanizes, threatens, excludes, or humiliates individuals or groups based on protected characteristics.",,
83497,img/83497.png,0,different types of radicalization,0.65,1,non-hateful,"The meme depicts a stereotypical radical Muslim alongside a white extremist holding a gun, labeling both as 'different types of radicalization.' While the content is controversial, provocative, and potentially offensive due to generalizations, it frames both figures as examples of extremism/radicalization rather than attacking an entire protected group based on ethnicity or religion. It does not use dehumanizing language, calls for segregation, or express statements of inferiority against the groups represented; instead, it uses these figures to illustrate the concept of radicalization.",,
32415,img/32415.png,0,when finishing a race is your passion,0.99,1,non-hateful,"The meme depicts a female runner joyfully crossing a finish line with the text 'when finishing a race is your passion.' The content is positive, motivational, and celebrates physical activity. It contains no attacks, insults, or references to protected characteristics, and does not promote exclusion or harm.",,
37814,img/37814.png,0,this is el paso shooter's father every. single. time,0.95,1,hateful,"The meme references the El Paso shooting, a mass shooting motivated by hate against Latinos. By using the 'clown' imagery, the meme dehumanizes the perpetrator and trivializes a tragic hate crime event. This falls under the category of mocking hate crime, which is explicitly defined as hateful in the provided guidelines.",,
25149,img/25149.png,1,if this offends you you might be lack toes intolerant,0.85,1,hateful,"The meme targets individuals missing toes, which falls under the category of disability and physical appearance (disease or physical characteristics). By suggesting that people who are offended by missing toes are 'toes intolerant,' the meme mocks the disability and stigmatizes people with limb differences. While humorous in tone, it attacks a group based on a protected characteristic.",,
26187,img/26187.png,1,i love my slow cooker,0.0,0,non-hateful,"The image shows a professional kitchen with staff in the background, and the text 'I love my slow cooker' creates an ironic contrast, implying the person prefers easy appliances over hard manual labor. This is a joke about laziness or convenience and does not target any protected group based on race, religion, gender, or other characteristics.",,
24098,img/24098.png,1,thanksgiving in china,0.15,0,non-hateful,"The meme depicts a cat in a pot on a stove with the caption 'thanksgiving in china'. This is a dark humor meme implying that Chinese cuisine involves eating cats (often associated with the misnomer 'cat meat' or general animal cruelty stereotypes). While the content is offensive, vulgar, and relies on a negative stereotype regarding the nationality (Chinese people) and their dietary habits, it does not meet the strict definition of hate speech provided. The definition requires an attack involving violent or dehumanizing speech, statements of inferiority, or calls for exclusion/segregation. Depicting a group eating a specific animal (even an offensive stereotype) is generally considered offensive or culturally insensitive humor rather than hate speech that attacks human characteristics or dehumanizes the group as human beings.",,
46085,img/46085.png,0,city workers repair statue cover it up with black sheet,0.0,0,non-hateful,"The meme depicts a humorous situation where workers are covering a large statue with a black tarp instead of repairing it. It relies on visual irony and the incongruity of the solution. There is no attack, dehumanization, or targeting of individuals or groups based on protected characteristics.",,
36201,img/36201.png,0,look at me bling up my prosthetic,0.98,1,non-hateful,"The meme features a woman with a prosthetic leg in a positive, empowering pose. The text 'look at me bling up my prosthetic' refers to decorating her assistive device, celebrating self-expression and style. There is no attack, humiliation, dehumanization, or endorsement of harm against a protected group; rather, it promotes body positivity.",,
61872,img/61872.png,1,don't be a fool it is a bomb,0.95,1,non-hateful,"The meme uses the word 'bomb' as a hyperbolic metaphor for pregnancy or physical appearance, which may be perceived as vulgar or crude. However, it does not attack, dehumanize, or target the individual based on protected characteristics such as race, religion, or gender. The sentiment is arguably positive or neutral in a playful context, and there is no intent to exclude or harm.",,
43810,img/43810.png,1,how to cook turkey in usa how to cook turkey in romania,0.15,0,non-hateful,"The meme presents a visual comparison between a roasted bird (Turkey) and a portrait of a historical Romanian figure, implying a derogatory equivalence or joke based on nationality. While this content is offensive and uses a stereotype to mock people of Romanian descent, it does not explicitly attack, dehumanize, or advocate for violence or segregation against a protected group in the manner defined by the strict hate speech criteria provided. It falls under the category of offensive humor rather than hate speech.",,
56149,img/56149.png,0,the original scarecrow,0.01,0,non-hateful,"The meme displays an image of a scarecrow in a field with the caption 'the original scarecrow'. The content is descriptive and focuses on an inanimate object. It does not contain any attacks, dehumanizing language, or harmful stereotypes targeting individuals or groups based on protected characteristics such as race, religion, or nationality.",,
58093,img/58093.png,0,i treat them like java treats its generic parameters at run time as objects,0.0,0,non-hateful,"The image displays a Java code snippet regarding file input/output and object serialization. The text overlays mention how Java treats generic parameters. There are no elements of hate speech, attacks on protected groups, dehumanization, or harmful rhetoric present in the content.",,
89071,img/89071.png,1,they don't wash their ass with water and they eat their daughters' ass,0.1,0,non-hateful,"The meme uses crude sexual humor involving a group of people, but it does not target any protected characteristics such as race, religion, nationality, or gender. The offensive content is general in nature (sexual deviance) and does not attack a specific protected group or dehumanize a demographic category.",,
84302,img/84302.png,0,why do we share more when these people are hurt but not these people,0.05,0,non-hateful,"The meme questions why Western media gives more coverage to certain international victims than to others, specifically using images of Western/globalized individuals versus women in niqabs in a war zone. While it employs a stereotypical visual trope and creates an incongruous comparison, it is a critique of media bias and selective outrage rather than an attack on the protected group depicted in the bottom image. It does not promote hatred, violence, or dehumanization against the people shown.",,
5439,img/05439.png,0,portable dishwasher slash sandwich maker,0.01,0,non-hateful,"The meme juxtaposes an image of two hands with text jokingly labeling them a 'portable dishwasher slash sandwich maker'. This appears to be a self-deprecating joke regarding personal hygiene or poor housekeeping habits. There is no attack, dehumanization, or discrimination based on protected characteristics such as race, religion, or disability.",,
6491,img/06491.png,1,tranny for sale,1.0,1,hateful,The text 'tranny for sale' uses a slur to demean a transgender individual and explicitly dehumanizes them by implying they are a commodity to be traded. This constitutes a direct attack and dehumanization based on gender identity.,,
18726,img/18726.png,0,when your bed is short and your feed stick out,0.01,0,non-hateful,"The meme uses a pun (feet vs. feed) to describe a relatable situation of having legs sticking out of a bed. It is humorous and does not target any protected group, nor does it promote hate, violence, or exclusion.",,
34528,img/34528.png,1,every kitchen needs a sandwich maker just like this one,0.01,0,non-hateful,"The meme is a humorous or nonsensical advertisement featuring a woman. It does not contain any attacks, dehumanization, or offensive language targeting a protected group based on ethnicity, race, religion, gender, or other characteristics defined in the hateful speech definition.",,
1765,img/01765.png,1,"after a girl dies, what organ in her body stays warm? my dick",0.15,0,non-hateful,"The meme uses a crude sexual joke involving profanity. While the imagery features a Black man in a prison uniform, the punchline relies on sexual humor and the perpetrator's own anatomy ('my dick') rather than attacking, dehumanizing, or threatening the protected group depicted. It is offensive and vulgar, but does not meet the specific criteria of hate speech which requires an attack based on protected characteristics.",,
83946,img/83946.png,1,when a white kid shoots up the school the same day you planned to bomb it,0.95,1,hateful,"The meme employs the 'First World Problems' template to make a joke about the inconvenience of a white school shooter occurring on the same day a Muslim viewer supposedly planned to bomb the school. This content relies on and reinforces a harmful stereotype that associates the Muslim religion and ethnicity with terrorism and violent extremism. By suggesting the viewer's identity or religion equates to being a terrorist who plots to bomb schools, the meme attacks and dehumanizes a protected group based on their religion and perceived nationality.",,
16420,img/16420.png,0,abnormal vs normal,0.85,1,hateful,"The meme depicts individuals from the early 20th century with physical differences (extreme height and dwarfism) labeled as 'abnormal vs normal.' By labeling individuals with physical differences as 'abnormal,' the meme promotes a message of inferiority and exclusion based on physical characteristics or disability, which falls under the definition of attacking people based on protected characteristics.",,
72864,img/72864.png,1,traveling through chimney,0.15,0,non-hateful,"The meme juxtaposes Santa Claus with a group of Orthodox Jewish men walking away, using the phrase 'traveling through chimney'. While this creates a contrast between the holiday imagery and the lifestyle of the religious group shown, it functions as cultural commentary or irony rather than an attack. It does not use dehumanizing language, promote violence, or express hatred towards the Jewish people based on their religion.",,
61038,img/61038.png,0,no wonder why the pipes are not working,0.99,1,non-hateful,"The meme displays a broken concrete pipe with the text 'no wonder why the pipes are not working'. It presents a literal observation about infrastructure failure using sarcasm/humor. There is no attack, dehumanization, or derogatory reference to any protected group or individual.",,
47056,img/47056.png,1,illegal aliens are not welcome,0.99,1,hateful,"The text 'illegal aliens are not welcome' explicitly promotes exclusion and hostility towards individuals based on their immigration status, which is a protected characteristic under the provided definition. The image reinforces this by depicting the detention and deportation of migrants.",,
82437,img/82437.png,1,we should learn from ocean how to treat refugees,0.95,1,hateful,"The meme uses a double entendre to dehumanize refugees. The word 'ocean' refers to both the water in the image (which is washing away a dirty shoe) and the Organization of American States (OAS). The text suggests following the OAS's approach to refugees, which the image implies is to wash them away or treat them like unwanted debris, effectively advocating for exclusion and dehumanization based on immigration status.",,
41890,img/41890.png,1,house of pedophile,0.95,1,hateful,"The text labels the Vatican, a central institution of the Catholic Church, as the 'house of pedophile'. This serves as a direct attack and dehumanization of the Catholic faith and its members by associating the entire religious institution with a crime, fulfilling the criteria for hate speech against a religious group.",,
90236,img/90236.png,0,voila! fresh batch of baked goods !,0.01,0,non-hateful,"The image depicts a Black man dressed professionally in a chef's kitchen holding a tray of baked goods with a proud and welcoming demeanor. The text 'voila! fresh batch of baked goods !' is a straightforward presentation of his work. There are no attacks, stereotypes, or derogatory references targeting the individual based on his race or any other protected characteristic. The content appears to be a positive representation or a generic humorous meme unrelated to hate speech.",,
93620,img/93620.png,1,in other countries in pakistan,0.85,1,hateful,"The meme juxtaposes a loving couple with a man kissing a goat, labeling the latter as occurring in Pakistan. This relies on a stereotype of animal abuse or bestiality to dehumanize and mock people based on their nationality. It uses shock value and ridicule to imply inferiority or barbarity associated with the country.",,
41382,img/41382.png,0,"they want to be accepted for who they are, yet theren't able to accept themselves for who they are",0.02,0,non-hateful,"The meme uses a humorous double entendre comparing a wasp to a 'whistleblower' (implying the text refers to the word 'wasp' being hidden in 'whistleblower'). While the term WASP (White Anglo-Saxon Protestant) is an ethnic/religious category, the text expresses a general sentiment about identity and self-acceptance ('accepted for who they are') without attacking, dehumanizing, or promoting harm against this specific group. It is a non-targeted pun.",,
95640,img/95640.png,1,syrian rape survivor speaks out,0.95,1,hateful,"The meme uses the phrase 'syrian rape survivor speaks out' as a caption for a goat screaming, which dehumanizes the victim and mocks a traumatic event. By implying that a human survivor's testimony is merely an animalistic noise, it ridicules the suffering of a person based on their nationality and experience of gender-based violence, constituting a dehumanizing attack.",,
62504,img/62504.png,0,we've taken this country! now fuck off! we're taking it back!,0.01,0,non-hateful,"The meme is a parody of the 'We've taken this crap for too long' format, substituting a Dalek from Doctor Who. It uses science fiction imagery to make a joke about reclaiming something, but it does not attack, dehumanize, or target any people based on protected characteristics such as race, religion, or gender.",,
72048,img/72048.png,1,hurry up barack will be home soon,0.98,1,hateful,"The meme compares Michelle Obama to a gorilla, combining an image of her with an image of apes and text implying her husband is a primate. This utilizes a long-standing racist trope to dehumanize African Americans and attack them based on their race.",,
41796,img/41796.png,0,nein danke i'm very happy with my gas supplier,0.01,0,non-hateful,"The meme depicts a customer service scenario with text in German and English stating a refusal to switch providers because the user is happy with their current gas supplier. The content is neutral and does not contain any attacks, dehumanization, or discriminatory language against any protected group.",,
42903,img/42903.png,0,those stupid basterds thought it was a real shower,0.01,0,non-hateful,"The meme contains profanity ('basterds') and depicts a scenario involving public nudity or inappropriate behavior. However, it does not target or attack any individual or group based on protected characteristics such as race, religion, gender, or disability. The sentiment is negative and the content is rude, but it does not meet the specific criteria for hate speech.",,
57369,img/57369.png,0,lose 15 lbs with this 1 simple trick photoshop,0.01,0,non-hateful,"The meme makes a joke about body modification and the use of image editing software ('Photoshop') to appear slimmer. It relies on incongruity between the 'natural trick' expectation and the digital manipulation punchline. It does not attack, dehumanize, or discriminate against any protected group based on characteristics such as race, religion, gender, or disability.",,
56980,img/56980.png,0,coffee isn't helping get the jumper cables,0.0,0,non-hateful,"The meme depicts a tired dog with text expressing extreme exhaustion ('coffee isn't helping get the jumper cables'). This is a humorous exaggeration of fatigue, comparing the subject to a dead battery. It does not contain any attacks, dehumanizing language, or references to protected characteristics such as race, religion, or gender.",,
96284,img/96284.png,1,welcome to melbourne,0.05,0,non-hateful,"The meme juxtaposes a photo of armed militants with the caption 'welcome to melbourne'. The humor is derived from the extreme incongruity and shock value of suggesting that Melbourne is as dangerous or war-torn as the location in the image. While the content is offensive, shocking, and negatively stereotypes the city's safety, it does not attack, dehumanize, or promote harm against any specific protected group based on characteristics such as race, religion, or nationality.",,
75918,img/75918.png,0,a picture of my great great great grand grandfather's tractors they don't make them like they used to,0.0,0,non-hateful,"The meme features a historical photograph of a tractor and text expressing nostalgia that older machinery was built better. It does not contain any attacks on people based on protected characteristics, nor does it promote hate or violence against any group.",,
10386,img/10386.png,1,the book about terrorism,0.99,1,hateful,"The meme explicitly equates the Quran with 'terrorism'. This constitutes a direct attack on people based on their religion, a protected characteristic. It endorses a harmful and dehumanizing stereotype that generalizes a religious group's sacred text as a source of violence.",,
74906,img/74906.png,1,are you a boy or a girl i'm non binary,0.05,0,non-hateful,"The meme uses the visual trope of a person in a wheelchair falling over to make a pun on the terms 'binary' and 'non-binary'. While the imagery depicts a disabled person in a compromising position which could be considered insensitive or mocking of people with disabilities, the primary intent appears to be a wordplay joke about gender identity rather than a direct attack, dehumanization, or endorsement of harm against a protected group. It does not meet the strict threshold of hate speech as it lacks a message of inferiority or explicit malice.",,
63745,img/63745.png,1,we could destroy all of them but we let some of them survive so you know why we did it,0.99,1,hateful,"The meme uses imagery of the Nazi regime and text referencing the systematic destruction and selective survival of victims to 'justify' actions. This content trivializes the Holocaust, a historical genocide targeting protected groups (Jews, Roma, etc.), and evokes pain by justifying mass murder based on ethnicity and religion.",,
19730,img/19730.png,1,jamal is practicing for class sport,0.0,0,non-hateful,"The meme uses dark humor to depict a child with a weapon. While the image is disturbing and depicts child soldiers (a serious humanitarian issue), and the text is offensive for trivializing this reality, neither the image nor the text attacks, dehumanizes, or promotes harm against a protected group based on ethnicity, race, religion, or other specified characteristics.",,
37160,img/37160.png,0,"best gamer ever 6 million kills, 1 death""",0.01,0,non-hateful,"The meme depicts a person gaming with exaggerated statistics, serving as a humorous exaggeration of gaming prowess. It does not contain any attacks, derogatory language, or references to protected groups such as race, religion, or gender.",,
93541,img/93541.png,0,the jihad squad,0.95,1,hateful,"The meme displays a photograph of armed individuals posing with a flag associated with ISIS (a violent extremist organization) and a corpse. The text labels this group 'the jihad squad.' By glorifying, normalizing, or expressing allegiance to a group defined by its violent jihad against targeted groups, the content promotes hate-based ideology and the group's associated violence.",,
30642,img/30642.png,0,rabbi sitting in synagogue chillin and doing his thing,0.01,0,non-hateful,"The meme depicts a rabbi in a synagogue using casual slang ('chillin and doing his thing'). There is no hate speech, attack, dehumanization, or exclusion of a protected group present in the image or text.",,
35470,img/35470.png,0,can you smell what the reigh is cooking,0.99,1,non-hateful,"The meme contains a grammatical error ('reigh' instead of 'chef') and depicts a woman cooking in a kitchen. There is no attack, dehumanization, or slur directed at any protected group or individual. The content is benign.",,
12067,img/12067.png,0,pre-heat to 350 degrees,0.0,0,non-hateful,"The meme shows two children baking cookies with the text 'pre-heat to 350 degrees'. The content is lighthearted and relates to a cooking instruction. There are no attacks, dehumanizing language, or references to protected characteristics (such as race, religion, gender, etc.). The affective properties are positive and motivational (baking), with no offensive or harmful intent.",,
95176,img/95176.png,0,notice how the kenyan skidmark has been silent about the mueller report?,0.95,1,hateful,"The meme uses a racial slur ('kenyan') and an objectifying term ('skidmark') to dehumanize Barack Obama, referencing his birthplace to imply foreignness or inferiority, which constitutes a hateful attack based on race and nationality.",,
48792,img/48792.png,0,leaving a trail of death and destruction,0.98,1,hateful,"The meme depicts Adolf Hitler, the historical figure responsible for the Holocaust. The text 'leaving a trail of death and destruction' explicitly evokes the pain and violence associated with his regime and the systematic murder of millions based on race, religion, and other protected characteristics.",,
95173,img/95173.png,0,take the third reich and then the first left?,0.05,0,non-hateful,"The meme uses a play on words comparing the 'Third Reich' with 'first left' as a political joke. It does not contain attacks on people based on protected characteristics such as race, religion, or ethnicity, nor does it promote violence or dehumanization.",,
56413,img/56413.png,1,feeling cute might shoot a darkie later idk,1.0,1,hateful,"The meme contains text using a racial slur and explicitly threatens to 'shoot' a person identified by that slur, which constitutes hate speech by endorsing violence against a protected group.",,
52104,img/52104.png,0,"lebanon: before islam after islam but don't worry! after islam takes over, there'll be a golden age... apparently",0.2,0,non-hateful,"The meme utilizes sarcasm to critique the 'golden age' narrative often associated with the early Islamic period by juxtaposing it with images of modern Lebanon. It expresses a negative sentiment toward the religious concept or historical era rather than attacking, dehumanizing, or threatening individuals based on their religion or ethnicity.",,
75142,img/75142.png,0,"you should treat that the way you treat your vacuum cleaner, when it stops sucking change the bag",0.95,1,non-hateful,"The meme contains a pun comparing how one treats a vacuum cleaner to how one should treat an unspecified entity (implied by the setup, but left ambiguous), focusing on changing the 'bag' when performance drops. There is no reference to any person or group based on protected characteristics such as race, gender, religion, or disability. The humor derives from wordplay and visual incongruity (messy floor vs. vacuum), which does not constitute hate speech or targeted harassment.",,
82590,img/82590.png,1,burning them was a great public service,1.0,1,hateful,"The meme features an image of emaciated concentration camp survivors, representing a targeted group of victims of the Holocaust. The text claims that 'burning them' was a 'great public service.' This combines a historical image of Jewish victims with text that glorifies their genocide, explicitly endorsing harm and dehumanizing a group based on their religion and ethnicity.",,
83045,img/83045.png,1,"so much trash, we need a garbage collector",0.05,0,non-hateful,"The meme displays a group of female politicians and overlays text suggesting they are 'trash' and need a 'garbage collector'. While the sentiment is negative and the language is derogatory, it attacks the subjects' professional performance or character rather than targeting them based on protected characteristics such as race, ethnicity, or religion. Therefore, it is considered general political offense/insult rather than hate speech.",,
29873,img/29873.png,1,who knew that this country is full of white trash,0.98,1,hateful,"The meme uses the dehumanizing slur 'white trash' to describe the people in the crowd. By labeling an ethnic group as 'trash', it constitutes a statement of inferiority and dehumanizes a protected group based on race and class.",,
13750,img/13750.png,0,wouldn't be the last time those people used the oven this way,0.01,0,non-hateful,"The meme depicts a cooking mishap and expresses frustration about oven usage, but it does not attack, dehumanize, threaten, exclude, or humiliate any group based on protected characteristics such as race, religion, gender, or disability.",,
68257,img/68257.png,0,everyone is afraid of dark,0.01,0,non-hateful,"The image depicts a dark alleyway with the text 'everyone is afraid of dark'. This is a general statement regarding a common phobia or feeling and does not target any protected group based on race, religion, nationality, or other characteristics defined in the hate speech definition.",,
85761,img/85761.png,1,no wonder why the pipes are not working,0.0,0,non-hateful,"The meme depicts a pipe on a beach with text complaining about pipes not working. It contains no attacks, dehumanizing language, or targeting of any protected group based on race, religion, nationality, or other characteristics. It is a literal complaint about infrastructure.",,
68253,img/68253.png,1,free blanket maybe white man not so bad after all,0.1,0,non-hateful,"The meme depicts a dog wearing a Native American headdress with a stereotypical caption. While this relies on racial stereotypes and caricature of Indigenous people, it frames the subject positively as appreciating a gift ('free blanket'). It does not contain direct attacks, dehumanization, calls for violence, or statements of inferiority against the protected group.",,
69512,img/69512.png,0,happy birthday you sexy beast,0.01,0,non-hateful,"The meme features musician Carl Wilson in a festive outfit with the text 'happy birthday you sexy beast'. The content appears to be a birthday greeting or affectionate compliment directed at the individual. It does not attack, dehumanize, or exclude anyone based on protected characteristics such as race, religion, or gender.",,
93051,img/93051.png,0,and for my next class project!,0.99,1,non-hateful,"The meme features children working together on a science project. The text and image depict a positive, educational, and cooperative scenario. There is no attack, dehumanization, exclusion, or hostility directed at any protected group.",,
19530,img/19530.png,1,they shot the wrong gorilla,0.98,1,hateful,"The meme compares Michelle Obama to a gorilla, using racial stereotypes to dehumanize her. This constitutes a direct attack based on race and a statement of inferiority by associating her with an animal, which is a common trope in racist rhetoric.",,
85679,img/85679.png,1,mr obama it is an honor,0.95,1,non-hateful,"The meme refers to a public figure using an animal image with the caption 'it is an honor', which can be interpreted as disrespectful or mocking. However, it does not target the figure based on a protected characteristic (such as race, religion, or ethnicity) nor does it endorse violence or dehumanization as defined by hate speech.",,
51807,img/51807.png,0,are you a boy or a girl i'm non binary,0.05,0,non-hateful,"The meme depicts a person responding to a binary gender question by stating their identity as non-binary. The content promotes self-identification and challenges binary categorization without using language that attacks, dehumanizes, humiliates, or excludes any group based on protected characteristics.",,
18742,img/18742.png,0,i'm proud of it! come at me!,0.99,1,non-hateful,"The meme features a person wearing a shirt declaring 'YES I'M A FEMINIST' with the added captions 'i'm proud of it!' and 'come at me!'. This represents an expression of political identity and defiance. It does not attack, dehumanize, threaten, or exclude any group based on protected characteristics.",,
76921,img/76921.png,1,she probably asked a wrong question,0.01,0,non-hateful,"The meme depicts a humorous, relatable scenario of domestic relationship conflict where a partner is playfully threatened for 'asking the wrong question.' It does not target any protected group based on characteristics like gender, race, or religion, nor does it contain hate speech, dehumanization, or calls for violence.",,
51607,img/51607.png,1,49 people were killed at christchurch muslim 49 people were killed at christchurch mosques muslim,0.01,0,non-hateful,"The meme utilizes a bait-and-switch format to highlight the omission of the word 'mosques' in the top panel, contrasting it with the full context in the bottom panel. This juxtaposition critiques the insensitivity or lack of awareness in the initial statement regarding a tragic event targeting a specific religious group. It does not attack, dehumanize, or endorse harm against Muslims; rather, it points out a failure to acknowledge their identity in the context of the tragedy.",,
26439,img/26439.png,0,parental opioid use has negative effect on children's intelligence,0.01,0,non-hateful,"The meme makes a claim about the negative health effects of parental opioid use on children. While the content involves drug use and presents a negative outcome, it does not attack, dehumanize, or exclude people based on protected characteristics such as race, religion, gender, or disability. It does not meet the criteria for hate speech.",,
97305,img/97305.png,1,when your wife just died giving birth to your daughter and you're alone in the room with your naked just born daughter,0.95,1,hateful,"The meme utilizes a template of an Arab man celebrating to make a crude joke about a father finding his naked daughter attractive following his wife's death. This relies on a negative stereotype regarding pedophilia or incestuous attraction specific to Arab men, mocking the ethnicity and dehumanizing the group by attributing repulsive behaviors to them based on their nationality or race.",,
12650,img/12650.png,1,which one has tranny problems?,0.98,1,hateful,"The meme uses a racial slur associated with Black people (""tranny"") to label the subjects, attacking them based on race and gender identity. This constitutes hate speech.",,
50241,img/50241.png,1,"bitches be like no weave, no makeup, no lashes, no eyebrows",0.05,0,non-hateful,"The meme uses a fictional character from the Lord of the Rings franchise to mock the appearance of people who wear hair weave, specifically referencing the lack of facial hair (eyebrows) and makeup. While the term 'bitches' is a slur, in this specific context, it is used colloquially to refer to women within the context of beauty standards and styling mistakes. The joke is self-deprecating regarding the character's appearance rather than an attack on a real-world protected group based on race, ethnicity, gender, or other characteristics. It does not promote violence, segregation, or inherent inferiority of a protected class.",,
82509,img/82509.png,0,72 virgins are ready to get fucked up,0.98,1,hateful,"The meme combines an image of women on a runway with the text '72 virgins are ready to get fucked up.' The phrase '72 virgins' is a direct reference to a religious belief regarding Paradise in Islam, and the explicit sexual language ('get fucked up') acts as a dehumanizing attack on women by reducing them to sexual objects to be consumed. This constitutes hate speech targeting a religion and sex/gender.",,
74350,img/74350.png,1,a head diaper is required when you have shit for brains,0.95,1,hateful,The meme uses a derogatory phrase ('shit for brains') to imply intellectual inferiority and suggests a dehumanizing physical consequence ('head diaper') directed at a woman wearing a hijab. This attacks the subject based on religion and gender.,,
91763,img/91763.png,1,imagine being so disgusting there have to be laws to try to stop normal people from hating you,0.98,1,hateful,"The meme targets a person based on their religion (Judaism) by explicitly referencing their attire and identity. It employs hate speech criteria by expressing statements of inferiority ('so disgusting') and promoting exclusion/segregation ('laws to try to stop normal people from hating you'), suggesting the target is worthy of hatred and should be kept away from society.",,
6352,img/06352.png,0,"and then i asked mom, can we go play?",0.01,0,non-hateful,"The meme features a child on a bicycle asking a question about playing. The text and image contain no attacks, derogatory language, or harmful stereotypes targeting protected groups. The content is a generic internet meme expressing a common childhood desire and does not meet the criteria for hate speech.",,
